player_id,short_name,long_name,player_positions,overall,age,dob,league_id,league_name,club_team_id,club_name,nationality_name,international_reputation,attacking_crossing,attacking_finishing,attacking_heading_accuracy,attacking_short_passing,skill_dribbling,skill_long_passing,skill_ball_control,movement_acceleration,movement_sprint_speed,movement_agility,movement_reactions,power_shot_power,power_jumping,power_stamina,power_strength,mentality_interceptions,mentality_positioning,mentality_vision,mentality_composure,defending_marking_awareness,defending_standing_tackle,defending_sliding_tackle,goalkeeping_diving,goalkeeping_handling,goalkeeping_kicking,goalkeeping_positioning,goalkeeping_reflexes
252371,J. Bellingham,Jude Victor William Bellingham,"CAM, CM",90,22,29-06-2003,53,La Liga,243,Real Madrid,England,5,66,88,75,90,91,89,91,81,80,83,91,86,85,94,80,82,91,90,90,77,79,77,14,11,10,5,8
239053,F. Valverde,Federico Santiago Valverde Dipetta,"CM, CDM, RB",89,26,22-07-1998,53,La Liga,243,Real Madrid,Uruguay,4,78,80,63,88,84,88,88,84,92,77,89,91,82,93,82,86,86,86,84,82,87,86,6,10,6,15,8
212622,J. Kimmich,Joshua Walter Kimmich,"CDM, RB, CM",89,30,08-02-1995,19,Bundesliga,21,FC Bayern München,Germany,4,92,68,72,89,82,92,86,75,70,83,89,78,77,92,69,85,78,86,86,82,86,85,8,15,7,15,15
235212,A. Hakimi,Achraf Hakimi Mouhأشرف حكيمي,"RB, RM",89,26,04-11-1998,16,Ligue 1,73,Paris Saint-Germain,Morocco,4,85,80,71,86,82,73,85,89,95,81,90,82,84,95,72,85,84,78,84,82,85,79,10,8,14,6,8
224232,N. Barella,Nicolò Barella,CM,87,28,07-02-1997,31,Serie A,44,Inter,Italy,4,79,77,60,89,84,87,87,82,78,91,91,80,75,89,66,85,84,85,88,80,85,80,11,5,13,14,11
208128,H. Çalhanoğlu,Hakan Çalhanoğlu,"CDM, CM",86,31,08-02-1994,31,Serie A,44,Inter,Türkiye,4,78,75,65,90,78,89,87,74,68,83,87,87,73,81,65,82,73,89,85,81,85,80,9,14,11,6,10
226268,F. Dimarco,Federico Dimarco,"LB, LM",85,27,10-11-1997,31,Serie A,44,Inter,Italy,3,87,74,69,84,79,83,86,83,78,84,83,81,81,84,72,80,83,80,78,81,81,79,9,8,12,7,7
239837,A. Mac Allister,Alexis Mac Allister,"CM, CDM",87,26,24-12-1998,13,Premier League,9,Liverpool,Argentina,4,79,79,65,88,84,87,86,68,64,82,89,88,72,87,69,80,78,86,86,78,83,74,7,10,14,15,10
231866,Rodri,Rodrigo Hernández Cascante,"CDM, CM",90,29,22-06-1996,13,Premier League,10,Manchester City,Spain,5,76,74,81,93,84,91,90,65,65,66,93,92,83,91,83,84,76,84,93,88,87,82,10,10,7,14,8
194765,A. Griezmann,Antoine Griezmann,"ST, LM, CAM",85,34,21-03-1991,53,La Liga,240,Atlético Madrid,France,4,82,86,79,86,86,83,90,80,75,88,87,85,84,77,70,59,87,86,88,45,63,64,14,8,14,13,14
232656,T. Hernández,Theo Bernard François Hernández,"LB, LM",84,27,06-10-1997,350,Pro League,605,Al Hilal,France,3,84,71,76,81,83,70,84,88,92,83,83,86,90,87,80,78,80,75,80,76,84,76,12,10,7,7,7
212198,Bruno Fernandes,Bruno Miguel Borges Fernandes,"CAM, CM",87,30,08-09-1994,13,Premier League,11,Manchester United,Portugal,4,85,80,63,90,82,90,87,68,66,78,90,86,69,95,61,63,86,92,85,62,71,66,12,14,15,8,14
246191,J. Alvarez,Julián Álvarez,ST,87,25,31-01-2000,53,La Liga,240,Atlético Madrid,Argentina,4,77,88,78,83,87,78,88,86,85,87,88,88,86,85,72,52,88,83,86,60,55,46,6,10,8,15,6
231281,T. Alexander-Arnold,Trent John Alexander-Arnold,"RB, RM",86,26,07-10-1998,53,La Liga,243,Real Madrid,England,4,93,64,69,87,79,91,85,72,79,73,85,85,75,89,68,84,79,88,82,78,82,79,14,15,14,6,7
244675,Sancet,Oihan Sancet Tirapu,"CAM, CM, ST",84,25,25-04-2000,53,La Liga,448,Athletic Club,Spain,3,75,85,82,84,85,80,85,74,77,84,84,83,88,86,80,71,85,84,85,67,70,60,15,11,6,15,7
210008,A. Rabiot,Adrien Rabiot-Provost,"CAM, CM",83,30,03-04-1995,31,Serie A,47,AC Milan,France,3,78,79,83,85,81,80,84,75,86,69,84,83,90,94,82,78,88,84,85,72,79,74,9,12,9,7,15
212616,R. De Paul,Rodrigo Javier de Paul,"CM, CDM, CAM",84,31,24-05-1994,39,Major League Soccer,112893,Inter Miami,Argentina,3,78,75,58,85,84,84,85,74,76,77,81,82,76,88,79,80,79,85,81,76,80,75,13,12,10,7,14
241096,S. Tonali,Sandro Tonali,"CDM, CM",86,25,08-05-2000,13,Premier League,13,Newcastle United,Italy,3,78,69,70,86,78,83,85,78,79,76,84,85,83,83,82,84,76,79,84,81,84,81,13,9,8,7,7
226161,Marcos Llorente,Marcos Llorente Moreno,"RB, CM, RM",84,30,30-01-1995,53,La Liga,240,Atlético Madrid,Spain,3,76,80,67,81,81,80,82,87,91,83,81,84,84,92,77,80,79,79,79,77,82,74,13,6,6,11,15
209658,L. Goretzka,Leon Christoph Goretzka,"CM, CDM, CAM",82,30,06-02-1995,19,Bundesliga,21,FC Bayern München,Germany,3,74,76,84,85,80,84,82,72,81,74,85,83,84,69,87,85,84,79,82,75,83,75,13,8,15,11,9
255253,Vitinha,Vítor Machado Ferreira,"CM, CDM, CAM",89,25,13-02-2000,16,Ligue 1,73,Paris Saint-Germain,Portugal,4,78,80,52,90,91,89,88,75,69,91,88,77,66,87,59,85,81,90,88,74,79,69,12,13,8,5,5
209331,M. Salah,Mohamed Salah Hamed Ghalyمحمد صلاح,"RM, RW",91,33,15-06-1992,13,Premier League,9,Liverpool,Egypt,5,86,94,59,88,90,81,90,88,89,86,94,83,79,88,75,55,93,89,93,38,43,41,14,14,9,11,14
204923,M. Sabitzer,Marcel Sabitzer,"CDM, CM",80,31,17-03-1994,19,Bundesliga,22,Borussia Dortmund,Austria,3,77,76,62,82,78,80,82,76,72,77,83,87,71,78,75,80,78,79,83,79,75,77,11,13,14,15,13
234378,D. Rice,Declan Rice,"CDM, CM",87,26,14-01-1999,13,Premier League,1,Arsenal,England,4,88,64,72,86,82,86,84,71,73,63,85,87,80,92,78,86,77,79,86,81,86,85,8,11,14,5,9
210514,João Cancelo,João Pedro Cavaco Cancelo,"RB, LB, RM",84,31,27-05-1994,350,Pro League,605,Al Hilal,Portugal,3,86,69,72,86,85,79,86,88,78,79,84,80,82,88,65,79,81,85,85,75,81,77,6,9,15,14,14
228702,F. de Jong,Frenkie de Jong,"CM, CDM",87,28,12-05-1997,53,La Liga,241,FC Barcelona,Netherlands,4,78,75,72,90,86,87,88,80,83,87,87,68,82,87,73,82,78,88,90,76,78,77,7,13,10,10,9
240638,T. Reijnders,Tijjani Martinus Jan Reijnders Lekatompessy,"CM, CDM, CAM",86,26,29-07-1998,13,Premier League,10,Manchester City,Netherlands,4,73,78,61,87,84,84,88,83,75,82,85,85,77,92,69,80,86,84,84,78,80,72,6,10,9,14,9
236772,D. Szoboszlai,Dominik Szoboszlai,"CAM, CM",83,24,25-10-2000,13,Premier League,9,Liverpool,Hungary,3,83,79,65,85,83,83,84,76,81,78,83,89,76,89,69,67,83,83,82,65,72,63,10,10,13,10,6
233419,Raphinha,Raphael Dias Belloli,"LM, LW",89,28,14-12-1996,53,La Liga,241,FC Barcelona,Brazil,4,86,87,74,85,88,80,88,90,91,88,87,83,82,91,65,56,89,87,85,49,54,38,8,7,13,8,14
246669,B. Saka,Bukayo Saka,"RW, RM",88,23,05-09-2001,13,Premier League,1,Arsenal,England,4,90,84,49,85,89,77,88,87,81,85,88,79,72,86,68,62,86,86,82,60,62,60,7,8,13,9,13
223848,S. Milinković-Savić,Sergej Milinković-SavićСергеј Милинковић-Савић,"CM, CDM, CAM",84,30,27-02-1995,350,Pro League,605,Al Hilal,Serbia,3,71,81,86,82,84,86,87,60,64,58,80,82,88,92,90,76,83,84,84,77,76,80,7,10,7,16,7
251854,Pedri,Pedro González López,"CM, CDM, CAM",89,22,25-11-2002,53,La Liga,241,FC Barcelona,Spain,4,76,77,50,90,91,88,91,79,76,89,87,68,72,90,73,87,86,91,90,74,85,79,12,7,11,8,8
247851,Bruno Guimarães,Bruno Guimarães Rodrigues Moura,"CM, CDM",86,27,16-11-1997,13,Premier League,13,Newcastle United,Brazil,4,76,73,66,88,86,88,86,66,66,73,85,76,75,90,76,82,77,86,88,78,82,81,7,11,15,11,11
231443,O. Dembélé,Masour Ousmane Dembélé,"ST, RW, CAM",90,28,15-05-1997,16,Ligue 1,73,Paris Saint-Germain,France,5,80,90,74,89,94,78,94,93,89,94,91,91,84,76,69,45,95,84,88,49,49,39,6,6,14,10,13
272834,João Neves,João Pedro Gonçalves Neves,"CM, CDM",85,20,27-09-2004,16,Ligue 1,73,Paris Saint-Germain,Portugal,3,67,69,72,86,83,86,86,77,71,84,83,78,83,92,78,84,77,84,85,83,83,80,8,7,5,13,13
246104,R. Gravenberch,Ryan Jiro Gravenberch,"CDM, CM",85,23,16-05-2002,13,Premier League,9,Liverpool,Netherlands,3,74,78,67,86,88,82,87,76,76,76,84,79,81,85,80,88,75,81,88,80,82,78,12,8,6,11,12
231478,L. Martínez,Lautaro Javier Martínez,ST,88,27,22-08-1997,31,Serie A,44,Inter,Argentina,5,68,93,86,78,81,72,84,83,80,88,92,87,91,86,80,48,93,79,88,45,50,45,11,8,8,8,13
192883,H. Mkhitaryan,Henrikh Mkhitaryan,CM,83,36,21-01-1989,31,Serie A,44,Inter,Armenia,3,76,78,68,85,82,82,86,79,75,81,83,81,77,84,67,75,83,84,85,71,74,70,5,11,14,5,7
192985,K. De Bruyne,Kevin De Bruyne,"CM, CAM",87,34,28-06-1991,31,Serie A,48,Napoli,Belgium,4,93,78,55,92,85,93,89,65,66,68,89,90,70,66,74,65,81,92,87,65,70,55,15,13,5,10,13
240679,T. Koopmeiners,Teun Koopmeiners,"CAM, CM",81,27,28-02-1998,31,Serie A,45,Juventus,Netherlands,3,79,76,72,85,76,84,83,71,70,69,82,82,79,83,71,78,80,84,81,76,74,72,14,8,14,12,10
247635,K. Kvaratskhelia,Khvicha Kvaratskheliaხვიჩა კვარაცხელია,"LW, RW, LM",87,24,12-02-2001,16,Ligue 1,73,Paris Saint-Germain,Georgia,3,79,81,62,87,89,78,88,85,86,86,84,78,87,83,76,58,87,85,84,53,62,52,9,15,8,14,8
210035,Grimaldo,Alejandro Grimaldo García,"LM, LB, LW",84,29,20-09-1995,19,Bundesliga,32,Bayer 04 Leverkusen,Spain,3,91,67,62,86,84,86,86,76,68,84,85,84,68,91,54,79,78,85,83,76,75,69,7,13,10,7,13
238074,R. James,Reece James,RB,81,25,08-12-1999,13,Premier League,5,Chelsea,England,3,88,67,75,81,78,80,79,75,76,66,80,85,87,67,86,80,74,78,82,82,82,80,8,12,7,13,11
208574,F. Kostić,Filip KostićФилип Костић,"LM, LB, LW",81,32,01-11-1992,31,Serie A,45,Juventus,Serbia,3,87,71,59,80,81,79,81,79,84,76,77,85,78,78,77,69,78,78,82,70,74,72,13,14,12,12,13
238216,C. Gallagher,Conor Gallagher,"CM, CAM, LM",81,25,06-02-2000,53,La Liga,240,Atlético Madrid,England,3,75,74,66,83,78,81,80,72,77,73,82,81,79,93,78,80,82,80,81,79,81,79,7,6,15,9,9
225193,Mikel Merino,Mikel Merino Zazón,"CM, ST",83,29,22-06-1996,13,Premier League,1,Arsenal,Spain,3,77,80,87,84,82,80,84,64,63,63,84,85,85,82,78,83,81,80,81,78,82,76,9,12,9,13,14
247090,E. Fernández,Enzo Jeremías Fernández,"CM, CDM, CAM",84,24,17-01-2001,13,Premier League,5,Chelsea,Argentina,3,79,72,71,88,80,89,85,68,68,75,86,82,74,85,67,74,78,86,82,72,75,72,8,6,7,8,10
197445,D. Alaba,David Olatukunbo Alaba,"CB, LB, LM",82,33,24-06-1992,53,La Liga,243,Real Madrid,Austria,3,83,62,75,86,77,80,83,64,72,71,83,82,79,72,77,83,71,78,84,84,83,80,5,7,14,15,9
243576,Pedro Porro,Pedro Antonio Porro Sauceda,"RB, RM",82,25,13-09-1999,13,Premier League,18,Tottenham Hotspur,Spain,3,87,68,69,80,80,78,81,78,78,80,80,84,77,91,68,78,76,80,79,76,79,77,15,7,14,5,7
231747,K. Mbappé,Kylian Mbappé Lottin,"ST, LW, LM",91,26,20-12-1998,53,La Liga,243,Real Madrid,France,5,78,92,78,87,92,74,93,97,97,93,91,91,90,83,77,38,91,83,88,26,34,32,13,5,7,11,6
222665,M. Ødegaard,Martin Ødegaard,"CM, CAM",87,26,17-12-1998,13,Premier League,1,Arsenal,Norway,4,86,79,55,90,87,88,88,68,68,85,88,82,63,88,55,69,78,90,87,68,72,57,14,15,15,8,10
210411,Otávio,Otávio Edmilson da Silva Monteiro,"CAM, CM, RM",82,30,09-02-1995,350,Pro League,112391,Al Qadsiah FC,Portugal,3,79,71,65,83,86,82,85,81,76,85,84,73,76,86,65,66,80,85,81,69,76,65,11,12,9,10,15
237238,S. McTominay,Scott Francis McTominay,"CM, CAM, LM",85,28,08-12-1996,31,Serie A,48,Napoli,Scotland,3,66,84,81,84,84,81,85,70,80,55,86,86,86,92,82,81,87,79,80,78,81,75,9,6,6,10,11
202126,H. Kane,Harry Edward Kane,ST,89,31,28-07-1993,19,Bundesliga,21,FC Bayern München,England,5,80,93,90,86,80,79,87,62,66,67,94,91,87,76,86,42,94,86,92,46,44,38,8,10,11,14,11
248243,E. Camavinga,Eduardo Celmi Camavinga,"CM, CDM, LB",83,22,10-11-2002,53,La Liga,243,Real Madrid,France,3,77,64,64,86,84,84,86,81,80,82,82,75,82,84,79,82,73,83,84,76,82,81,12,6,8,12,12
224293,Rúben Neves,Rúben Diogo da Silva Neves,"CDM, CM",84,28,13-03-1997,350,Pro League,605,Al Hilal,Portugal,3,85,66,57,88,74,88,84,58,57,64,85,86,68,80,74,79,62,87,88,81,79,79,16,12,10,8,10
246863,F. Nmecha,Felix Kalu Nmecha,"CDM, CM",82,24,10-10-2000,19,Bundesliga,22,Borussia Dortmund,Germany,3,59,73,83,80,83,80,82,77,86,77,80,81,94,78,90,79,76,77,79,78,83,80,6,10,12,13,8
258648,Carlos Augusto,Carlos Augusto Zopalato Neves,"LB, CB, LM",81,26,07-01-1999,31,Serie A,44,Inter,Brazil,3,79,68,76,78,80,74,80,79,78,79,81,79,85,80,72,79,79,76,78,79,80,79,11,12,5,12,13
210881,J. McGinn,John McGinn,"LM, RM, CAM, LB",81,30,18-10-1994,13,Premier League,2,Aston Villa,Scotland,3,76,76,57,81,81,80,80,69,69,77,81,84,74,92,79,79,77,79,77,79,82,75,9,13,12,10,12
225201,Berenguer,Alejandro Berenguer Remiro,"LM, RM, CAM, LW",82,29,04-07-1995,53,La Liga,448,Athletic Club,Spain,3,81,79,73,80,84,73,83,85,84,87,79,78,79,80,59,65,82,77,83,65,65,61,14,16,8,6,13
208333,E. Can,Emre Can,"CB, CDM, CM",82,31,12-01-1994,19,Bundesliga,22,Borussia Dortmund,Germany,3,63,71,82,77,73,74,75,67,85,65,79,85,81,76,86,78,70,69,83,79,86,85,14,8,8,13,11
228251,L. Pellegrini,Lorenzo Pellegrini,"CAM, CM",80,29,19-06-1996,31,Serie A,52,Roma,Italy,3,74,76,74,84,78,80,84,76,74,79,79,79,81,77,70,69,77,83,78,73,74,72,12,7,10,13,11
240950,Pedro Gonçalves,Pedro António Pereira Gonçalves,"CAM, LM, CM",83,27,28-06-1998,308,Primeira Liga,237,Sporting CP,Portugal,3,83,84,59,85,84,80,84,79,76,82,83,78,72,81,62,71,85,84,85,63,65,48,15,11,15,7,8
223334,Joelinton,Joelinton Cassio Apolinário de Lira,"CM, LW, LM",82,28,14-08-1996,13,Premier League,13,Newcastle United,Brazil,3,73,75,82,84,83,79,83,69,78,68,85,84,90,89,90,84,79,80,83,79,84,77,9,13,8,13,13
252145,Nuno Mendes,Nuno Alexandre Tavares Mendes,"LB, LM",86,23,19-06-2002,16,Ligue 1,73,Paris Saint-Germain,Portugal,3,81,61,73,80,81,72,82,94,95,87,83,80,87,83,73,79,77,72,82,77,86,81,7,8,8,12,15
188545,R. Lewandowski,Robert Lewandowski,ST,88,36,21-08-1988,53,La Liga,241,FC Barcelona,Poland,5,76,92,87,84,84,70,88,73,74,77,89,89,91,76,89,49,90,81,87,35,42,19,15,6,12,8,10
247246,K. Thuram,Khéphren Thuram-Ulien,"CM, CDM",81,24,26-03-2001,31,Serie A,45,Juventus,France,3,72,77,76,83,81,80,83,76,80,75,79,79,87,81,79,81,78,78,82,80,84,75,7,9,14,11,9
181458,I. Perišić,Ivan Perišić,"RW, LW, RM",81,36,02-02-1989,10,Eredivisie,247,PSV,Croatia,3,84,78,77,82,78,77,83,74,76,73,80,85,84,76,75,69,84,79,84,68,69,65,6,7,10,9,6
243014,B. Mbeumo,Bryan Tetsadong Marceau Mbeumo,"RW, RM, ST",85,25,07-08-1999,13,Premier League,11,Manchester United,Cameroon,3,84,87,63,80,83,69,84,90,87,90,81,83,81,85,71,52,84,80,83,53,41,37,7,14,15,13,14
216393,Y. Tielemans,Youri Tielemans,"CM, CDM, CAM",85,28,07-05-1997,13,Premier League,2,Aston Villa,Belgium,3,80,77,70,87,79,88,86,51,57,62,85,85,68,87,69,75,77,87,88,74,77,80,6,8,10,14,12
256790,J. Musiala,Jamal Musiala,"CAM, LM, CM, ST",88,22,26-02-2003,19,Bundesliga,21,FC Bayern München,Germany,4,70,86,75,87,94,79,85,85,75,94,89,80,80,73,61,65,88,84,83,64,66,61,6,9,8,8,11
239231,Marc Cucurella,Marc Cucurella Saseta,LB,84,26,22-07-1998,13,Premier League,5,Chelsea,Spain,3,81,61,72,82,78,79,80,77,74,82,84,73,86,89,70,82,76,77,79,83,84,82,13,7,9,10,11
177003,L. Modrić,Luka Modrić,"CM, CAM, CDM",83,39,09-09-1985,31,Serie A,47,AC Milan,Croatia,3,86,68,55,87,84,86,88,72,65,89,79,79,66,69,58,75,76,88,91,70,70,72,13,9,7,14,9
230938,F. Kessié,Franck Yannick Kessié,"CDM, CM, CB",80,28,19-12-1996,350,Pro League,112387,Al Ahli SFC,Côte d'Ivoire,3,66,75,68,80,77,73,80,77,79,70,77,84,85,92,87,79,76,74,83,80,80,76,9,11,12,12,10
226226,G. Lo Celso,Giovani Lo Celso,"CAM, CM, CDM",82,29,09-04-1996,53,La Liga,449,Real Betis Balompié,Argentina,3,81,82,62,82,85,82,85,67,68,79,80,83,71,67,69,70,81,84,82,64,73,68,10,7,10,15,14
231913,F. Aursnes,Fredrik Aursnes,"CM, RB, RM, CAM",80,29,10-12-1995,308,Primeira Liga,234,SL Benfica,Norway,2,76,71,68,80,78,79,82,73,75,80,83,74,80,92,78,78,79,79,82,78,78,75,12,14,14,8,13
247394,D. Kulusevski,Dejan KulusevskiДејан Кулушевски,"CM, RW, CAM",83,25,25-04-2000,13,Premier League,18,Tottenham Hotspur,Sweden,3,84,82,52,86,88,78,86,77,72,77,87,78,75,91,80,65,83,86,85,62,66,58,14,5,10,10,5
218667,Bernardo Silva,Bernardo Mota Veiga de Carvalho e Silva,"CM, RM, CDM, CAM",84,30,10-08-1994,13,Premier League,10,Manchester City,Portugal,3,82,78,54,86,88,82,88,68,55,93,87,79,58,90,47,73,80,85,86,70,76,68,9,10,14,12,9
256630,F. Wirtz,Florian Richard Wirtz,"CAM, ST, CM",89,22,03-05-2003,13,Premier League,9,Liverpool,Germany,5,87,84,43,91,90,87,92,82,79,88,88,78,65,87,59,55,85,91,86,64,49,44,14,14,13,6,10
238744,W. McKennie,Weston James Earl McKennie,"CM, CDM, CAM",78,26,28-08-1998,31,Serie A,45,Juventus,United States,2,78,68,86,78,78,77,78,75,78,68,77,76,91,81,77,78,78,76,78,78,82,75,7,9,12,9,11
213666,R. Loftus-Cheek,Ruben Ira Loftus-Cheek,"CM, CAM",80,29,23-01-1996,31,Serie A,47,AC Milan,England,3,75,76,85,84,81,80,83,78,84,75,79,82,94,72,85,76,83,79,82,75,76,70,11,7,12,15,13
202648,Sergi Darder,Sergi Darder Moll,"LM, CM, CDM, LW",81,31,22-12-1993,53,La Liga,453,RCD Mallorca,Spain,3,74,75,60,84,81,82,80,78,77,79,79,81,78,82,75,74,78,83,84,74,76,74,8,9,9,8,12
219683,C. Tolisso,Corentin Tolisso,"CM, CDM, CAM",81,30,03-08-1994,16,Ligue 1,66,Olympique Lyonnais,France,3,67,74,80,82,75,83,80,64,72,62,82,86,83,82,78,79,82,80,79,74,79,75,7,10,14,9,14
216352,M. Brozović,Marcelo Brozović,"CDM, CM",81,32,16-11-1992,350,Pro League,112139,Al Nassr,Croatia,3,73,68,70,81,77,80,82,62,64,79,75,80,73,93,72,79,65,79,82,75,83,81,8,8,15,11,8
251479,M. De Cuyper,Maxim De Cuyper,"LB, RB, LM",80,24,22-12-2000,13,Premier League,1808,Brighton & Hove Albion,Belgium,1,85,70,65,78,78,79,80,78,75,79,77,78,76,87,67,75,75,81,82,76,76,75,11,8,7,7,8
251806,Q. Timber,Quinten Ryan Crispito Timber,"CM, CDM, CAM",80,24,17-06-2001,10,Eredivisie,246,Feyenoord,Netherlands,1,67,75,65,82,79,78,81,86,69,81,82,85,87,79,85,78,78,78,79,74,76,70,5,8,12,11,8
236499,Douglas Luiz,Douglas Luiz Soares de Paulo,"CM, CDM",80,27,09-05-1998,13,Premier League,14,Nottingham Forest,Brazil,3,81,70,62,81,79,81,84,69,66,74,77,79,70,75,65,76,76,84,84,76,78,72,12,6,13,10,7
215590,Ayoze,Ayoze Pérez Gutiérrez,"ST, CAM",83,31,29-07-1993,53,La Liga,483,Villarreal CF,Spain,3,80,86,81,84,84,75,83,87,86,80,83,81,85,70,60,49,86,82,81,61,61,42,12,12,11,14,8
234396,A. Davies,Alphonso Boyle Davies,"LB, LM",84,24,02-11-2000,19,Bundesliga,21,FC Bayern München,Canada,3,85,64,74,84,85,71,85,95,93,84,86,74,95,79,75,79,77,77,78,72,74,73,11,11,6,5,14
239807,D. Frattesi,Davide Frattesi,CM,81,25,22-09-1999,31,Serie A,44,Inter,Italy,3,67,79,71,84,82,79,83,84,80,78,83,76,81,80,64,74,85,83,81,70,77,72,5,10,8,11,10
227890,Nuno Santos,Nuno Miguel Gomes dos Santos,"LM, LB, LW",79,30,13-02-1995,308,Primeira Liga,237,Sporting CP,Portugal,3,79,79,59,75,80,73,80,81,78,76,78,86,75,77,69,70,80,76,74,73,70,64,14,7,8,9,15
236496,M. Guendouzi,Mattéo Elias Kenzo Guendouzi Olié,"CDM, CM",82,26,14-04-1999,31,Serie A,46,Lazio,France,3,71,73,69,85,78,81,84,69,74,83,81,75,73,90,67,80,74,83,82,76,79,72,6,13,6,13,11
256079,M. Caicedo,Moisés Isaac Caicedo Corozo,"CDM, CM",87,23,02-11-2001,13,Premier League,5,Chelsea,Ecuador,4,65,57,70,85,79,84,83,76,66,80,84,75,80,90,77,87,63,79,83,83,86,87,15,6,13,9,13
251517,J. Gvardiol,Joško Gvardiol,"LB, CB, LM",84,23,23-01-2002,13,Premier League,10,Manchester City,Croatia,3,73,68,80,81,78,76,80,77,79,68,85,81,88,81,80,84,69,70,81,84,85,84,5,8,6,9,11
227236,A. Zambo Anguissa,André-Frank Zambo Anguissa,"CM, CAM",82,29,16-11-1995,31,Serie A,48,Napoli,Cameroon,3,62,76,76,83,79,80,82,74,76,74,84,75,87,89,82,80,82,80,80,79,80,74,11,11,9,8,11
186345,K. Trippier,Kieran John Trippier,"RB, RM",80,34,19-09-1990,13,Premier League,13,Newcastle United,England,3,89,54,79,80,76,83,79,68,64,67,81,81,78,74,66,80,74,81,80,80,80,79,11,14,8,11,10
233927,Lucas Paquetá,Lucas Tolentino Coelho de Lima,"CM, LM, CAM",80,27,27-08-1997,13,Premier League,19,West Ham United,Brazil,3,74,78,68,80,86,80,85,69,67,75,79,77,75,76,73,71,77,80,86,67,73,63,14,9,12,11,11
244669,M. Hjulmand,Morten Blom Due Hjulmand,"CDM, CM",83,26,25-06-1999,308,Primeira Liga,237,Sporting CP,Denmark,3,72,76,68,81,76,80,80,69,71,70,81,82,79,91,81,83,78,82,82,79,82,78,11,6,10,11,6
232665,M. Arambarri,Mauro Wilney Arambarri Rosa,"CM, CDM",80,29,30-09-1995,53,La Liga,1860,Getafe CF,Uruguay,1,64,82,62,81,78,78,79,75,57,67,79,83,78,84,76,80,80,79,74,82,80,79,7,13,13,15,7
239085,E. Haaland,Erling Braut Håland,ST,90,24,21-07-2000,13,Premier League,10,Manchester City,Norway,5,58,94,83,77,79,66,82,79,92,71,93,94,92,76,93,43,95,74,86,38,47,29,7,14,13,11,7
226851,B. Pavard,Benjamin Pavard,CB,84,29,28-03-1996,16,Ligue 1,219,Olympique de Marseille,France,3,76,60,84,83,71,81,79,74,76,71,86,80,87,80,76,86,68,69,83,85,89,84,9,7,15,7,15
254243,E. Anderson,Elliot Junior Anderson,"CDM, CM",80,22,06-11-2002,13,Premier League,14,Nottingham Forest,England,1,79,66,76,82,82,79,81,75,68,76,80,74,84,86,73,78,76,79,80,75,79,77,6,12,5,10,7
181291,G. Wijnaldum,Georginio Gregion Emile Wijnaldum,"CAM, ST, CM",78,34,11-11-1990,350,Pro League,112096,Al Ettifaq,Netherlands,3,70,70,77,82,77,75,82,67,67,80,81,73,81,76,74,77,81,77,80,75,77,68,16,6,14,12,6
192638,Marcos Alonso,Marcos Alonso Mendoza,"CB, LB",79,34,28-12-1990,53,La Liga,450,RC Celta,Spain,2,83,70,79,82,76,76,77,58,56,63,79,82,80,74,76,81,77,76,79,80,80,79,9,7,13,9,12
228813,Aleix García,Aleix García Serrano,"CM, CDM",83,28,28-06-1997,19,Bundesliga,32,Bayer 04 Leverkusen,Spain,3,83,75,51,85,84,88,87,67,64,79,82,78,65,68,65,77,80,86,84,79,77,74,16,8,9,10,7
257279,Álex Baena,Alejandro Baena Rodríguez,"LM, ST, LW",84,23,20-07-2001,53,La Liga,240,Atlético Madrid,Spain,3,85,77,58,87,83,82,84,79,79,80,82,77,71,78,60,66,82,84,74,67,66,64,6,11,8,12,11
256853,M. Tillman,Malik Leon Tillman,"CAM, LW, CM",82,23,28-05-2002,19,Bundesliga,32,Bayer 04 Leverkusen,United States,3,69,75,73,80,83,75,84,83,84,83,81,77,88,76,82,66,78,79,78,60,67,59,9,11,11,12,9
231521,E. Palacios,Exequiel Alejandro Palacios,"CM, CDM",84,26,05-10-1998,19,Bundesliga,32,Bayer 04 Leverkusen,Argentina,3,70,74,67,86,82,84,84,72,53,78,85,81,74,68,67,86,79,83,83,80,84,80,10,5,8,9,6
251377,R. Zalazar,Rodrigo Zalazar Martínez,"CAM, CM, LM",79,25,12-08-1999,308,Primeira Liga,1896,Sporting Clube de Braga,Uruguay,1,74,80,54,80,75,81,81,77,82,85,75,88,71,84,68,72,78,80,78,67,69,62,7,7,9,5,12
204963,Carvajal,Daniel Carvajal Ramos,"RB, RM",85,33,11-01-1992,53,La Liga,243,Real Madrid,Spain,4,84,56,76,84,78,74,84,81,80,78,83,68,85,84,74,81,75,78,83,80,84,83,13,13,15,9,15
193747,Koke,Jorge Resurrección Merodio,"CM, CDM",81,33,08-01-1992,53,La Liga,240,Atlético Madrid,Spain,3,85,69,61,83,77,81,81,62,60,68,80,82,72,83,75,80,76,83,84,78,79,70,14,12,5,10,13
242280,L. Ferguson,Lewis Ferguson,"CM, CDM, CAM",78,25,24-08-1999,31,Serie A,189,Bologna,Scotland,1,67,78,76,79,78,76,81,72,72,78,72,78,81,77,70,74,84,76,75,67,76,68,6,11,6,14,14
262881,R. Ríos,Richard Rios Montoya,"CM, CDM",79,25,02-06-2000,308,Primeira Liga,234,SL Benfica,Colombia,1,74,67,52,80,82,78,83,83,80,84,83,78,78,88,79,68,62,78,80,74,79,71,9,10,14,6,10
217870,G. Di Lorenzo,Giovanni Di Lorenzo,"RB, CB, RM",83,31,04-08-1993,31,Serie A,48,Napoli,Italy,3,79,72,72,76,76,72,78,83,85,76,80,75,84,90,74,80,74,68,74,79,81,78,8,10,8,10,7
257534,C. Palmer,Cole Jermaine Palmer,"CAM, RM, ST",87,23,06-05-2002,13,Premier League,5,Chelsea,England,4,85,82,60,87,87,86,89,76,75,80,88,85,71,83,60,50,87,89,89,50,50,40,7,6,10,14,14
234060,Y. Herrera,Yangel Clemente Herrera Ravelo,"CM, CDM, CAM",81,27,07-01-1998,53,La Liga,457,Real Sociedad,Venezuela,3,67,75,81,83,81,81,82,66,65,71,80,82,86,79,81,80,79,81,74,80,81,80,6,7,9,14,8
261865,Miguel Gutiérrez,Miguel Gutiérrez Ortega,"LB, LM",81,23,27-07-2001,31,Serie A,48,Napoli,Spain,3,84,72,68,82,81,76,82,82,80,82,80,76,78,85,66,77,81,80,75,76,78,76,14,10,8,6,10
220651,Angeliño,José Ángel Esmoris Tasende,"LB, LM",79,28,04-01-1997,31,Serie A,52,Roma,Spain,3,86,68,63,82,78,80,83,77,62,84,77,82,71,87,56,75,78,78,80,76,75,74,13,6,13,13,13
266866,Éderson,Éderson José dos Santos Lourenço da Silva,CM,82,25,07-07-1999,31,Serie A,39,Atalanta,Brazil,3,70,72,65,84,81,82,84,78,78,69,80,78,80,89,77,83,74,80,84,80,84,75,14,10,12,13,13
206511,M. Arnold,Maximilian Arnold,"CDM, CM",79,31,27-05-1994,19,Bundesliga,175,VfL Wolfsburg,Germany,2,69,74,58,82,76,83,79,63,64,69,81,91,70,78,74,77,75,78,79,78,76,72,11,9,11,10,10
236015,M. Gibbs-White,Morgan Anthony Gibbs-White,"CAM, ST",82,25,27-01-2000,13,Premier League,14,Nottingham Forest,England,3,80,77,60,84,83,83,85,76,75,83,82,79,74,80,68,60,80,84,84,60,60,57,7,7,14,15,11
222077,M. Locatelli,Manuel Locatelli,"CDM, CM",84,27,08-01-1998,31,Serie A,45,Juventus,Italy,3,73,58,68,85,76,84,81,61,65,65,82,79,72,89,71,81,68,82,82,82,85,80,11,12,11,10,15
233096,D. Dumfries,Denzel Justus Morris Dumfries,"RB, RM",84,29,18-04-1996,31,Serie A,44,Inter,Netherlands,3,82,75,85,80,80,74,82,78,88,69,83,74,91,88,81,78,82,67,78,79,79,77,10,10,7,13,14
200458,L. Digne,Lucas Digne,"LB, LM",80,31,20-07-1993,13,Premier League,2,Aston Villa,France,2,86,60,73,78,76,73,77,70,68,72,80,81,77,80,69,77,73,75,79,77,79,78,6,12,9,6,13
212242,R. Andrich,Robert Andrich,"CDM, CM, CB",81,30,22-09-1994,19,Bundesliga,32,Bayer 04 Leverkusen,Germany,3,71,74,74,79,74,78,76,59,56,63,82,84,80,67,84,85,68,73,75,85,83,77,7,9,10,13,15
241637,A. Tchouaméni,Aurélien Djani Tchouameni,"CDM, CM, CB",84,25,27-01-2000,53,La Liga,243,Real Madrid,France,3,68,65,75,85,78,84,81,73,70,72,82,78,84,83,82,83,74,81,82,81,83,80,9,8,12,12,7
215441,S. Guirassy,Serhou Yadaly Guirassy,ST,87,29,12-03-1996,19,Bundesliga,22,Borussia Dortmund,Guinea,4,65,90,88,83,83,72,86,74,71,76,86,91,90,84,85,33,90,79,88,42,44,36,11,8,12,12,8
220502,M. Zaccagni,Mattia Zaccagni,"LM, LW",84,30,16-06-1995,31,Serie A,46,Lazio,Italy,3,75,79,66,80,88,77,87,90,87,92,83,78,77,81,59,58,80,79,83,55,58,52,13,16,14,8,7
208461,M. de Roon,Marten Elco de Roon,"CM, CDM",81,34,29-03-1991,31,Serie A,39,Atalanta,Netherlands,3,70,70,75,85,77,84,81,53,67,59,78,79,74,90,73,83,70,74,83,82,88,79,14,15,7,12,12
215449,R. Skov,Robert Faxe Skov,"LB, RB, RM, LM",74,29,25-05-1996,19,Bundesliga,1831,1. FC Union Berlin,Denmark,1,85,72,57,76,75,72,76,77,74,75,75,87,73,66,68,68,71,70,71,69,69,67,15,16,15,13,11
235944,Brais Méndez,Brais Méndez Portela,"CM, RM, CAM",81,28,07-01-1997,53,La Liga,457,Real Sociedad,Spain,3,79,82,71,84,83,82,84,72,69,75,82,81,80,71,73,62,81,84,80,63,69,61,10,5,10,12,8
223697,R. Gosens,Robin Everardus Gosens,"LB, LM",80,30,05-07-1994,31,Serie A,110374,Fiorentina,Germany,3,76,78,82,77,76,75,78,76,69,71,79,76,87,86,71,77,80,67,77,74,78,80,7,16,15,16,10
226271,Fabián Ruiz,Fabián Ruiz Peña,"CM, CDM",85,29,03-04-1996,16,Ligue 1,73,Paris Saint-Germain,Spain,3,72,76,68,85,82,83,86,61,61,66,85,78,70,84,67,79,84,84,82,71,79,75,16,11,7,13,13
220697,J. Maddison,James Daniel Maddison,"CM, CAM",84,28,23-11-1996,13,Premier League,18,Tottenham Hotspur,England,3,84,80,35,86,86,86,87,70,65,82,80,83,56,78,56,58,83,87,87,61,68,45,11,14,14,12,14
190765,P. Groß,Pascal Groß,"CDM, CM",80,34,15-06-1991,19,Bundesliga,22,Borussia Dortmund,Germany,3,86,72,57,84,78,84,83,46,50,68,85,80,64,83,73,70,81,84,84,77,73,69,8,15,15,16,11
183512,Yuri Berchiche,Yuri Berchiche Izeta,"LB, LM",79,35,10-02-1990,53,La Liga,448,Athletic Club,Spain,2,77,61,73,77,72,72,76,81,77,74,80,82,88,79,81,77,62,71,78,77,78,73,12,13,9,8,11
209889,R. Guerreiro,Raphaël Adelino José Guerreiro,"LB, CM, RB, LM",80,31,22-12-1993,19,Bundesliga,21,FC Bayern München,Portugal,3,85,78,42,88,87,77,89,76,63,90,84,79,49,72,49,84,79,86,85,75,76,76,12,6,8,11,8
225375,K. Laimer,Konrad Laimer,"RB, CDM, CM, RM",82,28,27-05-1997,19,Bundesliga,21,FC Bayern München,Austria,3,76,69,67,81,74,78,75,82,82,76,84,74,78,79,69,80,73,76,79,86,81,79,9,12,12,13,12
189332,Jordi Alba,Jordi Alba Ramos,LB,78,36,21-03-1989,39,Major League Soccer,112893,Inter Miami,Spain,3,79,73,69,80,79,79,80,84,81,83,76,64,76,84,58,75,77,75,78,67,71,69,13,15,13,6,13
260247,M. Rogers,Morgan Elliot Rogers,"CAM, RM, LM, CM",82,22,26-07-2002,13,Premier League,2,Aston Villa,England,3,75,80,64,82,86,78,84,74,79,80,82,76,79,83,80,68,81,83,85,68,72,49,7,8,13,11,14
208418,Y. Carrasco,Yannick Ferreira Carrasco,"LW, LM",81,31,04-09-1993,350,Pro League,111674,Al Shabab,Belgium,3,79,77,56,77,88,72,83,86,87,87,76,84,74,76,63,57,77,77,82,54,63,61,9,11,9,10,10
271421,D. Doué,Désiré Doué,"RW, LW, CM, RM",85,20,03-06-2005,16,Ligue 1,73,Paris Saint-Germain,France,3,74,78,46,81,91,74,89,85,82,88,85,86,75,80,77,59,81,78,89,52,60,52,9,12,7,5,13
228093,M. Thuram,Marcus Lilian Thuram-Ulien,ST,85,27,06-08-1997,31,Serie A,44,Inter,France,3,76,85,84,80,85,70,81,84,88,78,84,84,91,83,79,50,86,78,78,44,48,42,11,13,14,9,15
236703,D. Raum,David Raum,"LB, LM",82,27,22-04-1998,19,Bundesliga,112172,RB Leipzig,Germany,3,88,59,62,78,79,77,79,86,86,77,78,64,81,89,75,74,71,79,78,74,76,81,11,8,14,12,6
241651,V. Gyökeres,Viktor Einar Gyökeres,ST,87,27,04-06-1998,13,Premier League,1,Arsenal,Sweden,4,72,88,81,78,80,58,83,88,92,82,87,88,95,93,91,28,88,79,85,34,34,16,10,13,11,14,8
259913,G. Sudakov,Georgiy SudakovСудаков Георгій Вікторович,"CAM, CM, CDM",80,22,01-09-2002,308,Primeira Liga,234,SL Benfica,Ukraine,1,75,76,68,79,83,80,81,82,80,80,78,79,79,80,68,58,80,81,73,61,58,57,13,9,13,12,9
272500,C. Baleba,Carlos Noom Quomah Baleba,"CDM, CM",81,21,03-01-2004,13,Premier League,1808,Brighton & Hove Albion,Cameroon,3,65,63,67,81,82,80,80,75,74,75,80,85,80,81,79,83,67,76,80,76,82,79,11,6,8,14,13
212207,N. Stanciu,Nicolae Claudiu Stanciu,"CM, CAM",77,32,07-05-1993,31,Serie A,110556,Genoa,Romania,2,76,72,66,79,75,80,78,79,74,90,75,77,75,91,62,60,73,78,78,62,62,58,14,7,13,10,12
245367,X. Simons,Xavier Quentin Shay Simons,"CAM, LM, ST",84,22,21-04-2003,13,Premier League,18,Tottenham Hotspur,Netherlands,3,74,79,60,84,87,79,86,83,72,90,85,78,68,82,62,65,79,85,81,60,62,56,9,11,5,8,10
201389,C. Biraghi,Cristiano Biraghi,"LB, LM",78,32,01-09-1992,31,Serie A,54,Torino,Italy,2,85,58,70,77,76,75,78,73,71,71,77,82,75,76,66,77,73,72,82,78,76,74,12,6,14,10,7
199503,G. Xhaka,Granit Xhaka,"CDM, CM",85,32,27-09-1992,13,Premier League,106,Sunderland,Switzerland,3,77,67,72,89,73,90,82,40,53,51,86,89,70,84,78,77,76,85,84,80,79,75,7,8,11,7,13
211110,P. Dybala,Paulo Bruno Exequiel Dybala,"CAM, ST",86,31,15-11-1993,31,Serie A,52,Roma,Argentina,4,82,85,65,84,87,79,88,84,76,88,86,84,76,76,63,42,83,88,89,32,42,39,5,4,4,5,8
227796,C. Pulisic,Christian Mate Pulišić,"RW, RM, CAM",84,26,18-09-1998,31,Serie A,47,AC Milan,United States,3,80,85,50,81,86,75,86,90,86,88,85,81,70,76,57,40,84,80,83,50,42,50,8,12,13,16,14
208722,S. Mané,Sadio Mané,"LM, RM, ST, LW",83,33,10-04-1992,350,Pro League,112139,Al Nassr,Senegal,3,77,81,78,81,84,71,85,81,83,86,84,85,86,80,72,35,83,82,83,42,42,38,10,10,15,7,14
216201,Iñaki Williams,Iñaki Williams Arthuer,"RM, ST, RW",83,31,15-06-1994,53,La Liga,448,Athletic Club,Ghana,3,78,82,80,76,83,65,80,93,94,78,83,86,95,88,84,30,85,76,78,42,48,38,14,15,14,10,13
256688,C. Puertas,Cameron Mitchel Puertas Castro,"CAM, CM",78,26,18-08-1998,19,Bundesliga,38,SV Werder Bremen,Spain,1,80,73,47,79,81,73,80,75,73,77,74,78,69,80,73,70,73,84,75,72,74,67,11,9,8,12,7
239093,J. Clauss,Jonathan Clauss,"RB, RM",80,32,25-09-1992,16,Ligue 1,72,OGC Nice,France,2,84,68,62,76,76,67,79,81,88,83,82,77,75,82,63,74,75,75,77,72,76,74,15,14,15,8,15
260908,M. Kerkez,Milos KerkezМилош Керкез,"LB, LM",82,21,07-11-2003,13,Premier League,9,Liverpool,Hungary,3,81,53,60,77,77,68,77,88,87,83,78,80,74,90,75,78,76,76,76,78,80,83,8,13,10,13,13
250723,K. Koné,Kouadio Emmanuel Boris Koné,CM,79,24,17-05-2001,31,Serie A,52,Roma,France,2,70,71,68,80,82,76,83,77,72,79,79,86,83,82,82,76,75,75,75,69,79,71,11,10,11,9,10
259694,Mingueza,Óscar Mingueza García,"RB, RM, LM",80,26,13-05-1999,53,La Liga,450,RC Celta,Spain,1,79,62,75,79,77,76,79,78,82,75,80,73,84,82,73,77,75,76,77,76,76,75,9,10,15,8,13
200104,H. Son,Heung-min Son손흥민 孙兴慜,"LW, ST, LM",85,32,08-07-1992,39,Major League Soccer,112996,Los Angeles FC,Korea Republic,3,81,84,72,83,84,72,85,85,83,79,85,88,82,87,69,39,85,83,86,45,34,33,11,13,13,6,10
215914,N. Kanté,N'Golo Kanté,"CDM, CM",85,34,29-03-1991,350,Pro League,607,Al Ittihad,France,3,68,64,54,79,78,77,80,80,74,78,85,71,74,89,72,88,72,75,82,88,90,85,15,12,10,7,10
188377,K. Walker,Kyle Andrew Walker,"RB, RM",79,35,28-05-1990,13,Premier League,1796,Burnley,England,3,76,51,72,78,78,78,78,78,81,66,78,87,85,72,77,77,68,69,75,75,79,80,12,6,16,15,8
189513,Parejo,Daniel Parejo Muñoz,"CM, CDM",82,36,16-04-1989,53,La Liga,483,Villarreal CF,Spain,3,86,78,63,87,77,85,85,40,38,58,75,80,61,68,67,79,77,90,85,76,74,73,5,9,12,14,8
240734,M. O'Riley,Matthew Sean O'Riley,"CAM, CM",78,24,21-11-2000,16,Ligue 1,219,Olympique de Marseille,Denmark,1,74,77,66,81,76,79,78,67,68,70,79,81,74,78,72,67,78,81,79,66,70,65,14,12,5,13,6
241084,L. Díaz,Luis Fernando Díaz Marulanda,"LM, LW, ST",85,28,13-01-1997,19,Bundesliga,21,FC Bayern München,Colombia,3,76,83,71,77,89,72,87,88,88,88,83,85,83,87,69,38,84,79,82,41,47,38,10,13,13,14,14
225309,N. Amiri,Nadiem Amiri,"CM, CAM",81,28,27-10-1996,19,Bundesliga,169,1. FSV Mainz 05,Germany,2,79,77,42,82,83,80,82,76,56,83,83,83,65,78,68,69,82,85,81,67,65,44,12,12,14,12,10
207410,M. Kovačić,Mateo Kovačić,"CM, CDM, CAM",83,31,06-05-1994,13,Premier League,10,Manchester City,Croatia,3,73,68,42,86,84,84,85,70,64,76,84,81,62,77,68,77,76,82,84,75,77,79,9,5,6,7,7
236657,F. Ugrinić,Filip Ugrinić,"CM, CAM, CDM",75,26,05-01-1999,53,La Liga,461,Valencia CF,Switzerland,1,72,70,60,78,75,73,76,76,78,75,69,82,83,90,87,69,72,73,71,69,70,70,8,10,15,8,13
237692,P. Foden,Philip Walter Foden,"RW, CM, LW, RM",85,25,28-05-2000,13,Premier League,10,Manchester City,England,3,80,82,47,82,89,81,89,83,79,92,82,89,59,83,41,59,83,83,85,60,59,47,8,15,6,10,13
253124,Matheus Nunes,Matheus Luiz Nunes,"RB, CM, RM",79,26,27-08-1998,13,Premier League,10,Manchester City,Portugal,1,73,69,53,80,79,79,80,78,91,78,78,77,74,79,74,78,75,77,75,74,75,74,13,10,12,12,13
270673,W. Zaïre-Emery,Warren Zaïre-Emery,"CM, CDM, CAM",80,19,08-03-2006,16,Ligue 1,73,Paris Saint-Germain,France,1,68,66,66,82,78,81,81,80,78,74,79,76,80,88,75,79,76,79,78,71,80,73,14,11,7,8,15
242201,Luis Milla,Luis Milla Manzanares,"CM, CDM",79,30,07-10-1994,53,La Liga,1860,Getafe CF,Spain,2,76,70,49,82,75,81,78,72,67,68,79,76,66,82,68,81,77,79,81,78,79,72,12,13,8,10,10
210602,S. Al Dawsari,Salem Al Dawsariسالم الدوسري,"LM, LW",82,33,19-08-1991,350,Pro League,605,Al Hilal,Saudi Arabia,3,71,75,51,79,86,72,82,88,87,85,81,77,71,90,77,50,79,78,83,65,57,49,7,12,13,14,10
258775,L. Sučić,Luka Sučić,"CM, CAM",78,22,08-09-2002,53,La Liga,457,Real Sociedad,Croatia,1,75,73,62,80,79,78,79,80,73,73,76,84,78,77,72,73,78,78,77,65,70,67,15,12,10,11,7
231969,R. Malinovskyi,Ruslan MalinovskyiМаліновський Руслан Володимирович,"CM, CAM, CDM",76,32,04-05-1993,31,Serie A,110556,Genoa,Ukraine,3,79,74,73,78,78,76,78,68,65,68,74,84,79,68,74,66,76,78,74,55,69,50,6,6,12,15,13
242516,C. Gakpo,Cody Mathès Gakpo,"LM, LW",84,26,07-05-1999,13,Premier League,9,Liverpool,Netherlands,3,83,81,81,81,86,75,85,85,82,75,83,88,89,76,75,45,83,81,83,42,48,31,15,11,7,9,5
241811,Sergio Gómez,Sergio Gómez Martín,"LM, CM, LB",79,24,04-09-2000,53,La Liga,457,Real Sociedad,Spain,1,81,73,47,81,79,76,79,76,70,82,75,77,64,78,58,75,75,80,76,72,74,72,11,7,9,11,10
273018,Andrey Santos,Andrey Nascimento dos Santos,"CM, CDM",80,21,03-05-2004,13,Premier League,5,Chelsea,Brazil,1,56,69,81,82,77,79,80,77,71,77,79,73,88,91,75,78,77,79,80,69,81,81,5,10,15,12,8
259516,Johnny Cardoso,João Lucas de Souza Cardoso,"CDM, CM",81,23,20-09-2001,53,La Liga,240,Atlético Madrid,United States,1,65,63,75,82,77,81,82,74,71,78,77,74,83,77,77,82,74,76,75,78,81,79,10,14,8,12,7
221697,O. Watkins,Oliver George Arthur Watkins,ST,84,29,30-12-1995,13,Premier League,2,Aston Villa,England,3,67,85,85,79,81,64,79,77,77,78,85,84,89,88,76,55,87,77,77,45,46,36,14,14,14,6,10
247827,M. Olise,Michael Akpovie Olise,"RM, RW",86,23,12-12-2001,19,Bundesliga,21,FC Bayern München,France,3,79,83,36,86,88,79,86,83,73,90,86,78,62,85,57,55,84,88,84,44,58,49,9,11,9,10,10
216150,D. Zappacosta,Davide Zappacosta,"LM, RM, LB",79,33,11-06-1992,31,Serie A,39,Atalanta,Italy,2,84,71,69,79,79,75,78,78,74,71,76,79,75,80,61,77,79,70,74,75,78,78,11,9,8,6,11
183711,J. Henderson,Jordan Brian Henderson,"CDM, CM",79,35,17-06-1990,13,Premier League,1925,Brentford,England,3,81,69,63,81,74,83,78,62,67,62,79,77,74,77,77,78,75,78,78,77,76,74,7,13,7,9,13
248148,Zubimendi,Martín Zubimendi Ibáñez,"CDM, CM",83,26,02-02-1999,13,Premier League,1,Arsenal,Spain,3,70,69,65,83,77,83,83,67,66,74,84,65,71,85,67,83,79,83,83,81,82,79,7,6,12,14,13
258966,A. Cambiaso,Andrea Cambiaso,"LB, RB, LM",79,25,20-02-2000,31,Serie A,45,Juventus,Italy,2,79,68,62,79,80,75,80,79,78,78,78,75,75,76,66,74,78,79,78,76,79,76,13,7,7,13,13
216267,A. Robertson,Andrew Henry Robertson,"LB, LM",82,31,11-03-1994,13,Premier League,9,Liverpool,Scotland,3,86,55,70,80,76,75,79,75,74,75,81,76,76,81,67,80,76,79,81,78,80,81,11,8,10,7,14
228618,F. Mendy,Ferland Sinna Mendy,"LB, LM",81,30,08-06-1995,53,La Liga,243,Real Madrid,France,3,74,63,70,77,74,75,74,84,85,78,80,69,87,85,84,79,76,74,76,76,80,79,7,16,9,10,9
237646,D. Muñoz,Daniel Muñoz Mejía,"RB, RM",81,29,26-05-1996,13,Premier League,1799,Crystal Palace,Colombia,3,77,72,78,77,76,72,77,76,74,74,80,77,85,88,74,77,76,69,76,75,82,82,7,14,12,7,6
224196,R. Bensebaini,Ramy Bensebainiرامي بن سبعيني,"LB, CB, LM",79,30,16-04-1995,19,Bundesliga,22,Borussia Dortmund,Algeria,2,73,72,82,76,78,68,82,72,73,67,75,70,88,77,78,74,66,63,74,73,80,87,6,13,14,7,14
210406,P. Zieliński,Piotr Sebastian Zieliński,CM,80,31,20-05-1994,31,Serie A,44,Inter,Poland,3,73,74,52,84,82,81,84,78,75,82,81,79,66,65,56,74,76,84,82,69,75,72,12,9,12,11,6
235794,E. Eze,Eberechi Oluchi Eze,"CAM, LW, ST",83,27,29-06-1998,13,Premier League,1,Arsenal,England,3,76,79,56,83,87,78,87,73,75,87,82,81,71,76,68,52,80,83,87,40,58,42,10,12,9,14,10
240243,Matheus Cunha,Matheus Santos Carneiro da Cunha,"CAM, LW, ST",83,26,27-05-1999,13,Premier League,11,Manchester United,Brazil,3,79,85,68,81,85,75,87,78,76,76,82,87,79,82,73,42,80,81,83,43,41,39,8,7,13,13,11
267430,N. Deossa,Nelson Alexander Deossa Suárez,"CM, CDM, CAM",75,25,06-02-2000,53,La Liga,449,Real Betis Balompié,Colombia,1,67,69,69,77,74,73,74,75,75,71,73,88,81,87,77,73,72,71,72,69,75,71,9,8,14,8,11
247103,D. Hancko,Dávid Hancko,"CB, LB, LM",83,27,13-12-1997,53,La Liga,240,Atlético Madrid,Slovakia,3,66,63,82,80,73,76,78,76,77,73,84,76,85,74,87,80,69,68,77,83,82,83,14,12,6,7,14
197781,Isco,Francisco Román Alarcón Suárez,"CAM, LM, CM",84,33,21-04-1992,53,La Liga,449,Real Betis Balompié,Spain,3,84,80,55,86,86,83,86,67,65,84,80,78,63,67,55,61,85,88,87,58,62,51,10,8,12,15,6
222737,Malcom,Malcom Filipe Silva de Oliveira,"CAM, RM, LM, CM",82,28,26-02-1997,350,Pro League,605,Al Hilal,Brazil,3,78,77,67,80,84,75,84,92,87,90,79,80,84,88,73,26,81,80,77,51,45,27,8,14,15,7,9
255001,N. Rovella,Nicolò Rovella,"CDM, CM",79,23,04-12-2001,31,Serie A,46,Lazio,Italy,3,67,52,62,82,78,80,80,75,77,79,77,72,72,85,62,78,68,79,74,76,77,76,9,12,11,9,10
255009,K. Taylor,Kenneth Ina Dorothea Taylor,"CM, CAM",78,23,16-05-2002,10,Eredivisie,245,Ajax,Netherlands,1,76,79,60,80,78,78,79,78,69,77,78,76,68,83,70,69,80,77,78,69,67,66,9,12,10,6,7
268683,M. Folorunsho,Michael Ijemuan Folorunsho,"CAM, CM, ST",75,27,07-02-1998,31,Serie A,1842,Cagliari,Italy,1,63,71,73,77,74,75,77,70,75,71,76,84,81,75,76,71,78,75,74,69,72,69,14,12,10,12,8
213884,R. Christie,Ryan Christie,"CDM, CM, CAM",79,30,12-02-1995,13,Premier League,1943,AFC Bournemouth,Scotland,1,72,68,53,80,77,79,77,73,66,78,80,77,69,85,69,81,74,77,79,74,76,74,13,9,12,7,8
226456,Fornals,Pablo Fornals Malla,"CDM, CM, RM",79,29,22-02-1996,53,La Liga,449,Real Betis Balompié,Spain,2,80,76,50,80,79,80,83,66,65,75,78,76,64,81,66,75,78,84,82,75,77,75,9,11,12,7,15
208618,Lucas Vázquez,Lucas Vázquez Iglesias,"RB, RM",77,34,01-07-1991,19,Bundesliga,32,Bayer 04 Leverkusen,Spain,3,83,73,58,80,80,76,79,74,77,75,78,80,67,83,56,74,80,79,75,72,69,67,9,16,9,9,7
245235,A. Bah,Alexander Hartmann Bah,"RB, RM",78,27,09-12-1997,308,Primeira Liga,234,SL Benfica,Denmark,1,75,59,71,71,75,70,74,88,91,77,76,81,82,84,78,75,72,75,76,72,74,73,6,12,12,9,13
225663,A. Golovin,Aleksandr GolovinГоловин Александр Сергеевич,"LM, CAM, LW",79,29,30-05-1996,16,Ligue 1,69,AS Monaco,Russia,3,76,74,46,80,82,75,83,73,73,85,77,78,61,79,56,71,77,80,80,45,72,66,12,14,14,10,16
216435,S. Lobotka,Stanislav Lobotka,"CM, CDM",83,30,25-11-1994,31,Serie A,48,Napoli,Slovakia,3,75,68,45,85,81,85,85,76,67,75,81,69,65,88,61,80,76,82,77,78,81,75,10,7,16,13,14
229261,D. Zakaria,Denis Lemi Zakaria Lako Lado,"CDM, CM",82,28,20-11-1996,16,Ligue 1,69,AS Monaco,Switzerland,3,68,64,78,82,78,79,80,72,86,67,80,80,89,80,87,79,65,74,82,81,82,78,12,12,7,13,11
241508,M. Damsgaard,Mikkel Krogh Damsgaard,"CAM, CM",80,24,03-07-2000,13,Premier League,1925,Brentford,Denmark,1,79,74,52,83,81,82,80,70,66,82,80,72,65,78,62,69,78,84,81,60,74,64,6,10,14,11,7
225126,E. Skhiri,Ellyes Joris Skhiriإلياس صخيري,"CDM, CM",80,30,10-05-1995,19,Bundesliga,1824,Eintracht Frankfurt,Tunisia,3,67,76,75,78,75,81,74,65,64,74,83,75,76,83,69,84,75,72,80,82,79,73,15,14,8,14,14
210047,F. Schär,Fabian Lukas Schär,CB,82,33,20-12-1991,13,Premier League,13,Newcastle United,Switzerland,3,67,60,82,80,74,83,78,50,51,53,83,80,80,78,80,85,64,79,82,85,84,80,8,9,11,10,15
247819,N. Schlotterbeck,Nico Cedric Schlotterbeck,CB,85,25,01-12-1999,19,Bundesliga,22,Borussia Dortmund,Germany,3,70,51,84,78,74,86,71,77,72,68,84,81,91,74,85,83,58,72,78,85,87,87,8,10,8,14,13
158023,L. Messi,Lionel Andrés Messi Cuccitini,"RW, ST, CAM, RM",86,38,24-06-1987,39,Major League Soccer,112893,Inter Miami,Argentina,4,80,84,60,85,89,84,94,84,73,84,80,84,70,70,68,40,86,87,92,20,35,24,6,11,15,14,8
193352,R. Rodríguez,Ricardo Iván Rodríguez Araya,"LB, CB, LM",74,32,25-08-1992,53,La Liga,449,Real Betis Balompié,Switzerland,2,82,58,60,75,76,78,76,67,66,63,74,84,72,74,71,70,70,75,77,68,74,72,14,13,14,14,11
226162,E. Buendía,Emiliano Buendía Stati,"CAM, LM, RM, CM",77,28,25-12-1996,13,Premier League,2,Aston Villa,Argentina,2,78,74,75,80,81,75,80,74,60,84,74,77,77,60,61,60,75,78,77,67,68,61,11,10,13,7,9
176580,L. Suárez,Luis Alberto Suárez Díaz,"ST, CAM",79,38,24-01-1987,39,Major League Soccer,112893,Inter Miami,Uruguay,3,71,82,82,73,75,70,79,52,54,66,83,83,75,53,81,35,84,80,86,35,38,35,27,25,31,33,37
242964,A. Gordon,Anthony Michael Gordon,"LW, RW, LM",83,24,24-02-2001,13,Premier League,13,Newcastle United,England,3,81,81,59,79,85,66,83,89,92,78,83,78,75,87,61,40,82,81,81,49,56,48,5,6,14,7,8
213565,T. Lemar,Thomas Lemar,"CM, LM",77,29,12-11-1995,53,La Liga,110062,Girona FC,France,3,79,73,54,80,80,77,81,72,72,79,77,78,64,60,57,75,77,79,80,55,76,69,11,15,13,7,14
203376,V. van Dijk,Virgil van Dijk,CB,90,33,08-07-1991,13,Premier League,9,Liverpool,Netherlands,5,53,52,88,80,70,83,77,66,78,54,90,81,89,75,93,91,47,70,90,91,91,87,13,10,13,11,11
231318,R. Perraud,Romain Paul Jean-Michel Perraud,"LB, LM",74,27,22-09-1997,16,Ligue 1,65,Lille OSC,France,1,77,70,65,76,75,75,75,74,70,73,74,84,74,81,65,74,77,75,69,65,68,70,6,7,10,11,13
242434,C. Jones,Curtis Jones,"CAM, CM, CDM",80,24,30-01-2001,13,Premier League,9,Liverpool,England,1,67,75,55,83,84,79,82,68,79,74,80,77,71,83,74,71,79,79,82,72,77,71,6,13,7,11,7
223273,M. Pašalić,Mario Pašalić,"CM, CAM",80,30,09-02-1995,31,Serie A,39,Atalanta,Croatia,3,68,80,65,83,83,80,86,68,69,72,74,78,74,83,72,72,85,78,77,61,72,61,11,13,13,13,14
230965,N. Nández,Nahitan Michel Nández Acosta,"CM, RB, RM, CAM",76,29,28-12-1995,350,Pro League,112391,Al Qadsiah FC,Uruguay,1,73,60,57,78,75,74,78,85,77,87,79,65,79,89,73,75,72,73,69,67,75,73,8,8,14,5,15
205157,Ruiz de Galarreta,Iñigo Ruiz de Galarreta Etxeberria,"CDM, CM",80,31,06-08-1993,53,La Liga,448,Athletic Club,Spain,3,74,60,51,80,77,80,80,73,66,81,79,73,69,84,70,78,74,79,82,79,80,80,12,6,13,7,12
240507,A. Gomes,Adilson Angel Abreu de Almeida Gomes,"CAM, CM, CDM",76,24,31-08-2000,16,Ligue 1,219,Olympique de Marseille,England,1,66,70,62,80,77,75,80,76,64,87,74,70,73,72,63,73,71,78,75,70,75,74,14,15,14,6,14
259583,D. Udogie,Iyenoma Destiny Udogie,LB,80,22,28-11-2002,13,Premier League,18,Tottenham Hotspur,Italy,3,80,64,68,77,80,65,79,86,89,74,78,74,85,79,77,79,76,75,78,77,77,74,8,14,11,10,14
241509,Mauro Júnior,Mauro Jaqueson Junior Ferreira dos Santos,"LB, CM, RB, LM",79,26,06-05-1999,10,Eredivisie,247,PSV,Brazil,1,76,63,58,77,79,74,81,82,83,90,79,68,54,85,38,77,73,76,78,75,74,73,7,14,6,13,8
235152,F. Kadıoğlu,Ferdi Erenay Kadıoğlu,"RB, LB, RM",79,25,07-10-1999,13,Premier League,1808,Brighton & Hove Albion,Türkiye,3,75,65,66,78,79,70,78,88,77,89,75,73,71,79,62,75,73,73,73,77,77,77,10,13,11,11,5
252060,T. Pobega,Tommaso Pobega,"CM, CDM",74,25,15-07-1999,31,Serie A,189,Bologna,Italy,1,68,75,77,73,74,71,76,73,74,74,79,79,85,75,72,74,80,68,71,69,78,74,6,10,15,13,6
243627,Y. Adli,Yacine Adliياسين عدلي,"CDM, CM",78,24,29-07-2000,350,Pro League,111674,Al Shabab,France,1,74,66,62,82,78,86,81,72,69,71,78,73,73,64,67,73,71,82,81,76,76,68,14,12,9,10,14
213991,J. Lerma,Jefferson Andrés Lerma Solís,"CDM, CM, CB",77,30,25-10-1994,13,Premier League,1799,Crystal Palace,Colombia,1,65,65,77,74,74,80,75,65,71,65,77,83,88,80,73,77,60,63,72,75,76,76,16,14,11,7,9
240709,R. Baku,Bote Ridle Nzuzi Baku,"RM, RB, RW",78,27,08-04-1998,19,Bundesliga,112172,RB Leipzig,Germany,2,75,71,49,75,82,70,78,85,78,84,75,77,74,76,74,75,76,75,76,72,74,74,12,8,7,10,9
234505,Evander,Evander da Silva Ferreira,"CAM, CM, ST",79,27,09-06-1998,39,Major League Soccer,113149,FC Cincinnati,Brazil,1,73,79,51,80,83,77,79,74,71,81,74,77,66,83,62,68,76,80,77,71,68,56,11,8,12,11,6
244261,L. Majer,Lovro Majer,"CM, CAM, RM",78,27,17-01-1998,19,Bundesliga,175,VfL Wolfsburg,Croatia,2,79,71,55,82,83,79,84,76,65,84,78,76,71,84,65,63,76,78,78,58,58,66,9,12,12,5,6
256675,O. Marmoush,Omar Khaled Mohamed Marmoush,"ST, CAM, LW",84,26,07-02-1999,13,Premier League,10,Manchester City,Egypt,3,64,87,69,85,87,63,86,87,90,89,85,85,80,76,67,34,87,79,84,31,30,21,11,13,15,8,11
236477,A. Claude-Maurice,Alexis Claude-Maurice,"CAM, CM, LW",77,27,06-06-1998,19,Bundesliga,100409,FC Augsburg,France,1,64,73,59,77,82,70,80,78,73,87,73,76,72,74,61,68,74,76,74,69,71,66,11,13,15,14,15
227535,R. Bentancur,Rodrigo Bentancur Colmán,"CDM, CM",80,28,25-06-1997,13,Premier League,18,Tottenham Hotspur,Uruguay,3,74,68,64,82,81,80,81,63,65,64,78,71,70,72,70,83,73,78,82,78,80,77,8,7,14,14,12
254579,L. Da Cunha,Lucas Da Cunha,"CDM, CM, CAM",74,24,09-06-2001,31,Serie A,1745,Como,France,1,70,66,56,74,79,71,80,80,75,83,76,75,69,75,57,74,71,74,72,71,75,71,8,9,14,15,14
230786,Pepelu,José Luis García Vayá,"CM, CDM",77,26,11-08-1998,53,La Liga,461,Valencia CF,Spain,1,74,66,62,80,74,78,78,61,67,68,73,73,72,89,75,73,69,76,74,70,78,74,12,13,6,9,6
227813,O. Zinchenko,Oleksandr ZinchenkoЗінченко Олександр Володимирович,LB,77,28,15-12-1996,13,Premier League,14,Nottingham Forest,Ukraine,2,80,58,70,79,78,79,78,67,59,79,77,78,66,68,53,78,75,78,78,75,78,77,15,11,13,11,11
232711,J. Stage,Jens Dalsgaard Stage,"CM, CDM",78,28,08-11-1996,19,Bundesliga,38,SV Werder Bremen,Denmark,1,68,74,83,79,76,77,80,67,60,69,79,77,86,82,78,75,77,76,77,72,76,70,11,12,5,10,6
241496,T. Weah,Timothy Tarpeh Weah,"RM, RB",77,25,22-02-2000,16,Ligue 1,219,Olympique de Marseille,United States,1,75,74,67,75,77,72,78,86,88,86,75,79,76,70,59,66,75,69,74,68,69,70,7,9,12,15,14
239301,L. Martínez,Lisandro Martínez,CB,81,27,18-01-1998,13,Premier League,11,Manchester United,Argentina,3,72,52,75,79,74,76,77,70,65,69,80,73,88,73,77,84,62,76,79,81,81,84,6,14,13,14,8
195864,P. Pogba,Paul Labile Pogba,"CM, CDM, CAM",79,32,15-03-1993,16,Ligue 1,69,AS Monaco,France,3,72,68,73,84,87,86,86,60,68,68,71,88,82,56,88,60,73,83,82,52,63,61,5,6,2,4,3
209989,T. Partey,Thomas Teye Partey,"CDM, CM, RB",83,32,13-06-1993,53,La Liga,483,Villarreal CF,Ghana,3,74,66,68,85,80,84,81,53,63,63,80,85,74,76,84,82,70,80,85,80,84,78,11,13,9,9,7
251573,Renan Lodi,Renan Augusto Lodi dos Santos,"LB, LM",78,27,08-04-1998,350,Pro League,605,Al Hilal,Brazil,1,82,69,69,77,76,74,77,74,75,79,75,75,75,81,65,72,76,75,74,71,74,77,12,7,11,10,15
220659,J. Brownhill,Joshua Brownhill,"CDM, CM, CAM",76,29,19-12-1995,350,Pro League,111674,Al Shabab,England,1,69,75,67,77,73,73,77,67,66,70,76,76,74,91,71,76,75,76,75,70,73,69,8,11,12,7,9
227647,M. Mittelstädt,Maximilian Mittelstädt,"LB, LM",82,28,18-03-1997,19,Bundesliga,36,VfB Stuttgart,Germany,3,87,56,68,79,77,74,77,79,83,76,80,74,77,84,67,81,72,74,76,77,80,77,13,10,7,13,13
211688,Gayà,José Luis Gayà Peña,"LB, LM",81,30,25-05-1995,53,La Liga,461,Valencia CF,Spain,3,80,61,58,78,75,75,78,79,81,82,82,62,73,80,66,80,75,74,75,77,79,81,13,10,9,12,9
229188,V. Pavlidis,Vangelis PavlidisΒαγγέλης Παυλίδης,"ST, CAM",82,26,21-11-1998,308,Primeira Liga,234,SL Benfica,Greece,3,62,84,80,75,81,72,82,81,77,76,83,83,84,87,82,42,83,76,77,44,46,37,13,11,10,13,14
266127,L. Hall,Lewis Kieran Hall,LB,80,20,08-09-2004,13,Premier League,13,Newcastle United,England,1,83,60,64,78,79,76,79,78,76,80,79,65,71,80,56,77,68,77,75,77,79,80,14,8,9,8,14
234153,Carlos Soler,Carlos Soler Barragán,"CM, CAM",77,28,02-01-1997,53,La Liga,457,Real Sociedad,Spain,2,77,75,56,79,78,77,79,74,67,75,75,77,71,67,69,72,76,79,76,67,73,68,6,14,7,13,11
193198,N. Gudelj,Nemanja GudeljНемања Гудељ,"CB, CDM",77,33,16-11-1991,53,La Liga,481,Sevilla FC,Serbia,3,74,62,75,80,66,80,76,44,48,59,78,89,77,79,87,76,65,74,78,75,76,76,8,11,8,14,12
193082,J. Cuadrado,Juan Guillermo Cuadrado Bello,"RM, RB, RW",76,37,26-05-1988,31,Serie A,110738,Pisa,Colombia,3,77,68,69,78,79,72,79,78,76,79,71,77,73,57,57,71,73,74,73,71,78,81,5,5,13,6,9
20801,Cristiano Ronaldo,Cristiano Ronaldo dos Santos Aveiro,ST,85,40,05-02-1985,350,Pro League,112139,Al Nassr,Portugal,3,78,88,87,76,77,70,85,73,78,76,82,91,95,77,80,29,89,76,91,24,32,24,7,11,15,14,11
237386,K. Dewsbury-Hall,Kiernan Frank Dewsbury-Hall,"CM, CAM, CDM",77,26,06-09-1998,13,Premier League,7,Everton,England,1,73,70,65,79,78,77,79,67,65,77,76,75,71,75,66,71,75,77,77,70,72,68,12,15,9,10,7
211361,D. Cataldi,Danilo Cataldi,"CDM, CM",77,30,06-08-1994,31,Serie A,46,Lazio,Italy,2,69,66,66,81,77,76,79,72,64,73,80,82,72,76,62,76,67,77,79,75,73,71,7,10,11,12,9
192318,M. Götze,Mario Götze,"CM, CAM, RM, CDM",82,33,03-06-1992,19,Bundesliga,1824,Eintracht Frankfurt,Germany,3,79,76,47,89,84,84,88,68,53,78,84,75,63,75,65,65,83,87,88,64,46,53,14,7,12,6,10
212138,P. Frankowski,Przemysław Frankowski,"RB, RM",75,30,12-04-1995,16,Ligue 1,74,Stade Rennais FC,Poland,2,74,68,58,76,74,72,75,86,87,74,76,73,76,78,67,71,70,76,78,70,70,67,7,14,13,8,11
212228,I. Toney,Ivan Benjamin Elijah Toney,ST,81,29,16-03-1996,350,Pro League,112387,Al Ahli SFC,England,1,63,85,83,76,73,65,79,76,79,74,79,84,91,76,81,52,82,74,80,45,51,39,16,8,8,7,8
234574,Diogo Dalot,José Diogo Dalot Teixeira,"RB, LB, RM",79,26,18-03-1999,13,Premier League,11,Manchester United,Portugal,3,75,54,71,76,78,74,76,84,86,74,75,81,85,81,74,78,75,75,76,74,76,78,10,6,10,6,8
210896,M. Sanson,Morgan Sanson,"CM, CAM",76,30,18-08-1994,16,Ligue 1,72,OGC Nice,France,2,74,71,65,78,76,78,77,67,57,74,76,79,74,79,72,71,74,78,77,68,74,71,6,16,16,9,9
213516,Ricardo Horta,Ricardo Jorge da Luz Horta,"CAM, LM, RM, CM",81,30,15-09-1994,308,Primeira Liga,1896,Sporting Clube de Braga,Portugal,3,78,80,55,82,81,76,81,78,78,83,82,82,70,83,62,55,80,84,83,32,44,35,7,9,10,8,13
251470,C. De Ketelaere,Charles De Ketelaere,"CAM, ST, CM",82,24,10-03-2001,31,Serie A,39,Atalanta,Belgium,3,76,78,75,83,85,80,86,71,70,79,77,82,78,78,68,58,82,83,73,45,59,54,11,8,14,8,8
224371,J. Bowen,Jarrod Bowen,"RM, ST, RW",83,28,20-12-1996,13,Premier League,19,West Ham United,England,3,80,84,82,80,82,73,82,78,74,79,84,80,84,83,66,37,83,79,80,49,41,37,14,8,14,10,7
253072,D. Núñez,Darwin Gabriel Núñez Ribeiro,ST,79,26,24-06-1999,350,Pro League,605,Al Hilal,Uruguay,3,69,77,77,74,78,68,77,86,89,68,74,87,93,79,81,45,81,78,76,42,52,39,14,10,12,10,13
233965,A. Castro-Montes,Alessio Daniel Castro-Montes,"RM, LM, RB, RW",77,28,17-05-1997,19,Bundesliga,31,1. FC Köln,Belgium,1,76,74,66,75,76,72,76,74,74,74,72,72,74,86,66,72,76,76,71,71,72,72,8,13,15,11,9
253149,J. Frimpong,Jeremie Agyekum Frimpong,"RB, RM, RW",83,24,10-12-2000,13,Premier League,9,Liverpool,Netherlands,3,82,66,54,78,85,63,83,95,93,89,84,62,68,85,47,77,82,73,76,74,71,79,12,7,8,13,14
233731,A. Isak,Alexander Isak,ST,88,25,21-09-1999,13,Premier League,9,Liverpool,Sweden,4,68,91,82,79,88,60,87,86,80,73,87,91,90,82,79,38,89,80,88,35,34,29,7,6,9,7,11
268889,Álvaro Carreras,Álvaro Fernández Carreras,"LB, LM",80,22,23-03-2003,53,La Liga,243,Real Madrid,Spain,1,78,65,55,76,79,76,80,84,86,80,79,75,79,89,76,78,76,76,76,72,76,75,6,7,11,8,14
216409,M. Politano,Matteo Politano,"RW, RM",81,31,03-08-1993,31,Serie A,48,Napoli,Italy,3,80,78,40,82,82,76,83,81,79,90,82,78,53,78,39,66,79,80,80,66,58,50,11,12,6,8,11
236492,Pedro Díaz,Pedro Díaz Fanjul,"CM, CDM, CAM",75,27,05-06-1998,53,La Liga,480,Rayo Vallecano,Spain,1,72,74,60,78,74,75,75,68,64,79,69,82,72,82,71,67,74,75,71,69,73,70,7,14,8,13,7
251530,Nuno Tavares,Nuno Albertino Varela Tavares,"LB, LM",78,25,26-01-2000,31,Serie A,46,Lazio,Portugal,1,86,61,58,73,83,67,79,87,89,79,75,83,82,81,77,65,76,62,75,69,76,74,8,13,6,12,13
165153,K. Benzema,Karim Benzemaكريم بن زيما,"ST, CAM",85,37,19-12-1987,350,Pro League,607,Al Ittihad,France,4,75,86,86,86,84,76,86,74,76,77,84,85,83,78,81,39,88,86,84,43,24,18,13,11,5,5,7
224158,S. Amrabat,Sofyan Amrabatسفيان أمرابط,"CDM, CM, CB",78,28,21-08-1996,53,La Liga,449,Real Betis Balompié,Morocco,1,64,65,65,77,74,78,77,62,61,62,74,81,76,79,82,77,66,75,76,74,78,76,13,13,6,16,12
232770,S. Colombatto,Santiago Colombatto,"CDM, CM",73,28,17-01-1997,53,La Liga,110827,Real Oviedo,Argentina,1,75,67,61,73,70,72,70,72,70,73,70,74,76,85,74,71,68,71,73,69,71,70,7,12,13,12,10
229752,D. Sow,Mohameth Djibril Ibrahima Sow,"CM, CDM",76,28,06-02-1997,53,La Liga,481,Sevilla FC,Switzerland,2,70,69,62,77,73,76,80,75,81,74,77,71,70,87,74,77,74,73,80,75,76,74,6,12,9,7,8
257186,A. Jashari,Ardon Jashari,"CDM, CM",77,22,30-07-2002,31,Serie A,47,AC Milan,Switzerland,1,68,64,62,80,70,76,75,77,74,77,74,76,81,91,80,74,65,76,76,76,72,68,8,7,14,13,5
264697,M. Amoura,Mohamed El Amine Amouraمحمد الأمين عمورة,"ST, LW, LM, CAM",80,25,09-05-2000,19,Bundesliga,175,VfL Wolfsburg,Algeria,1,63,83,63,77,85,66,86,94,87,93,83,78,78,86,45,39,85,75,79,45,48,53,9,7,11,9,9
230142,Oyarzabal,Mikel Oyarzabal Ugarte,"ST, LM, LW",82,28,21-04-1997,53,La Liga,457,Real Sociedad,Spain,3,80,83,75,84,83,75,84,78,76,77,82,84,77,79,57,29,84,83,83,55,32,30,10,6,10,13,11
245630,Y. Fofana,Youssouf Fofana,"CDM, CM",81,26,10-01-1999,31,Serie A,47,AC Milan,France,3,66,66,63,81,78,79,80,67,69,70,80,76,73,85,73,81,74,78,78,80,83,74,12,7,12,5,9
245637,G. Rutter,Georginio Rutter,"CAM, ST",77,23,20-04-2002,13,Premier League,1808,Brighton & Hove Albion,France,1,73,76,73,76,80,74,81,76,77,77,77,76,85,79,76,56,77,77,77,58,62,50,6,10,14,10,10
208268,B. Cristante,Bryan Cristante,"CM, CDM",80,30,03-03-1995,31,Serie A,52,Roma,Italy,3,70,68,76,82,75,83,79,53,52,62,79,83,78,89,78,76,76,80,82,79,80,74,3,5,3,3,5
208093,Gerard Moreno,Gerard Moreno Balagueró,"ST, RW, CAM",81,33,07-04-1992,53,La Liga,483,Villarreal CF,Spain,3,77,83,78,79,81,75,81,77,77,76,80,82,85,76,72,42,82,77,78,44,41,41,15,12,7,12,10
206085,J. Murphy,Jacob Kai Murphy,"RW, RM",81,30,24-02-1995,13,Premier League,13,Newcastle United,England,3,84,80,45,79,82,67,80,80,83,74,81,84,68,82,69,65,80,82,78,61,66,55,13,16,13,10,6
259868,P. Sarr,Pape Matar Sarr,"CM, CDM",79,22,14-09-2002,13,Premier League,18,Tottenham Hotspur,Senegal,1,72,65,66,81,79,79,79,71,66,75,82,69,76,85,71,80,73,77,79,77,79,74,14,8,14,8,8
257771,J. Juranović,Josip Juranović,"RB, RM",75,29,16-08-1995,19,Bundesliga,1831,1. FC Union Berlin,Croatia,1,80,57,57,75,73,69,73,84,75,82,74,78,73,67,61,69,69,74,73,71,76,69,12,9,10,15,11
209499,Fabinho,Fábio Henrique Tavares,"CDM, CM",82,31,23-10-1993,350,Pro League,607,Al Ittihad,Brazil,3,76,63,73,85,78,82,82,45,59,59,77,81,73,83,78,82,70,74,86,80,83,80,13,12,6,8,8
236699,S. Lukić,Saša LukićСаша Лукић,"CDM, CM",78,28,13-08-1996,13,Premier League,144,Fulham FC,Serbia,1,77,65,62,78,74,75,77,63,58,65,72,75,72,84,75,80,68,74,75,75,78,75,9,11,13,9,6
245155,M. Kudus,Mohammed Kudus,"RW, LW, ST, RM",80,24,02-08-2000,13,Premier League,18,Tottenham Hotspur,Ghana,3,70,76,55,76,88,68,83,91,88,86,77,81,74,73,76,59,77,75,80,60,66,46,6,12,7,7,10
257191,A. Stach,Anton Levi Stach,"CDM, CM, CB",79,26,15-11-1998,13,Premier League,8,Leeds United,Germany,2,75,59,76,76,74,75,77,68,71,62,79,85,85,82,81,88,74,76,68,70,79,78,7,14,8,7,11
212729,Tozé,António José Pinheiro de Carvalho,"CM, CAM",75,32,14-01-1993,350,Pro League,113037,Al Riyadh,Portugal,1,77,74,56,77,77,77,80,77,69,89,76,80,62,88,46,48,68,77,75,57,55,59,15,13,12,16,15
206591,M. Weiser,Mitchell-Elijah Weiser,"RB, RM",78,31,21-04-1994,19,Bundesliga,38,SV Werder Bremen,Germany,2,76,65,66,77,83,69,80,78,78,84,80,60,75,92,64,75,76,78,76,67,72,72,13,15,10,13,9
233556,R. Orsolini,Riccardo Orsolini,"RM, RW",82,28,24-01-1997,31,Serie A,189,Bologna,Italy,3,85,80,61,78,85,73,83,81,78,83,78,83,78,74,71,40,81,78,76,54,48,38,11,11,14,6,12
220837,D. Machado,Deiver Andrés Machado Mena,"LB, LM",76,31,02-09-1993,16,Ligue 1,64,RC Lens,Colombia,1,75,66,66,74,76,63,75,83,84,76,75,80,83,74,76,71,72,71,74,70,73,72,13,12,8,12,11
224294,L. Cook,Lewis John Cook,"CDM, RB, RM",79,28,03-02-1997,13,Premier League,1943,AFC Bournemouth,England,1,76,60,50,79,77,77,78,68,69,76,79,67,64,85,65,82,65,77,75,75,78,80,6,15,12,15,13
236401,N. Mazraoui,Noussair Mazraouiنصير مزراوي,"RB, CB, RM",80,27,14-11-1997,13,Premier League,11,Manchester United,Morocco,3,79,69,73,80,80,74,81,78,73,76,79,68,81,76,69,80,76,77,79,76,77,80,12,7,13,12,12
202371,T. Meunier,Thomas Andre A. Meunier,"RB, RM",76,33,12-09-1991,16,Ligue 1,65,Lille OSC,Belgium,3,80,70,80,67,75,75,72,60,66,62,73,80,85,78,84,75,74,73,74,72,74,77,8,13,15,6,9
213648,P. Højbjerg,Pierre-Emile Kordt Højbjerg,"CDM, CM",82,29,05-08-1995,16,Ligue 1,219,Olympique de Marseille,Denmark,3,68,68,65,83,75,82,79,52,47,59,82,85,71,81,78,82,69,77,79,79,80,74,9,7,12,11,11
222390,Unai López,Unai López Cabrera,"CM, CDM",76,29,30-10-1995,53,La Liga,480,Rayo Vallecano,Spain,1,75,73,51,80,75,76,78,68,68,84,75,76,64,78,63,74,73,76,76,72,70,63,9,13,12,13,15
241867,Aitor Ruibal,Aitor Ruibal García,"RB, RM, ST, RW",77,29,22-03-1996,53,La Liga,449,Real Betis Balompié,Spain,1,75,72,72,76,77,69,79,80,84,71,74,80,81,67,68,72,75,74,66,68,74,76,9,14,7,15,8
222509,Dani Ceballos,Daniel Ceballos Fernández,"CM, CDM",81,28,07-08-1996,53,La Liga,243,Real Madrid,Spain,3,74,69,41,84,83,81,84,65,57,77,78,76,57,76,61,78,78,81,81,75,76,70,12,15,16,7,13
257919,R. Reitz,Rocco Reitz,"CM, CDM",77,23,29-05-2002,19,Bundesliga,23,Borussia Mönchengladbach,Germany,1,68,73,68,78,77,77,78,73,69,82,73,70,70,79,55,86,74,75,74,73,77,78,8,8,10,15,6
253157,H. Boudaoui,Hicham Boudaouiهشام بوداوي,"CM, CDM",77,25,23-09-1999,16,Ligue 1,72,OGC Nice,Algeria,1,68,68,73,78,77,75,78,74,73,79,77,70,79,93,67,73,74,75,75,72,76,75,7,6,7,13,8
248465,I. Maatsen,Ian Ethan Maatsen,"LB, LM",79,23,10-03-2002,13,Premier League,2,Aston Villa,Netherlands,1,77,64,58,79,81,70,80,88,87,86,78,72,70,74,52,76,68,72,76,74,72,78,9,10,12,15,9
275138,L. Camara,Lamine Camara,"CM, CDM",77,21,01-01-2004,16,Ligue 1,69,AS Monaco,Senegal,1,80,65,48,80,76,78,77,82,76,79,76,72,68,81,61,74,72,77,75,70,76,72,13,12,15,12,9
208135,A. Doucouré,Abdoulaye Doucouré,"CAM, CM",74,32,01-01-1993,350,Pro League,131798,NEOM SC,Mali,1,66,75,72,76,75,73,75,55,51,61,78,84,78,83,80,77,78,74,77,74,76,73,15,12,12,15,14
236480,Y. Bissouma,Yves Bissouma,"CDM, CM",78,28,30-08-1996,13,Premier League,18,Tottenham Hotspur,Mali,3,65,58,65,80,80,78,79,65,67,73,77,78,74,74,74,78,69,74,79,76,77,75,12,8,8,12,8
207865,Marquinhos,Marcos Aoás Corrêa,CB,87,31,14-05-1994,16,Ligue 1,73,Paris Saint-Germain,Brazil,4,68,59,88,84,69,85,79,75,80,68,86,65,89,79,79,89,70,76,86,90,89,88,6,6,12,10,13
269136,K. Mainoo,Kobbie Mainoo,"CM, CDM",77,20,19-04-2005,13,Premier League,11,Manchester United,England,1,65,73,64,79,82,78,80,70,66,80,78,69,74,74,73,74,74,76,82,70,77,75,14,11,10,5,9
255069,Nico González,Nicolás González Iglesias,"CDM, CM",79,23,03-01-2002,13,Premier League,10,Manchester City,Spain,1,70,70,69,83,78,79,81,66,67,67,76,76,77,80,79,73,72,79,75,74,79,70,14,14,10,12,7
210324,J. Hofmann,Jonas Hofmann,"CAM, ST, CM",78,32,14-07-1992,19,Bundesliga,32,Bayer 04 Leverkusen,Germany,3,75,77,48,79,78,76,81,69,60,77,81,74,63,73,66,75,81,80,79,70,57,57,6,6,10,10,10
251804,S. Dest,Sergiño Gianni Dest,"RB, LB, RM",79,24,03-11-2000,10,Eredivisie,247,PSV,United States,1,76,60,59,80,84,71,82,89,86,89,77,65,78,76,68,73,73,76,75,72,76,75,11,10,10,15,15
244260,Dani Olmo,Daniel Olmo Carvajal,"CAM, CM, ST",85,27,07-05-1998,53,La Liga,241,FC Barcelona,Spain,3,78,80,43,87,87,81,87,78,69,86,86,79,60,65,54,57,83,86,82,50,50,44,15,15,13,12,11
264240,Gavi,Pablo Martín Páez Gavira,"CM, CAM",83,20,05-08-2004,53,La Liga,241,FC Barcelona,Spain,3,69,71,42,84,86,82,85,77,75,86,86,56,62,84,58,79,81,83,77,59,78,72,8,10,11,7,13
243780,Lee Kang In,Kang-in Lee이강인,"RW, CM, RM",79,24,19-02-2001,16,Ligue 1,73,Paris Saint-Germain,Korea Republic,2,81,75,65,80,82,79,82,75,69,86,76,79,70,73,56,53,78,80,81,45,51,42,11,12,12,8,14
220876,F. Honorat,Franck Honorat,"RM, RW, RB",80,28,11-08-1996,19,Bundesliga,23,Borussia Mönchengladbach,France,2,92,74,59,76,79,74,80,82,85,78,72,88,71,80,56,59,77,76,74,53,46,51,10,15,7,14,15
190674,B. André,Benjamin André,"CDM, CM",80,34,03-08-1990,16,Ligue 1,65,Lille OSC,France,3,70,61,80,78,75,77,79,54,55,68,79,69,80,90,79,80,70,72,79,78,81,76,8,14,15,7,10
246923,J. Ramsey,Jacob Matthew Ramsey,"LM, LW",78,24,21-05-2001,13,Premier League,13,Newcastle United,England,1,71,77,56,77,81,69,78,76,77,79,79,78,72,79,68,67,78,75,78,69,73,64,14,9,8,6,12
251566,Gabriel Martinelli,Gabriel Teodoro Martinelli Silva,"LW, LM",81,24,18-06-2001,13,Premier League,1,Arsenal,Brazil,3,77,79,72,77,85,65,82,92,89,87,78,77,83,82,63,39,80,77,79,44,44,43,10,6,7,6,6
242641,R. Aït-Nouri,Rayan Aït Nouriريان آيت نوري,"LB, LM",81,24,06-06-2001,13,Premier League,10,Manchester City,Algeria,1,80,50,66,79,87,72,84,85,84,81,80,61,78,80,65,78,75,75,80,77,78,80,15,11,8,14,12
233195,X. Schlager,Xaver Schlager,"CDM, CM",80,27,28-09-1997,19,Bundesliga,112172,RB Leipzig,Austria,3,59,66,44,80,78,80,78,74,64,75,80,78,68,77,77,82,75,78,74,77,78,73,6,8,8,12,7
242444,João Félix,João Félix Sequeira,"CAM, LW, LM, ST",79,25,10-11-1999,350,Pro League,112139,Al Nassr,Portugal,3,76,76,68,79,82,72,81,79,75,85,79,81,75,70,60,45,80,79,84,35,47,47,13,12,14,13,14
80170,Wesley,Wesley Vinícius França Lima,"RB, RM",77,21,06-09-2003,31,Serie A,52,Roma,Brazil,1,71,62,66,75,79,71,74,91,88,90,72,60,84,78,74,71,81,64,71,74,76,75,6,6,15,13,7
203483,D. Klaassen,Davy Klaassen,"CM, CDM",77,32,21-02-1993,10,Eredivisie,245,Ajax,Netherlands,2,66,79,76,79,70,75,79,55,40,65,77,79,78,83,75,71,82,77,80,74,74,66,12,6,13,16,10
236830,Z. Youssouf,Zaydou Youssouf,"CDM, CM, CB",77,25,11-07-1999,350,Pro League,112390,Al Fateh,Comoros,1,63,60,59,79,81,76,82,68,72,72,75,74,75,80,81,72,76,75,77,72,74,65,13,9,10,12,11
272449,Pablo Barrios,Pablo Barrios Rivas,"CM, CDM",82,22,15-06-2003,53,La Liga,240,Atlético Madrid,Spain,1,57,70,57,83,81,81,82,81,79,78,81,72,74,85,66,81,74,80,78,69,80,69,5,15,9,13,10
235663,G. Til,Guus Berend Til,"CAM, CM",77,27,22-12-1997,10,Eredivisie,247,PSV,Netherlands,2,63,78,78,77,73,73,76,75,83,66,82,77,77,78,71,68,85,75,77,63,61,58,12,6,12,11,14
242577,R. Faivre,Romain Faivre,"RM, RW",76,26,14-07-1998,350,Pro League,112393,Al Taawoun FC,France,2,78,70,61,77,81,69,79,76,62,81,72,74,73,73,63,66,72,78,79,58,64,58,14,13,13,14,15
231591,Javi Galán,Javier Galán Gil,"LB, LM",80,30,19-11-1994,53,La Liga,240,Atlético Madrid,Spain,1,79,50,74,79,80,77,79,80,77,75,78,72,81,77,66,75,66,64,75,76,79,78,14,14,10,6,8
237942,P. Estupiñán,Pervis Josué Estupiñán Tenorio,"LB, LM",79,27,21-01-1998,31,Serie A,47,AC Milan,Ecuador,3,79,48,70,79,80,72,79,77,76,74,77,67,77,81,68,77,70,72,72,72,78,76,14,7,14,7,7
202884,L. Spinazzola,Leonardo Spinazzola,"LB, LM",78,32,25-03-1993,31,Serie A,48,Napoli,Italy,3,79,60,68,76,78,69,78,84,86,76,74,71,78,67,64,77,76,74,75,75,78,74,11,13,12,15,14
266436,Javi Guerra,Javier Guerra Moreno,"CM, CDM",77,22,13-05-2003,53,La Liga,461,Valencia CF,Spain,1,63,75,68,81,76,78,78,73,74,77,74,73,75,73,69,75,77,80,74,74,75,69,5,12,13,11,14
255475,Antony,Antony Matheus dos Santos,"RW, RM",81,25,24-02-2000,53,La Liga,449,Real Betis Balompié,Brazil,3,80,77,45,80,82,71,83,85,83,90,78,83,68,75,61,50,79,79,78,40,45,28,9,10,14,8,13
233738,Zubeldia,Igor Zubeldía Elorza,CB,78,28,30-03-1997,53,La Liga,457,Real Sociedad,Spain,1,65,62,73,78,71,76,72,73,78,73,79,75,85,77,81,80,63,72,73,79,77,75,6,8,9,10,13
184392,M. Darmian,Matteo Darmian,"RB, CB, RM",81,35,02-12-1989,31,Serie A,44,Inter,Italy,3,74,60,76,81,72,74,79,68,74,79,83,69,77,75,64,79,78,70,79,83,84,79,6,7,7,12,7
241095,N. Vlašić,Nikola Vlašić,"CAM, LW, RW, CM",79,27,04-10-1997,31,Serie A,54,Torino,Croatia,2,71,74,65,80,82,74,83,77,72,77,75,80,75,76,65,62,76,78,77,54,62,37,6,14,15,9,14
278773,M. Lewis-Skelly,Myles Anthony Lewis-Skelly,"LB, CM",78,18,26-09-2006,13,Premier League,1,Arsenal,England,1,73,55,70,78,77,75,77,77,76,68,77,69,83,75,79,76,72,76,79,74,77,75,11,10,6,12,9
216320,S. Fofana,Seko Mohamed Fofana,"CM, CDM, CAM",77,30,07-05-1995,16,Ligue 1,74,Stade Rennais FC,Côte d'Ivoire,3,62,72,58,80,78,72,77,67,68,69,75,83,75,76,82,74,75,78,76,68,78,70,9,8,9,11,10
205569,J. Ward-Prowse,James Michael Edward Ward-Prowse,"CM, CDM, CAM, CB",77,30,01-11-1994,13,Premier League,19,West Ham United,England,2,89,72,59,80,72,81,78,46,39,68,77,81,54,86,50,65,69,79,78,64,71,63,12,12,10,15,15
242087,H. Morita,Hidemasa Morita守田 英正,"CM, CDM",79,30,10-05-1995,308,Primeira Liga,237,Sporting CP,Japan,1,70,75,47,80,80,80,81,67,68,75,79,72,68,83,77,78,78,79,79,75,76,74,6,10,13,7,8
271057,Gustavo Sá,Gustavo Filipe Alves de Freitas Azevedo e Sá,"CAM, CM",74,20,11-11-2004,308,Primeira Liga,112809,Famalicão,Portugal,1,69,68,68,76,73,72,75,74,75,74,74,71,81,57,78,69,74,76,76,69,73,69,12,10,13,6,7
260599,A. Varela,Alan Gonzalo Varela,"CDM, CM",79,23,04-07-2001,308,Primeira Liga,236,FC Porto,Argentina,1,66,60,57,81,71,74,76,71,69,71,77,78,73,84,74,78,70,75,80,78,75,75,8,11,14,5,13
202024,R. Freuler,Remo Marco Freuler,"CDM, CM",81,33,15-04-1992,31,Serie A,189,Bologna,Switzerland,3,65,70,48,83,76,78,83,63,53,67,82,75,62,91,67,79,78,78,83,80,84,75,12,8,9,14,13
255565,K. Mitoma,Kaoru Mitoma三笘 薫,"LM, LW",82,28,20-05-1997,13,Premier League,1808,Brighton & Hove Albion,Japan,3,77,79,52,80,87,65,88,88,87,89,77,69,72,75,60,57,78,81,84,58,59,54,10,13,10,14,9
192629,Iago Aspas,Iago Aspas Juncal,"RW, ST, RM",83,37,01-08-1987,53,La Liga,450,RC Celta,Spain,3,80,85,77,82,85,75,85,78,76,81,82,83,80,57,61,39,85,81,84,39,21,18,12,16,9,12,13
224656,O. Aina,Temitayo Olufisayo Olaoluwa Aina,"RB, LB, RM",80,28,08-10-1996,13,Premier League,14,Nottingham Forest,Nigeria,1,77,54,68,74,76,67,74,89,87,71,78,77,84,77,75,78,68,70,74,79,79,79,7,14,10,10,9
231102,L. Blas,Ludovic Blas,"RM, RW, CAM",77,27,31-12-1997,16,Ligue 1,74,Stade Rennais FC,France,2,72,74,58,78,80,74,80,77,67,79,73,82,72,71,63,66,72,77,81,47,64,59,12,9,14,14,15
204485,R. Mahrez,Riyad Mahrezرياض محرز,"RM, RW",84,34,21-02-1991,350,Pro League,112387,Al Ahli SFC,Algeria,3,81,80,56,82,87,74,89,81,76,91,81,82,71,79,60,39,83,82,81,45,34,22,15,9,13,11,6
204525,Iñigo Martínez,Íñigo Martínez Berridi,CB,85,34,17-05-1991,350,Pro League,112139,Al Nassr,Spain,3,53,42,83,83,60,83,78,70,72,66,84,82,87,69,82,86,52,65,76,84,87,85,12,16,11,13,11
243631,M. Camara,Mahdi Camara,"CM, CAM",78,27,30-06-1998,16,Ligue 1,74,Stade Rennais FC,France,1,63,69,69,81,77,79,78,68,78,75,79,70,76,81,74,80,76,78,77,76,79,76,6,11,7,9,7
212194,J. Brandt,Julian Brandt,"CAM, CM",83,29,02-05-1996,19,Bundesliga,22,Borussia Dortmund,Germany,3,78,77,54,85,84,83,85,67,79,83,82,82,69,85,72,56,82,86,85,49,29,39,11,16,11,8,9
216354,A. Kramarić,Andrej Kramarić,"CAM, CM",81,34,19-06-1991,19,Bundesliga,10029,TSG 1899 Hoffenheim,Croatia,3,73,83,69,82,84,73,85,70,65,80,83,82,73,85,68,29,84,81,82,35,25,26,8,14,14,7,15
241486,J. Koundé,Jules Olivier Koundé,"RB, CB, RM",87,26,12-11-1998,53,La Liga,241,FC Barcelona,France,4,78,47,80,82,78,75,81,85,83,70,86,48,91,87,85,86,69,70,82,87,86,84,11,10,8,14,13
226807,C. Roldan,Cristian Roldán,"CDM, RM, CM, RW",74,30,03-06-1995,39,Major League Soccer,111144,Seattle Sounders FC,United States,1,68,60,72,74,71,67,73,77,77,77,78,69,84,85,73,69,74,69,70,72,72,68,13,7,12,16,11
244728,S. Steijn,Sem Steijn,"CAM, CM",78,23,12-11-2001,10,Eredivisie,246,Feyenoord,Netherlands,1,68,86,74,77,75,69,80,73,61,75,82,84,71,89,66,34,87,79,77,37,40,52,7,8,9,6,12
253177,Y. Musah,Yunus Dimoara Musah,"CM, CDM, RM, CAM",74,22,29-11-2002,31,Serie A,39,Atalanta,United States,1,72,66,56,74,81,71,76,85,91,76,71,78,78,78,71,71,74,72,78,70,74,69,15,6,14,6,10
230020,P. Lees-Melou,Pierre Lees-Melou,"CDM, CM",78,32,25-05-1993,16,Ligue 1,111817,Paris FC,France,2,76,70,58,79,77,78,80,61,54,71,78,77,69,80,71,79,75,77,77,76,74,65,14,6,12,9,10
247028,A. Král,Alex Král,"CM, CAM",74,27,19-05-1998,19,Bundesliga,1831,1. FC Union Berlin,Czechia,1,68,62,71,74,76,73,76,69,73,74,74,75,81,84,76,74,65,75,75,73,74,74,11,13,10,11,12
213296,N. Bentaleb,Nabil Bentalebنبيل بن طالب,"CDM, CM",77,30,24-11-1994,16,Ligue 1,65,Lille OSC,Algeria,2,65,65,62,83,80,79,82,51,50,70,74,83,69,64,76,73,65,80,80,72,74,66,9,10,16,9,15
233084,N. Molina,Nahuel Molina Lucero,"RB, RM",79,27,06-04-1998,53,La Liga,240,Atlético Madrid,Argentina,3,78,67,63,76,75,69,76,79,84,81,76,70,74,85,63,77,77,76,74,75,77,76,12,13,8,5,10
208787,A. Thomasson,Adrien Thomasson,"CM, CAM",77,31,10-12-1993,16,Ligue 1,64,RC Lens,France,2,75,73,61,78,77,75,78,62,54,77,78,75,68,90,65,72,75,77,77,61,69,57,14,9,15,9,13
213655,A. Iwobi,Alexander Chuka Iwobi,"LM, RM, LW",80,29,03-05-1996,13,Premier League,144,Fulham FC,Nigeria,3,78,74,45,79,84,74,81,77,75,75,79,75,69,88,72,59,77,81,81,52,64,50,14,7,12,14,11
212404,F. Bernardeschi,Federico Bernardeschi,"RM, ST, RW",77,31,16-02-1994,31,Serie A,189,Bologna,Italy,2,80,72,53,76,81,72,82,75,75,82,69,80,70,74,69,56,70,75,78,57,52,52,14,15,10,13,12
215798,M. Cornet,Gnaly Maxwel Cornet,"LM, ST, LW",74,28,27-09-1996,31,Serie A,110556,Genoa,Côte d'Ivoire,1,72,73,69,72,76,62,74,83,86,75,69,79,79,57,64,66,74,70,67,64,70,66,16,13,8,12,9
210935,D. Berardi,Domenico Berardi,"RW, RM",82,30,01-08-1994,31,Serie A,111974,Sassuolo,Italy,3,77,81,62,81,83,77,84,84,80,88,82,80,73,75,58,36,83,80,78,32,30,30,5,6,5,5,6
231943,Richarlison,Richarlison de Andrade,"ST, LW, LM",78,28,10-05-1997,13,Premier League,18,Tottenham Hotspur,Brazil,3,73,78,82,76,80,61,79,77,75,72,76,83,89,68,74,46,79,74,79,43,58,48,12,7,8,11,13
205070,Portu,Cristian Portugués Manzanera,"RM, LM, RW",76,33,21-05-1992,53,La Liga,110062,Girona FC,Spain,1,74,73,69,74,74,67,74,82,79,75,74,77,80,75,70,55,74,74,73,55,54,51,14,10,15,15,13
232730,D. Kamada,Daichi Kamada鎌田 大地,"CM, CAM",77,28,05-08-1996,13,Premier League,1799,Crystal Palace,Japan,3,74,74,56,79,77,77,79,74,68,78,79,65,66,75,55,68,75,78,74,59,69,61,6,10,11,6,11
205988,L. Shaw,Luke Paul Hoare Shaw,"CB, LB, LM",79,29,12-07-1995,13,Premier League,11,Manchester United,England,3,82,46,76,79,75,77,78,69,69,60,78,80,83,51,77,79,71,77,76,79,79,78,10,12,13,7,7
273906,Renato Veiga,Renato de Palma Veiga,"CB, CDM",76,21,29-07-2003,53,La Liga,483,Villarreal CF,Portugal,1,68,50,70,77,72,75,74,67,77,70,73,72,80,80,82,73,63,70,72,74,77,76,6,15,11,13,9
256516,Nico Williams,Nicholas Williams Arthuer,"LM, RM, LW",86,22,12-07-2002,53,La Liga,448,Athletic Club,Spain,3,83,79,65,82,88,74,85,94,92,92,82,78,79,81,61,40,80,82,78,36,28,25,9,13,12,12,14
244788,P. Bucha,Pavel Bucha,"CM, CDM, CAM",75,27,11-03-1998,39,Major League Soccer,113149,FC Cincinnati,Czechia,1,72,68,62,76,76,74,76,76,67,76,75,71,74,81,64,73,69,74,75,69,70,66,13,8,10,6,12
268896,H. Larsson,Hugo Emanuel Larsson,"CM, CDM",78,21,27-06-2004,19,Bundesliga,1824,Eintracht Frankfurt,Sweden,1,47,77,61,83,75,77,80,72,81,79,79,74,75,83,74,77,76,78,85,76,70,60,14,7,7,12,8
206517,J. Grealish,Jack Peter Grealish,"LW, LM",80,29,10-09-1995,13,Premier League,7,Everton,England,3,80,76,48,81,86,78,86,75,70,84,79,76,67,69,67,49,78,80,86,58,54,48,11,6,11,10,13
238794,Vini Jr.,Vinicius José Paixão de Oliveira Junior,"LW, ST, LM",89,24,12-07-2000,53,La Liga,243,Real Madrid,Brazil,5,81,88,50,83,93,77,90,95,95,94,85,81,74,84,65,26,86,85,83,32,25,18,5,7,7,7,10
260813,G. Kochorashvili,Giorgi Kochorashviliგიორგი ქოჩორაშვილი,"CM, CDM, LM, CAM",74,26,29-06-1999,308,Primeira Liga,237,Sporting CP,Georgia,1,62,68,62,77,72,75,79,73,71,77,75,77,76,80,73,71,63,71,66,68,68,67,11,6,12,11,13
237034,Cucho,Juan Camilo Hernández Suárez,"ST, CAM",78,26,22-04-1999,53,La Liga,449,Real Betis Balompié,Colombia,1,68,76,77,79,82,76,82,84,79,81,78,79,90,79,76,23,78,75,77,44,43,40,9,11,11,9,6
248165,A. Rațiu,Andrei Florin Rațiu,"RB, RM",79,27,20-06-1998,53,La Liga,480,Rayo Vallecano,Romania,1,79,56,75,77,82,66,79,93,92,81,72,66,85,80,65,72,75,75,69,75,74,70,9,11,12,11,12
233064,M. Mount,Mason Tony Mount,"CAM, CM, RW",77,26,10-01-1999,13,Premier League,11,Manchester United,England,3,80,75,55,79,79,79,80,68,66,72,77,79,63,60,56,63,77,78,79,58,69,56,11,12,13,8,12
257711,R. Calafiori,Riccardo Calafiori,"LB, CB",78,23,19-05-2002,13,Premier League,1,Arsenal,Italy,1,73,62,75,76,75,67,77,74,70,69,78,75,84,73,77,77,70,66,75,76,78,79,9,11,5,6,11
235790,K. Havertz,Kai Lukas Havertz,"ST, CM, CAM",82,26,11-06-1999,13,Premier League,1,Arsenal,Germany,3,75,80,81,82,84,77,85,71,72,70,81,81,85,85,75,43,84,81,78,45,47,41,6,8,11,10,12
252794,Adrián Bernabé,Adrián Bernabé García,"CDM, CM",74,24,26-05-2001,31,Serie A,50,Parma,Spain,1,67,69,46,78,78,76,80,82,73,85,70,72,62,79,52,71,68,75,76,70,75,70,8,12,9,10,9
235456,J. Bellegarde,Jean-Ricner Bellegarde,"CAM, CM",75,27,27-06-1998,13,Premier League,110,Wolverhampton Wanderers,Haiti,1,66,61,61,76,77,75,78,79,78,83,75,69,76,79,68,70,74,75,75,68,74,72,12,15,14,10,9
224031,A. Marušić,Adam MarušićАдам Марушић,"RB, LB, RM",78,32,17-10-1992,31,Serie A,46,Lazio,Montenegro,2,76,56,74,71,75,55,76,79,80,64,76,79,86,77,77,75,69,60,75,74,76,75,8,9,7,10,10
223874,V. Rongier,Valentin Rongier,"CDM, CM",79,30,07-12-1994,16,Ligue 1,74,Stade Rennais FC,France,2,68,62,53,81,78,77,76,67,58,78,77,72,71,81,78,78,68,78,77,73,80,73,11,8,12,7,11
234906,H. Aouar,Houssem Aouarحسام عوار,"CAM, CM",77,27,30-06-1998,350,Pro League,607,Al Ittihad,Algeria,2,65,73,64,79,84,76,81,68,64,78,76,69,69,66,62,68,76,78,76,66,64,58,14,6,11,7,10
211147,V. Lazaro,Valentino Lando Lazaro,"RM, LM, LB, RB",76,29,24-03-1996,31,Serie A,54,Torino,Austria,1,82,64,61,77,75,75,76,77,66,79,78,69,73,70,61,72,74,72,76,71,74,72,8,13,11,8,8
200145,Casemiro,Carlos Henrique Casimiro,"CDM, CM",80,33,23-02-1992,13,Premier League,11,Manchester United,Brazil,3,68,69,80,79,68,80,77,35,36,48,79,82,75,54,81,77,71,76,77,78,83,83,13,14,16,12,12
248793,M. Wieffer,Mats Wieffer,"CDM, CM",78,25,16-11-1999,13,Premier League,1808,Brighton & Hove Albion,Netherlands,1,68,62,76,79,73,78,78,67,67,67,75,75,82,77,76,79,63,74,78,73,78,72,7,12,14,12,7
279604,Jauregizar,Mikel Jauregizar Alboniga,"CM, CDM",78,21,13-11-2003,53,La Liga,448,Athletic Club,Spain,1,64,68,48,79,78,78,79,74,69,78,76,75,68,81,71,75,75,78,79,75,77,66,6,9,5,13,6
250959,A. Stiller,Angelo Stiller,"CDM, CM",83,24,04-04-2001,19,Bundesliga,36,VfB Stuttgart,Germany,3,77,49,67,88,83,83,85,68,47,82,85,73,72,80,67,80,65,87,84,77,78,69,7,14,5,9,9
233301,R. Kristensen,Rasmus Nissen Kristensen,"RB, RM, CB",79,27,11-07-1997,19,Bundesliga,1824,Eintracht Frankfurt,Denmark,1,77,60,78,72,72,67,75,66,72,61,81,75,83,84,78,78,74,66,74,80,79,74,10,9,9,6,10
257980,D. Ndoye,Dan Assane Ndoye,"LM, RM, LW",79,24,25-10-2000,13,Premier League,14,Nottingham Forest,Switzerland,1,76,74,53,71,83,63,81,86,92,84,75,75,73,81,65,62,76,70,74,59,67,65,10,14,10,15,12
228302,Pedraza,Alfonso Pedraza Sag,"LB, LM",75,29,09-04-1996,53,La Liga,483,Villarreal CF,Spain,1,76,70,67,74,74,68,74,77,77,75,72,76,79,68,72,70,75,69,66,74,75,74,12,6,14,7,12
229348,A. Robinson,Antonee Robinson,"LB, LM",82,27,08-08-1997,13,Premier League,144,Fulham FC,United States,3,81,44,64,76,79,74,77,87,89,73,80,46,81,90,73,83,76,78,73,78,81,76,12,9,15,14,9
189596,T. Müller,Thomas Müller,"CAM, ST, RM",80,35,13-09-1989,39,Major League Soccer,101112,Vancouver Whitecaps FC,Germany,3,85,81,79,83,77,79,80,53,63,67,88,78,73,63,66,58,90,87,88,47,57,46,6,7,11,14,14
252064,L. Krejčí,Ladislav Krejčí,"CB, CDM",78,26,20-04-1999,13,Premier League,110,Wolverhampton Wanderers,Czechia,1,56,62,82,75,69,74,72,68,75,55,75,78,89,79,85,77,73,70,75,75,76,74,9,5,6,14,6
230065,S. Serdar,Suat Serdar,"CM, CDM",76,28,11-04-1997,31,Serie A,206,Hellas Verona FC,Germany,2,62,70,70,77,79,75,78,66,68,72,76,75,72,75,68,74,70,76,80,71,74,73,15,8,5,13,10
188350,M. Reus,Marco Reus,"CAM, ST, CM",79,36,31-05-1989,39,Major League Soccer,697,LA Galaxy,Germany,3,81,81,44,83,80,76,82,62,54,76,81,82,59,66,66,55,80,81,78,55,47,59,12,12,13,13,11
228579,B. Henrichs,Benjamin Henrichs,"RB, RM, LB",80,28,23-02-1997,19,Bundesliga,112172,RB Leipzig,Germany,3,79,50,66,80,79,72,78,74,73,75,79,62,77,73,74,77,70,74,78,78,81,84,8,9,13,12,14
212491,A. Masuaku,Fuka-Arthur Masuaku Kawela,"LB, LM",75,31,07-11-1993,13,Premier League,106,Sunderland,Congo DR,1,78,52,63,75,80,73,77,77,80,77,69,75,74,83,80,68,65,70,74,67,71,70,8,7,10,7,7
244778,Trincão,Francisco António Machado Mota de Castro Trincão,"CAM, RM, RW, ST",82,25,29-12-1999,308,Primeira Liga,237,Sporting CP,Portugal,3,75,81,66,80,86,74,83,80,80,84,82,81,79,85,72,37,82,84,82,40,36,34,5,9,6,15,7
258171,Hannibal,Hannibal Mejbriحنبعل المجبري,"CM, CAM",74,22,21-01-2003,13,Premier League,1796,Burnley,Tunisia,1,69,60,57,75,75,72,76,74,77,78,73,70,76,90,76,70,70,73,75,67,72,70,9,5,10,11,7
238072,E. Löwen,Eduard Löwen,"CM, CDM, CAM, CB",74,28,28-01-1997,39,Major League Soccer,113018,St. Louis CITY SC,Germany,1,70,63,70,76,75,75,76,60,70,46,76,85,78,86,83,69,67,70,71,69,74,66,5,10,5,12,13
220414,Diego Rico,Diego Rico Salguero,"LB, LM",77,32,23-02-1993,53,La Liga,1860,Getafe CF,Spain,1,79,43,68,77,74,72,75,69,71,62,74,76,78,73,79,79,71,77,72,75,77,74,10,9,15,11,10
238463,A. Haidara,Amadou Haïdara,"CM, CDM",77,27,31-01-1998,19,Bundesliga,112172,RB Leipzig,Mali,2,75,66,51,79,79,77,79,69,58,78,79,75,65,76,65,80,71,78,75,74,75,68,7,11,8,7,10
252143,Daniel Bragança,Daniel Santos Bragança,"CM, CDM, CAM",78,26,27-05-1999,308,Primeira Liga,237,Sporting CP,Portugal,1,65,76,49,82,80,79,82,76,81,77,77,66,64,70,58,72,72,79,75,64,71,69,6,12,14,11,11
214026,J. Mojica,Johan Andrés Mojica Palacio,"LB, LM",78,32,21-08-1992,53,La Liga,453,RCD Mallorca,Colombia,1,77,62,65,77,75,72,75,86,90,69,74,80,80,63,69,75,71,65,70,73,77,75,13,8,14,9,15
246646,M. Caqueret,Maxence Caqueret,"CM, CDM",77,25,15-02-2000,31,Serie A,1745,Como,France,2,67,60,48,80,77,79,78,77,73,85,76,63,63,80,55,78,69,77,78,77,83,71,8,5,12,5,15
224425,M. Wolf,Marius Wolf,"RB, RM",75,30,27-05-1995,19,Bundesliga,100409,FC Augsburg,Germany,2,76,73,57,72,75,64,73,75,74,66,75,75,76,80,76,72,76,72,77,70,72,72,12,15,7,16,8
260823,N. Fagioli,Nicolò Fagioli,"CM, CDM, CB",77,24,12-02-2001,31,Serie A,110374,Fiorentina,Italy,1,69,56,58,82,79,82,82,73,75,76,74,76,68,68,59,70,62,78,72,69,74,70,7,10,8,10,13
221671,Lee Jae Sung,Jae-sung Lee이재성 李在成,"CAM, CM",77,32,10-08-1992,19,Bundesliga,169,1. FSV Mainz 05,Korea Republic,2,68,71,81,76,80,70,81,74,71,84,78,71,87,85,56,65,81,75,78,53,65,60,14,7,15,6,8
239380,N. Lang,Noa Noëll Lang,"LW, LM",80,26,17-06-1999,31,Serie A,48,Napoli,Netherlands,1,69,80,49,77,84,68,84,84,76,87,82,74,68,78,60,57,75,77,83,47,51,43,13,7,13,12,12
241707,P. Gueye,Pape Alassane Gueye,"CM, CDM",78,26,24-01-1999,53,La Liga,483,Villarreal CF,Senegal,1,67,56,68,81,76,79,78,66,68,67,77,81,77,80,78,76,75,79,76,77,77,74,12,12,12,14,12
239778,J. Moder,Jakub Piotr Moder,"CM, CAM, CDM",75,26,07-04-1999,10,Eredivisie,246,Feyenoord,Poland,1,70,66,65,77,75,75,75,55,72,58,76,78,73,79,78,74,72,75,76,71,71,67,15,14,14,13,6
222148,O. Duda,Ondrej Duda,"CM, CDM",75,30,05-12-1994,350,Pro League,112096,Al Ettifaq,Slovakia,1,65,70,52,76,79,75,80,67,63,76,72,78,59,80,54,68,70,75,78,65,67,62,15,12,14,16,10
236764,A. Tanaka,Ao Tanaka田中 碧,"CDM, CM",76,26,10-09-1998,13,Premier League,8,Leeds United,Japan,1,61,66,60,78,75,74,77,72,69,82,74,73,71,86,65,75,64,74,79,74,75,72,10,14,12,12,6
230666,Gabriel Jesus,Gabriel Fernando de Jesus,"ST, CAM",80,28,03-04-1997,13,Premier League,1,Arsenal,Brazil,3,73,79,76,79,87,66,84,85,78,88,80,82,85,66,67,32,81,78,78,45,30,28,13,8,6,6,15
231184,Guruzeta,Gorka Guruzeta Rodríguez,ST,79,28,12-09-1996,53,La Liga,448,Athletic Club,Spain,1,69,79,79,79,78,62,81,75,71,76,79,82,87,78,79,49,78,74,75,45,48,50,12,14,11,10,5
237329,J. Willock,Joseph George Willock,"CM, CAM",76,25,20-08-1999,13,Premier League,13,Newcastle United,England,1,67,74,70,78,81,74,78,74,75,79,75,76,75,71,65,76,75,79,76,70,75,63,11,6,12,8,9
275298,A. Pavlović,Aleksandar Pavlović,"CDM, CM",79,21,03-05-2004,19,Bundesliga,21,FC Bayern München,Germany,1,73,66,71,85,77,85,83,69,56,72,80,64,78,77,72,74,62,77,79,79,74,77,6,9,15,9,7
273463,João Gomes,João Victor Gomes da Silva,"CDM, CM",78,24,12-02-2001,13,Premier League,110,Wolverhampton Wanderers,Brazil,1,64,65,70,78,73,77,77,56,52,74,75,75,69,78,68,79,68,73,72,74,81,77,7,14,10,14,13
259480,I. Saibari,Ismael Saibari Ben El Basraإسماعيل صيباري,"CAM, CM",79,23,18-07-2001,10,Eredivisie,247,PSV,Morocco,1,71,75,57,78,83,71,84,81,76,77,80,79,81,79,83,51,78,78,74,50,53,44,8,12,11,10,15
225782,A. Maitland-Niles,Ainsley Cory Maitland-Niles,"RB, RM, RW",77,27,29-08-1997,16,Ligue 1,66,Olympique Lyonnais,England,2,72,66,55,76,75,74,78,74,80,73,76,63,73,77,73,73,67,75,80,71,76,77,15,9,7,10,13
237819,N. Domínguez,Nicolás Martín Domínguez,"CDM, CM",79,27,28-06-1998,13,Premier League,14,Nottingham Forest,Argentina,1,60,63,68,80,74,77,77,72,67,82,75,72,74,89,67,78,66,73,70,72,80,77,6,11,9,10,5
210736,Emerson,Emerson Palmieri dos Santos,"LB, LM",77,30,03-08-1994,16,Ligue 1,219,Olympique de Marseille,Italy,2,78,52,66,76,78,73,77,73,66,69,75,80,71,76,59,76,70,67,77,74,75,75,8,15,8,7,14
203980,K. Fortounis,Konstantinos FortounisΚωνσταντίνος Φορτούνης,"CAM, ST, RW, CM",80,32,16-10-1992,350,Pro League,112883,Al Khaleej,Greece,2,77,79,62,83,80,82,82,71,74,76,78,76,72,67,66,37,77,84,81,47,38,38,16,15,16,13,11
244270,N. Moro,Nikola Moro,"CDM, CM",75,27,12-03-1998,31,Serie A,189,Bologna,Croatia,1,67,67,69,78,72,80,76,66,66,68,72,82,73,74,70,69,74,74,77,68,73,72,9,9,10,13,11
219985,M. Vecino,Matías Vecino Falero,"CM, CDM",77,33,24-08-1991,31,Serie A,46,Lazio,Uruguay,2,69,68,83,79,76,75,80,52,54,67,78,82,81,64,77,82,79,79,80,77,77,76,4,4,4,4,4
270964,J. Bellingham,Jobe Samuel Patrick Bellingham,"CM, CDM, CAM",74,19,23-09-2005,19,Bundesliga,22,Borussia Dortmund,England,1,64,69,66,75,75,72,75,68,71,70,75,68,75,84,75,72,72,74,74,71,73,73,10,10,13,15,11
245371,T. Almada,Thiago Ezequiel Almada,"CAM, CM",79,24,26-04-2001,53,La Liga,240,Atlético Madrid,Argentina,3,74,70,39,80,82,74,83,86,74,92,74,78,53,69,50,58,76,81,80,44,57,51,12,8,9,8,10
237712,V. Castellanos,Valentín Mariano José Castellanos Giménez,ST,80,26,03-10-1998,31,Serie A,46,Lazio,Argentina,3,58,84,83,79,82,66,83,78,73,77,79,79,85,85,65,39,83,79,81,43,40,39,15,6,10,12,8
225951,D. Bouanga,Denis Athanase Bouanga,"LW, ST, LM",79,30,11-11-1994,39,Major League Soccer,112996,Los Angeles FC,Gabon,2,72,83,71,70,80,68,78,83,86,85,82,85,88,83,81,38,81,73,72,46,25,23,8,9,14,8,16
229862,Edu Expósito,Eduardo Expósito Jaén,"CAM, CM, CDM",75,28,01-08-1996,53,La Liga,452,RCD Espanyol,Spain,1,73,71,59,76,79,75,77,61,63,74,74,76,66,73,65,73,74,76,74,71,71,70,9,15,8,6,8
208364,Clinton Mata,Clinton Mukoni Mata Pedro Lourenço,"CB, RB",77,32,07-11-1992,16,Ligue 1,66,Olympique Lyonnais,Angola,1,65,53,74,72,74,71,73,74,83,74,78,76,83,84,75,78,67,61,77,78,77,76,10,10,7,10,10
201455,G. Kondogbia,Geoffrey Edwin Kondogbia,"CB, CDM, CM",78,32,15-02-1993,16,Ligue 1,219,Olympique de Marseille,Central African Republic,2,64,67,74,79,70,78,77,64,66,65,70,78,83,74,84,77,66,73,77,80,79,76,15,10,10,8,10
241461,Ferran Torres,Ferran Torres García,"LW, RW, ST, LM",83,25,29-02-2000,53,La Liga,241,FC Barcelona,Spain,3,81,84,75,82,84,77,83,86,80,85,81,79,84,72,69,34,82,79,82,35,24,28,12,9,11,15,12
250941,D. Köhn,Derrick Arthur Köhn,"LB, LM",75,26,04-02-1999,19,Bundesliga,1831,1. FC Union Berlin,Germany,1,74,67,58,72,79,70,76,86,88,84,71,77,79,71,72,69,64,65,61,67,72,71,9,14,7,9,13
257876,N. Seiwald,Nicolas Seiwald,"CDM, CM, CB",77,24,04-05-2001,19,Bundesliga,112172,RB Leipzig,Austria,1,73,58,63,75,72,79,75,74,70,77,78,70,76,81,72,79,68,74,70,71,77,72,5,8,7,14,7
234112,Dodô,Domilson Cordeiro dos Santos,"RB, RM",78,26,17-11-1998,31,Serie A,110374,Fiorentina,Brazil,1,79,60,55,78,78,68,80,84,87,81,76,66,71,84,59,74,78,72,76,74,75,71,14,14,10,14,5
206467,A. Pléa,Alassane Alexandre Pléa,"ST, CAM, LW",78,32,10-03-1993,10,Eredivisie,247,PSV,France,2,79,78,73,79,80,78,80,75,72,77,79,79,82,73,73,39,80,84,79,29,38,29,11,15,16,12,15
228520,Chimy Ávila,Luis Ezequiel Ávila,"RM, ST, RW",74,31,06-02-1994,53,La Liga,449,Real Betis Balompié,Argentina,2,66,73,77,72,75,68,75,70,78,70,75,83,88,76,84,55,76,72,72,50,46,41,11,6,6,10,14
229391,Palhinha,João Maria Lobo Alves Palhinha Gonçalves,"CDM, CM",83,29,09-07-1995,13,Premier League,18,Tottenham Hotspur,Portugal,3,60,66,81,77,75,77,76,54,58,51,79,81,83,79,86,85,69,71,84,83,86,85,14,10,8,7,7
235805,F. Chiesa,Federico Chiesa,"RM, LM, ST, RW",81,27,25-10-1997,13,Premier League,9,Liverpool,Italy,3,75,80,53,77,84,74,81,88,87,89,80,84,74,63,67,46,81,77,80,42,44,39,6,7,8,9,7
232223,K. Tsimikas,Konstantinos TsimikasΚωνσταντίνος Τσιμίκας,"LB, LM",77,29,12-05-1996,31,Serie A,52,Roma,Greece,1,81,48,66,75,75,72,75,79,78,77,74,72,77,69,69,76,73,73,71,73,77,75,8,12,8,13,10
243606,K. Lewis-Potter,Keane William Lewis-Potter,"LB, LM",76,24,22-02-2001,13,Premier League,1925,Brentford,England,1,80,69,68,74,77,60,75,78,77,85,75,67,72,79,55,71,73,74,74,69,72,69,9,12,9,14,13
242380,Stephen Eustáquio,Stephen Antunes Eustáquio,"CDM, CM, CB",77,28,21-12-1996,308,Primeira Liga,236,FC Porto,Canada,1,72,64,56,78,71,77,77,67,65,72,75,72,76,79,70,75,68,77,76,74,75,72,6,5,13,7,11
239361,D. de Wit,Dani de Wit,"CAM, CM",72,27,28-01-1998,10,Eredivisie,1903,FC Utrecht,Netherlands,1,61,74,82,75,68,75,74,66,44,60,75,79,80,86,80,66,79,72,76,70,73,71,14,8,7,14,11
240753,A. Gouiri,Amine Ferid Gouiri,"ST, CAM",79,25,16-02-2000,16,Ligue 1,219,Olympique de Marseille,Algeria,2,77,85,68,78,81,69,80,79,75,79,76,80,79,76,71,44,83,76,79,45,41,32,6,12,8,9,7
258714,E. Valeri,Emanuele Valeri,"LB, LM",75,26,07-12-1998,31,Serie A,50,Parma,Italy,1,77,68,56,76,75,72,76,76,73,68,72,74,68,78,58,70,72,66,69,74,74,71,8,10,13,12,12
73374,C. Uche,Christantus Ugonna Uche Uche,"ST, CAM, CM",76,22,19-05-2003,13,Premier League,1799,Crystal Palace,Nigeria,1,51,74,79,77,75,73,77,66,70,67,76,79,88,83,86,71,78,76,68,62,68,65,14,11,8,11,10
225953,S. Bergwijn,Steven Charles Bergwijn,"LM, LW",80,27,08-10-1997,350,Pro League,607,Al Ittihad,Netherlands,3,76,76,60,81,86,66,83,82,79,76,82,83,74,65,79,33,79,78,77,47,36,32,11,14,12,14,13
268534,A. Diouf,Andy Alune Diouf,"CM, CDM, CAM",75,22,17-05-2003,31,Serie A,44,Inter,France,1,59,64,60,76,81,76,77,75,78,74,73,77,78,77,77,69,71,74,76,66,70,65,10,15,13,9,10
206113,S. Gnabry,Serge David Gnabry,"LM, RM, ST, CAM",82,29,14-07-1995,19,Bundesliga,21,FC Bayern München,Germany,3,77,84,42,83,85,73,82,84,75,85,82,86,68,66,68,38,84,80,82,45,44,43,14,10,10,9,7
192505,R. Lukaku,Romelu Menama Lukaku Bolingoli,ST,84,32,13-05-1993,31,Serie A,48,Napoli,Belgium,3,68,84,83,80,76,70,80,71,86,55,84,86,92,74,94,36,88,82,82,35,40,30,8,15,14,7,10
229891,J. Ryerson,Julian Ryerson,"RB, LB, RM",79,27,17-11-1997,19,Bundesliga,22,Borussia Dortmund,Norway,2,79,62,64,76,76,69,76,77,72,76,77,73,74,83,80,74,63,63,74,83,75,80,7,13,8,7,7
241721,Rafael Leão,Rafael Alexandre da Conceição Leão,"LW, LM",84,26,10-06-1999,31,Serie A,47,AC Milan,Portugal,3,84,82,72,83,87,70,86,93,93,84,83,80,89,75,79,24,76,81,83,22,24,21,10,12,15,11,9
231227,N. Dorsch,Niklas Bernd Dorsch,"CDM, CM, CB",74,27,15-01-1998,19,Bundesliga,111235,1. FC Heidenheim 1846,Germany,2,65,66,61,76,75,74,78,73,68,80,73,82,73,69,68,71,64,74,72,72,72,70,12,9,5,9,5
227174,M. Cash,Matthew Stuart Cash,"RB, RM",79,27,07-08-1997,13,Premier League,2,Aston Villa,Poland,2,77,66,49,74,75,71,76,74,75,73,79,77,67,86,68,76,71,66,72,77,80,80,15,16,13,13,8
229984,B. Chilwell,Benjamin James Chilwell,"LB, LM",77,28,21-12-1996,16,Ligue 1,76,RC Strasbourg Alsace,England,2,81,57,68,77,76,77,77,69,70,68,77,72,73,62,68,76,74,73,75,76,77,77,10,7,14,7,10
243812,Rodrygo,Rodrygo Silva de Goes,"RW, ST, RM",85,24,09-01-2001,53,La Liga,243,Real Madrid,Brazil,4,79,83,67,79,88,73,87,89,87,86,83,76,77,81,59,21,83,84,85,24,34,30,9,8,12,8,5
263781,Vanderson,Vanderson de Oliveira Campos,RB,77,24,21-06-2001,16,Ligue 1,69,AS Monaco,Brazil,2,77,63,68,76,78,67,76,79,78,76,75,62,77,77,67,72,72,74,74,71,74,74,8,8,6,6,7
263041,A. Prass,Alexander Prass,"LB, LM, CM, LW",74,24,26-05-2001,19,Bundesliga,10029,TSG 1899 Hoffenheim,Austria,1,74,59,56,75,74,73,74,76,73,78,74,72,75,79,73,72,69,75,74,72,68,66,7,15,12,8,13
251615,Francisco Moura,Francisco Sampaio de Moura,"LB, LM",78,25,16-08-1999,308,Primeira Liga,236,FC Porto,Portugal,1,79,67,67,76,76,72,77,79,77,72,75,70,78,81,70,75,74,75,73,73,76,74,15,10,6,5,14
261616,Q. Merlin,Quentin Merlin,"LB, LM",76,23,16-05-2002,16,Ligue 1,74,Stade Rennais FC,France,1,78,49,61,75,77,71,76,76,73,74,76,69,70,74,57,70,73,74,74,73,77,74,11,11,12,10,9
190815,D. Blind,Daley Blind,"CB, LB",77,35,09-03-1990,53,La Liga,110062,Girona FC,Netherlands,3,85,56,76,86,75,86,82,34,37,66,78,74,70,53,72,79,68,86,79,79,82,82,12,9,10,14,10
253109,J. Veerman,Joey Veerman,"CM, CDM, CAM",79,26,19-11-1998,10,Eredivisie,247,PSV,Netherlands,3,80,70,55,86,75,88,78,67,41,72,74,75,62,75,71,67,73,87,75,69,65,60,12,11,10,5,9
230899,A. Lookman,Ademola Olajade Alade Aylola Lookman,"ST, CAM",84,27,20-10-1997,31,Serie A,39,Atalanta,Nigeria,3,66,87,71,80,89,62,88,90,83,93,86,86,82,73,63,35,87,80,80,30,23,24,12,12,9,15,6
240130,Éder Militão,Éder Gabriel Militão,CB,84,27,18-01-1998,53,La Liga,243,Real Madrid,Brazil,3,69,48,86,78,70,76,72,80,83,66,83,62,91,85,79,84,64,59,76,84,85,84,11,8,15,12,15
233061,M. Pereira Lage,Mathias Pereira Lage,"LW, LM, ST",75,28,30-11-1996,19,Bundesliga,110329,FC St. Pauli,Portugal,1,75,69,67,76,74,71,74,79,91,77,69,77,76,86,64,64,72,72,68,61,62,61,9,15,5,11,6
199564,Sergi Roberto,Sergio Roberto Carnicer,"CDM, CM",77,33,07-02-1992,31,Serie A,1745,Como,Spain,3,76,63,66,81,74,78,79,67,71,66,77,65,69,74,60,74,69,80,76,74,75,74,14,16,11,15,10
205452,A. Rüdiger,Antonio Rüdiger,CB,86,32,03-03-1993,53,La Liga,243,Real Madrid,Germany,4,68,40,83,83,69,81,74,70,87,56,85,84,89,70,91,83,54,61,80,84,85,84,14,15,10,12,8
221363,D. van de Beek,Donny van de Beek,"CAM, CM",76,28,18-04-1997,53,La Liga,110062,Girona FC,Netherlands,3,63,75,67,78,75,77,80,57,61,72,73,78,68,54,67,71,76,78,76,68,72,71,7,12,8,10,14
253396,G. Simeone,Giuliano Simeone Baldini,"RM, ST, LM, RW",81,22,18-12-2002,53,La Liga,240,Atlético Madrid,Argentina,1,76,76,69,77,82,66,78,92,91,85,79,76,87,84,79,44,78,76,77,42,43,39,8,14,7,14,12
253473,S. Ricci,Samuele Ricci,"CDM, CM",78,23,21-08-2001,31,Serie A,47,AC Milan,Italy,1,62,53,57,83,78,79,81,74,72,76,76,70,70,84,65,75,68,78,80,74,76,76,14,12,6,11,13
243282,D. McNeil,Dwight James Matthew McNeil,"LM, CAM, RM, LW",78,25,22-11-1999,13,Premier League,7,Everton,England,1,82,73,59,78,81,75,79,68,67,75,76,83,68,84,64,46,75,80,76,57,60,51,6,14,14,12,14
219789,H. Traoré,Hamari Traoré,"RB, RM",79,33,27-01-1992,16,Ligue 1,111817,Paris FC,Mali,2,80,52,71,75,75,73,75,80,83,74,74,72,83,90,73,72,72,66,72,72,77,76,10,14,9,7,16
246928,Iván Martín,Iván Martín Núñez,"CM, CDM, CAM",77,26,14-02-1999,53,La Liga,110062,Girona FC,Spain,1,79,69,47,79,79,79,79,71,71,79,75,73,63,73,60,74,76,77,76,68,74,65,13,6,11,6,6
272926,L. Bergvall,Lucas Erik Holger Bergvall,"CM, CDM, CAM",77,19,02-02-2006,13,Premier League,18,Tottenham Hotspur,Sweden,1,68,63,54,79,78,79,77,77,73,73,76,66,72,78,70,77,73,78,80,69,75,72,7,13,13,10,9
204105,K. Lala,Kenny Lala,"RB, RM",76,33,03-10-1991,16,Ligue 1,378,Stade Brestois 29,France,1,74,59,68,74,73,72,74,72,78,66,71,73,77,82,71,73,72,68,72,74,75,69,14,6,7,6,15
244622,Puado,Javier Puado Díaz,"ST, LM, CAM",78,27,25-05-1998,53,La Liga,452,RCD Espanyol,Spain,1,68,79,73,76,78,68,79,79,81,81,77,76,84,82,73,47,82,77,77,45,48,44,8,9,11,8,13
205726,G. Brugman,Gastón Brugman Duarte,"CM, CDM",73,32,07-09-1992,39,Major League Soccer,114162,Nashville SC,Uruguay,1,62,60,55,80,72,78,72,73,68,75,70,80,71,79,69,69,65,69,72,68,73,69,10,15,10,8,11
212476,Medrán,Álvaro Medrán Just,"CM, CDM, CAM",77,31,15-03-1994,350,Pro League,112096,Al Ettifaq,Spain,1,77,67,61,81,75,81,79,56,59,77,76,75,71,78,77,62,71,79,80,65,64,58,13,14,13,12,10
237383,A. Bastoni,Alessandro Bastoni,CB,87,26,13-04-1999,31,Serie A,44,Inter,Italy,4,72,39,86,82,74,84,82,71,77,64,89,59,88,81,81,88,39,72,85,87,90,84,11,5,9,11,12
186190,P. van Aanholt,Patrick John Miguel van Aanholt,LB,72,34,29-08-1990,10,Eredivisie,100646,Sparta Rotterdam,Netherlands,1,64,61,58,71,73,72,73,82,84,73,69,74,86,68,73,66,72,68,70,66,71,71,9,15,7,8,6
232839,M. Muheim,Miro Max Maria Muheim,"LB, CB, LM",75,27,24-03-1998,19,Bundesliga,28,Hamburger SV,Switzerland,1,74,62,59,75,74,72,74,77,70,72,69,75,74,86,68,70,71,70,69,73,73,71,11,14,10,8,7
274915,E. Diouf,El Hadji Malick Diouf,"LB, LM",75,20,29-12-2004,13,Premier League,19,West Ham United,Senegal,1,75,67,79,70,76,69,74,78,82,68,72,73,91,78,80,68,72,64,70,68,70,69,9,9,7,13,14
253162,H. Nicolussi Caviglia,Hans Nicolussi Caviglia,"CDM, CM",75,25,18-06-2000,31,Serie A,110374,Fiorentina,Italy,1,65,62,59,83,76,79,80,69,63,65,68,76,69,81,67,70,65,79,73,71,71,67,8,10,7,10,12
211378,J. Irvine,Jackson Alexander Irvine,"CM, CDM",75,32,07-03-1993,19,Bundesliga,110329,FC St. Pauli,Australia,1,64,67,82,75,69,72,74,64,69,64,75,73,85,91,76,79,73,76,72,65,71,74,7,13,11,9,11
262842,M. Baturina,Martin Baturina,"CAM, CM",78,22,16-02-2003,31,Serie A,1745,Como,Croatia,1,73,67,51,81,84,77,83,77,77,78,76,75,70,76,67,58,68,79,79,62,60,58,7,5,7,10,6
231390,Diogo Gonçalves,Diogo António Cupido Gonçalves,"LM, CM, CAM, LW",74,28,06-02-1997,39,Major League Soccer,111065,Real Salt Lake,Portugal,1,71,67,52,72,72,67,74,83,82,79,72,75,71,75,64,66,71,74,75,64,62,59,13,15,7,6,9
238067,N. Zaniolo,Nicolò Zaniolo,"RM, RW, ST",76,25,02-07-1999,31,Serie A,55,Udinese,Italy,2,72,73,64,75,75,71,78,72,76,66,79,84,72,65,80,62,79,76,74,54,63,58,8,11,11,13,5
210697,C. Nørgaard,Christian Thers Nørgaard,"CDM, CM",80,31,10-03-1994,13,Premier League,1,Arsenal,Denmark,1,68,63,69,79,69,80,76,52,47,61,80,72,72,82,78,84,66,70,77,77,80,79,11,9,13,14,11
193301,A. Lacazette,Alexandre Lacazette,ST,79,34,28-05-1991,350,Pro League,131798,NEOM SC,France,3,70,82,76,77,79,72,81,62,67,77,79,85,81,59,77,42,82,78,81,39,45,32,11,6,9,5,6
244287,M. Vrousai,Marios VrousaiΜάριος Βρουσάι,"RB, RM",72,26,02-07-1998,308,Primeira Liga,744,Rio Ave FC,Greece,1,77,66,58,70,72,65,74,78,75,80,68,75,74,80,69,65,66,69,68,71,68,63,14,14,11,12,13
212096,V. Grifo,Vincenzo Grifo,"LM, CAM, LW",80,32,07-04-1993,19,Bundesliga,25,SC Freiburg,Italy,2,88,73,47,81,81,76,82,73,68,78,82,85,65,81,65,45,79,78,77,48,41,30,10,12,8,8,14
216475,Morales,José Luis Morales Nogales,"ST, LM, LW",74,37,23-07-1987,53,La Liga,1853,Levante UD,Spain,1,74,76,60,71,77,69,77,77,79,78,74,76,74,70,66,58,79,71,77,44,54,45,14,13,13,16,8
225439,R. Mandragora,Rolando Mandragora,"CM, CDM",77,28,29-06-1997,31,Serie A,110374,Fiorentina,Italy,2,70,69,65,82,76,78,78,49,43,66,74,83,65,79,68,76,67,77,70,78,76,73,13,14,9,14,16
259240,A. Wharton,Adam James Wharton,"CDM, CM",79,21,06-02-2004,13,Premier League,1799,Crystal Palace,England,1,77,60,62,83,76,84,80,60,63,69,78,67,68,69,66,77,66,83,82,74,78,76,5,11,13,6,12
235997,Fran Beltrán,Francisco José Beltrán Peinado,"CM, CDM",78,26,03-02-1999,53,La Liga,450,RC Celta,Spain,1,72,65,60,81,76,81,78,56,56,77,76,68,65,77,64,76,70,78,67,77,78,78,14,11,8,13,9
184941,A. Sánchez,Alexis Alejandro Sánchez Sánchez,"ST, CAM",76,36,19-12-1988,53,La Liga,481,Sevilla FC,Chile,4,76,78,70,80,80,74,82,71,65,81,76,76,71,51,58,52,81,82,80,45,44,35,10,10,15,12,13
258683,I. Ilić,Ivan IlićИван Илић,"CM, CDM, CAM",76,24,17-03-2001,31,Serie A,54,Torino,Serbia,1,72,69,58,81,78,79,81,69,66,72,72,81,68,65,66,70,68,77,72,68,72,69,10,10,8,11,14
243580,L. Openda,Ikoma Loïs Openda,ST,83,25,16-02-2000,31,Serie A,45,Juventus,Belgium,3,69,84,79,75,79,59,81,94,96,83,84,85,93,83,80,26,83,69,80,29,23,19,9,8,10,8,13
232440,Caio Henrique,Caio Henrique Oliveira Silva,"LB, LM",77,27,31-07-1997,16,Ligue 1,69,AS Monaco,Brazil,2,83,54,62,77,77,70,81,76,79,71,74,64,71,81,57,73,75,77,80,72,75,71,11,15,9,6,8
246885,N. Capaldo,Nicolás Capaldo Taboas,"CM, CDM, RB",73,26,14-09-1998,19,Bundesliga,28,Hamburger SV,Argentina,1,64,70,54,73,71,71,73,77,75,82,77,70,73,90,72,68,70,69,74,71,72,69,8,6,13,12,11
246147,M. Greenwood,Mason Will John Greenwood,"RM, CAM, RW",82,23,01-10-2001,16,Ligue 1,219,Olympique de Marseille,England,3,74,82,67,78,84,75,84,82,84,86,81,86,76,78,60,34,83,80,81,27,39,33,5,6,6,9,8
258976,F. Parisi,Fabiano Parisi,"LB, RB, LM",75,24,09-11-2000,31,Serie A,110374,Fiorentina,Italy,1,75,60,54,74,79,71,74,76,75,74,74,78,70,66,65,72,69,56,72,75,74,73,11,10,11,13,9
204970,F. Thauvin,Florian Tristan Mariano Thauvin,"ST, RW, CAM",76,32,26-01-1993,16,Ligue 1,64,RC Lens,France,1,78,74,68,80,80,74,82,70,71,78,76,80,71,74,62,48,78,80,80,43,40,40,8,11,14,10,9
209846,C. Günter,Christian Günter,"LB, LM",77,32,28-02-1993,19,Bundesliga,25,SC Freiburg,Germany,2,77,51,65,72,73,64,71,76,88,64,76,84,83,83,82,74,63,58,71,74,75,73,9,15,9,8,14
251852,K. Adeyemi,Karim-David Adeyemi,"RM, LW, CAM, RW",81,23,18-01-2002,19,Bundesliga,22,Borussia Dortmund,Germany,3,71,77,71,74,84,69,79,96,96,86,81,79,92,77,67,31,79,73,76,25,34,49,12,12,7,12,7
242664,A. Saelemaekers,Alexis Jesse Saelemaekers,"RM, LM, RW",79,26,27-06-1999,31,Serie A,47,AC Milan,Belgium,1,80,68,45,77,81,70,81,83,77,86,79,64,63,77,54,67,75,71,74,69,69,66,9,6,9,12,12
212501,L. Dendoncker,Leander Dendoncker,"CM, CDM, CB",75,30,15-04-1995,53,La Liga,110827,Real Oviedo,Belgium,2,73,62,77,81,71,77,76,41,61,42,72,83,78,75,85,76,75,71,77,74,78,75,14,8,14,14,6
224030,M. Lopez,Maxime Baila Lopez,"CM, CDM",76,27,04-12-1997,16,Ligue 1,111817,Paris FC,France,1,72,67,62,80,76,76,79,70,59,91,74,70,55,80,32,66,62,79,75,64,68,62,7,14,13,11,6
232999,T. Adams,Tyler Shaan Adams,"CDM, CM",79,26,14-02-1999,13,Premier League,1943,AFC Bournemouth,United States,3,63,52,65,78,73,74,76,85,74,77,77,68,79,79,68,83,65,72,77,77,82,79,6,13,12,8,7
270670,F. Chaïbi,Farès Chaïbiفارس شايبي,"CAM, LW, CDM, CM",74,22,28-11-2002,19,Bundesliga,1824,Eintracht Frankfurt,Algeria,1,76,71,65,76,77,75,76,70,69,74,74,70,72,68,69,69,73,76,71,67,69,68,10,13,12,12,11
221908,L. Morgan,Lewis Morgan,"ST, LM, CAM",73,28,30-09-1996,39,Major League Soccer,689,New York Red Bulls,Scotland,1,76,76,60,72,75,63,75,82,82,81,72,76,83,80,62,54,77,68,70,43,64,61,14,6,8,7,13
208920,N. Aké,Nathan Benjamin Aké,"CB, LB, LM",83,30,18-02-1995,13,Premier League,10,Manchester City,Netherlands,3,63,48,82,80,73,75,79,73,71,67,84,64,86,64,76,83,51,68,79,84,84,84,10,7,7,16,10
235374,M. Lazzari,Manuel Lazzari,"RB, RM",78,31,29-11-1993,31,Serie A,46,Lazio,Italy,2,80,67,44,76,80,73,79,89,90,89,78,53,63,76,52,74,72,74,76,74,75,69,14,6,11,5,11
205566,Alberto Moreno,Alberto Moreno Pérez,LB,75,32,05-07-1992,31,Serie A,1745,Como,Spain,1,74,65,61,75,74,68,74,74,75,76,75,80,67,75,54,71,77,69,68,66,73,73,10,14,9,10,11
266097,Geny Catamo,Geny Cipriano Catamo,"RM, LM, CAM, RW",78,24,26-01-2001,308,Primeira Liga,237,Sporting CP,Mozambique,1,72,74,52,70,82,59,82,92,91,88,74,73,68,79,50,65,76,72,72,67,66,58,10,7,10,9,8
259716,D. Svensson,Daniel Svensson,"LB, CM, LM",77,23,12-02-2002,19,Bundesliga,22,Borussia Dortmund,Sweden,1,72,51,57,78,74,76,77,78,76,79,75,62,73,89,68,69,71,75,76,76,75,78,15,12,12,9,9
244634,S. Sohm,Simon Solomon Junior Sohm,"CM, CDM, CAM",74,24,11-04-2001,31,Serie A,110374,Fiorentina,Switzerland,1,61,69,72,76,70,71,75,77,74,73,72,73,87,83,80,72,76,74,67,70,70,68,11,10,10,13,9
229723,M. Jensen,Mathias Jensen,"CM, CDM",77,29,01-01-1996,13,Premier League,1925,Brentford,Denmark,1,79,64,50,79,74,81,76,64,63,77,78,63,64,76,68,75,71,79,78,73,73,62,5,13,10,8,12
241856,Manu Morlanes,Manuel Morlanes Ariño,"CM, CDM",77,26,12-01-1999,53,La Liga,453,RCD Mallorca,Spain,1,67,64,55,81,76,79,77,68,63,70,76,66,67,78,65,74,69,78,73,73,74,71,5,9,14,11,14
263617,Beñat Prados,Beñat Prados Díaz,"CDM, CM, CB",78,24,08-02-2001,53,La Liga,448,Athletic Club,Spain,1,65,59,70,77,72,75,77,70,66,78,78,70,76,83,73,76,66,76,77,77,78,72,15,8,13,9,8
213242,A. Tameze,Adrien Tamèze Aoutsa,"CDM, CM, CB",74,31,04-02-1994,31,Serie A,54,Torino,France,1,54,60,70,74,76,70,76,76,75,77,70,73,78,67,69,74,69,68,78,72,77,75,13,16,14,15,14
244889,C. Vanhoutte,Charles Vanhoutte,"CDM, CM",77,26,16-09-1998,16,Ligue 1,72,OGC Nice,Belgium,1,76,63,63,78,71,76,74,62,50,68,77,70,72,85,75,76,66,75,71,75,74,72,14,12,11,7,8
271121,Q. Hartman,Quilindschy Hartman,"LB, LM",77,23,14-11-2001,13,Premier League,1796,Burnley,Netherlands,1,69,59,52,78,73,77,77,80,76,74,79,50,76,74,76,74,73,75,75,75,77,75,13,14,12,14,9
232498,Isi,Isaac Palazón Camacho,"CAM, RM, ST, CM",81,30,27-12-1994,53,La Liga,480,Rayo Vallecano,Spain,3,82,75,35,81,82,78,82,85,84,86,77,78,64,75,64,41,77,81,78,39,41,37,11,8,10,13,15
198451,Dani Rodríguez,Daniel José Rodríguez Vázquez,"CAM, LM, RM, CM",76,37,06-06-1988,53,La Liga,453,RCD Mallorca,Spain,1,72,77,56,76,75,74,76,73,79,65,75,72,70,69,67,64,76,77,66,58,69,64,15,15,9,8,7
254789,S. Mijnans,Sven Mijnans,"CAM, CM",75,25,09-03-2000,10,Eredivisie,1906,AZ Alkmaar,Netherlands,1,71,74,65,76,76,73,78,74,51,76,74,73,65,93,61,64,75,76,75,64,64,65,13,10,14,13,10
257866,N. Fernández,Nicolás Ezequiel Fernández Mercau,"RM, CAM, ST, RW",75,25,11-01-2000,39,Major League Soccer,112828,New York City FC,Argentina,1,70,69,58,73,75,65,76,84,84,86,70,73,74,80,63,60,74,72,73,55,65,66,15,10,14,7,12
254796,N. Madueke,Chukwunonso Tristan Madueke,"RW, RM",80,23,10-03-2002,13,Premier League,1,Arsenal,England,1,74,75,55,76,85,67,83,89,88,81,76,79,76,75,67,45,79,75,77,45,45,30,5,13,6,12,15
233585,Lincoln,Lincoln Henrique Oliveira dos Santos,"CAM, LM, LB, CM",73,26,07-11-1998,308,Primeira Liga,717,Alverca,Brazil,1,81,65,55,75,76,76,77,74,70,83,67,79,61,69,63,60,67,74,74,59,61,58,13,12,11,9,9
277179,Fermín,Fermín López Marín,"CAM, CM, LW, ST",80,22,11-05-2003,53,La Liga,241,FC Barcelona,Spain,1,64,79,76,81,82,78,82,76,73,83,76,70,70,71,44,68,82,81,78,43,74,60,8,14,8,7,7
277283,J. Hinshelwood,Jack Luca Hinshelwood,"CDM, RB, LB, RM",75,20,11-04-2005,13,Premier League,1808,Brighton & Hove Albion,England,1,70,68,74,76,72,76,75,67,66,70,75,65,84,73,69,75,67,73,71,72,75,74,9,8,13,5,6
211256,N. Tagliafico,Nicolás Alejandro Tagliafico,"LB, LM",78,32,31-08-1992,16,Ligue 1,66,Olympique Lyonnais,Argentina,3,74,57,77,74,73,72,77,74,61,77,79,65,84,78,72,78,70,68,77,75,79,76,13,9,10,15,16
239977,N. Kühn,Nicolas-Gerrit Kühn,"RW, RM",78,25,01-01-2000,31,Serie A,1745,Como,Germany,1,67,74,51,71,81,67,78,90,92,89,79,75,74,82,67,40,75,75,78,43,52,47,5,14,14,13,12
173030,Ó. Trejo,Óscar Guido Trejo,"CAM, ST, CM",71,37,26-04-1988,53,La Liga,480,Rayo Vallecano,Argentina,2,72,71,65,73,70,70,71,51,64,73,69,71,68,70,72,68,72,75,73,66,71,68,14,14,7,16,11
228595,G. Prömel,Grischa Prömel,"CM, CDM",75,30,09-01-1995,19,Bundesliga,10029,TSG 1899 Hoffenheim,Germany,2,61,73,76,76,73,75,75,65,59,67,76,76,83,75,76,74,75,73,76,74,75,71,8,14,7,10,6
246297,H. Abdelli,Himad Abdelliحيماد عبدلي,"CAM, CM",76,25,17-11-1999,16,Ligue 1,1530,Angers SCO,Algeria,1,73,67,63,78,82,74,80,66,57,72,74,73,73,79,73,63,74,78,80,54,64,53,9,8,14,13,12
244257,J. Burkardt,Jonathan Michael Burkardt,ST,82,24,11-07-2000,19,Bundesliga,1824,Eintracht Frankfurt,Germany,3,62,86,74,74,82,60,81,82,83,76,83,83,79,78,76,42,85,71,76,45,38,33,14,9,9,6,14
202078,D. Nagbe,Darlington Joe Phillip Nagbe,"CM, CDM",75,34,19-07-1990,39,Major League Soccer,687,Columbus Crew,United States,1,49,60,57,85,79,77,80,72,72,85,80,74,73,83,73,63,60,69,81,67,63,61,6,8,12,7,13
242534,C. Cásseres Jr,Cristian Sleiker Cásseres Yépes,"CDM, CM",74,25,20-01-2000,16,Ligue 1,1809,Toulouse FC,Venezuela,1,62,64,64,74,70,65,72,78,76,74,69,69,76,85,67,72,65,66,73,75,78,76,9,15,13,8,12
253306,M. Ugarte,Manuel Ugarte Ribeiro,"CDM, CM",79,24,11-04-2001,13,Premier League,11,Manchester United,Uruguay,3,62,65,55,77,77,79,76,62,62,68,78,67,69,70,74,83,70,73,79,77,81,78,6,10,16,8,13
258371,Pep Chavarría,Josep María Chavarría Pérez,"LB, LM",77,27,10-04-1998,53,La Liga,480,Rayo Vallecano,Spain,1,75,63,60,73,75,68,75,81,84,72,70,60,79,86,72,73,75,72,65,69,75,72,9,10,15,10,14
241236,A. Semenyo,Antoine Serlom Semenyo,"RM, LM, RW",80,25,07-01-2000,13,Premier League,1943,AFC Bournemouth,Ghana,3,74,83,64,74,82,69,81,78,82,79,79,81,81,84,79,34,81,76,79,34,44,31,10,11,14,15,7
237681,T. Kubo,Takefusa Kubo久保 建英,"RM, RW",82,24,04-06-2001,53,La Liga,457,Real Sociedad,Japan,3,80,79,49,78,86,74,84,89,84,86,80,77,70,74,60,28,80,80,80,40,43,46,6,7,15,10,10
264309,A. Güler,Arda Güler,"RM, CAM, RW",81,20,25-02-2005,53,La Liga,243,Real Madrid,Türkiye,1,82,76,41,84,84,82,83,73,68,81,76,78,51,70,43,55,79,84,77,52,57,46,13,10,11,14,10
220093,H. Hateboer,Hans Hateboer,"CB, RB",76,31,09-01-1994,16,Ligue 1,74,Stade Rennais FC,Netherlands,3,76,63,77,75,75,72,77,77,76,66,75,72,87,68,75,72,74,71,74,74,77,75,11,6,8,14,15
262088,H. Haraldsson,Hákon Arnar Haraldsson,"CAM, LM, CM",78,22,10-04-2003,16,Ligue 1,65,Lille OSC,Iceland,1,70,69,45,79,81,74,81,77,77,86,76,66,63,85,57,61,76,79,78,60,56,58,7,14,10,14,6
264652,B. Barcola,Bradley Barcola,"LW, RW, LM",84,22,02-09-2002,16,Ligue 1,73,Paris Saint-Germain,France,3,81,80,69,83,86,64,84,88,91,88,82,74,79,74,64,39,84,79,83,34,39,28,8,8,15,6,6
213209,K. Acosta,Kellyn Kai Perry-Acosta,"CDM, CM",71,29,24-07-1995,39,Major League Soccer,693,Chicago Fire,United States,1,71,60,66,74,70,67,71,74,74,72,73,79,76,88,70,65,66,69,73,65,63,61,12,7,12,8,7
199189,R. Barkley,Ross Barkley,"CM, CAM",77,31,05-12-1993,13,Premier League,2,Aston Villa,England,2,73,76,68,80,79,79,80,52,53,60,76,83,68,63,70,63,76,79,79,60,68,63,9,14,12,6,10
208919,R. Gauld,Ryan Gauld,"LW, ST, RW, LM",78,29,16-12-1995,39,Major League Soccer,101112,Vancouver Whitecaps FC,Scotland,1,78,70,62,77,82,71,79,82,83,89,77,69,63,89,37,49,77,81,78,45,59,40,6,14,13,13,15
232487,W. Endo,Wataru Endo遠藤 航,"CDM, CM",79,32,09-02-1993,13,Premier League,9,Liverpool,Japan,2,58,67,79,79,76,78,78,66,52,72,77,76,85,77,67,78,68,75,79,80,79,73,9,13,7,11,5
271400,Igor Paixão,Igor Guilherme Barbosa da Paixão,"LM, LW",80,25,28-06-2000,16,Ligue 1,219,Olympique de Marseille,Brazil,1,75,80,75,76,82,72,80,83,83,81,79,82,90,76,68,22,79,75,74,21,37,29,8,13,11,12,9
192636,David Simão,David Martins Simão,"CM, CDM",73,35,15-05-1990,308,Primeira Liga,112513,FC Arouca,Portugal,1,68,67,58,77,69,74,74,62,66,71,71,74,66,73,67,67,72,78,77,72,72,68,11,16,8,16,14
257290,João Mário,João Mário Neto Lopes,"RB, RM",77,25,03-01-2000,31,Serie A,45,Juventus,Portugal,1,79,60,70,73,76,68,78,85,83,79,75,68,78,83,60,72,74,73,70,68,69,69,9,5,10,10,12
227678,E. Konsa,Ezri Konsa Ngoyo,"CB, RB, RM",82,27,23-10-1997,13,Premier League,2,Aston Villa,England,3,65,55,80,78,73,72,78,72,78,67,84,69,86,79,78,83,50,75,81,85,85,80,14,8,11,13,9
271145,Abel Bretones,Abel Bretones Cruz,"LB, LM",75,24,21-08-2000,53,La Liga,479,CA Osasuna,Spain,1,76,59,65,72,70,70,71,75,79,70,69,75,78,79,74,73,68,59,63,68,72,71,7,11,11,10,6
236898,M. Aebischer,Michel Aebischer,"CM, CDM",74,28,06-01-1997,31,Serie A,110738,Pisa,Switzerland,1,68,66,62,75,73,72,78,73,61,75,72,73,74,72,69,76,68,73,72,74,77,74,10,9,15,9,15
258208,O. Lingr,Ondřej Lingr,"LM, CAM, ST, LW",72,26,07-10-1998,39,Major League Soccer,698,Houston Dynamo,Czechia,1,67,71,79,69,73,65,72,79,65,83,67,75,91,78,76,49,78,70,75,51,49,48,14,5,11,10,12
204497,K. Stöger,Kevin Stöger,"CAM, CM",76,31,27-08-1993,19,Bundesliga,23,Borussia Mönchengladbach,Austria,2,79,69,45,81,76,82,78,60,50,79,77,74,58,68,63,68,72,82,72,66,66,59,15,12,13,10,12
245253,L. Barreiro,Leandro Barreiro Martins,"CM, CDM, CAM",77,25,03-01-2000,308,Primeira Liga,234,SL Benfica,Luxembourg,2,54,72,52,78,78,72,78,81,79,88,79,67,66,85,54,79,78,74,75,75,75,71,14,9,6,6,6
254551,G. Mikautadze,Georges Mikautadzeგიორგი მიქაუტაძე,ST,77,24,31-10-2000,53,La Liga,483,Villarreal CF,Georgia,1,72,80,62,76,80,68,79,81,81,85,75,81,77,76,67,28,80,71,78,39,40,40,12,9,9,5,7
241852,M. Diaby,Moussa Diaby,"RM, RW",84,25,07-07-1999,350,Pro League,607,Al Ittihad,France,3,80,79,41,79,89,74,84,95,95,92,81,74,58,82,37,48,79,80,79,48,36,46,8,9,8,8,14
231677,M. Rashford,Marcus Rashford,"LM, LW, ST",80,27,31-10-1997,53,La Liga,241,FC Barcelona,England,3,78,79,71,78,83,72,80,87,87,77,77,93,82,64,65,27,80,80,76,30,29,24,11,6,15,7,14
255487,S. Bendebka,Sofiane Bendebkaسفيان بن دبكة,"CDM, CM, CAM",72,32,09-08-1992,350,Pro League,112390,Al Fateh,Algeria,1,61,74,63,73,72,72,73,77,71,74,78,71,75,91,66,70,77,70,67,61,67,58,11,11,15,13,6
226110,N. Pépé,Nicolas Pépé,"RM, ST, RW",80,30,29-05-1995,53,La Liga,483,Villarreal CF,Côte d'Ivoire,2,75,76,57,79,83,69,82,87,88,91,78,82,79,69,74,33,76,74,75,36,34,30,11,14,11,6,8
234943,F. Neuhaus,Florian Christian Neuhaus,"CM, CAM, CDM",75,28,16-03-1997,19,Bundesliga,23,Borussia Mönchengladbach,Germany,2,68,71,55,77,76,77,78,64,79,77,74,75,66,66,66,67,68,80,73,66,67,64,6,11,10,11,15
242725,K. Thorstvedt,Kristian Thorstvedt,"CM, CAM",75,26,13-03-1999,31,Serie A,111974,Sassuolo,Norway,1,68,69,72,78,76,74,76,55,66,62,72,78,79,86,83,69,70,74,72,63,69,63,13,8,10,6,12
235883,R. Sessegnon,Kouassi Ryan Sessegnon,LB,75,25,18-05-2000,13,Premier League,144,Fulham FC,England,1,76,68,64,75,77,65,77,79,78,79,73,71,75,69,62,71,74,74,75,73,73,69,6,11,7,8,7
234236,P. Schick,Patrik Schick,ST,85,29,24-01-1996,19,Bundesliga,32,Bayer 04 Leverkusen,Czechia,3,64,86,88,78,81,64,83,72,72,80,85,85,91,69,85,25,87,75,85,44,29,19,11,15,8,9,14
239482,Galeno,Wenderson Rodrigues do Nascimento Galeno,"LM, LW",81,27,22-10-1997,350,Pro League,112387,Al Ahli SFC,Brazil,3,71,78,41,75,84,64,80,92,94,89,82,75,69,84,66,51,81,70,83,44,46,38,13,6,13,11,15
225475,Hernani,Hernani Azevedo Júnior,"CDM, CM, CAM",75,31,27-03-1994,31,Serie A,50,Parma,Brazil,1,60,63,66,75,73,76,74,60,56,67,73,78,72,67,71,77,69,71,77,73,74,70,9,13,13,11,7
224309,Joan Jordán,Joan Jordán Moreno,"CM, CDM, CB",76,30,06-07-1994,53,La Liga,481,Sevilla FC,Spain,2,70,74,47,78,76,77,76,50,47,63,74,78,60,78,74,74,73,78,73,67,75,59,13,12,13,12,9
189271,F. Coquelin,Francis Coquelin,"CM, CDM",75,34,13-05-1991,16,Ligue 1,71,FC Nantes,France,2,69,62,63,81,72,78,78,58,58,63,74,75,73,61,77,76,73,77,75,79,77,73,9,9,8,10,15
257400,Y. Ayari,Yasin Abbas Ayari,"CM, CDM",75,21,06-10-2003,13,Premier League,1808,Brighton & Hove Albion,Sweden,1,66,66,46,76,76,75,76,69,69,79,75,73,55,72,51,73,72,75,74,69,72,76,9,11,7,7,15
259233,I. Moriba,Moriba Kourouma Kourouma,CM,78,22,19-01-2003,53,La Liga,450,RC Celta,Guinea,1,47,73,67,80,78,78,77,66,68,65,77,73,73,81,71,77,73,78,78,72,77,71,9,14,15,10,12
193254,C. Trimmel,Christopher Trimmel,"RB, RM",75,38,24-02-1987,19,Bundesliga,1831,1. FC Union Berlin,Austria,2,85,61,72,72,69,72,71,55,76,56,71,75,79,73,82,75,66,67,70,75,74,69,16,8,6,8,15
257057,A. Onana,Amadou Zeund Georges Ba Mvom Onana,"CDM, CM",79,23,16-08-2001,13,Premier League,2,Aston Villa,Belgium,1,58,57,78,80,76,77,78,64,82,49,75,75,85,76,83,76,67,76,74,78,80,79,7,12,12,9,10
246430,D. Vlahović,Dušan VlahovićДушан Влаховић,ST,82,25,28-01-2000,31,Serie A,45,Juventus,Serbia,3,57,84,82,75,79,60,81,76,79,68,84,84,92,74,86,24,86,70,78,19,26,24,5,15,6,11,10
236987,B. Kamara,Boubacar Bernard Kamara,"CDM, CM",83,25,23-11-1999,13,Premier League,2,Aston Villa,France,3,64,47,72,84,73,77,80,62,65,66,81,67,78,81,79,85,62,75,85,84,86,80,8,12,8,6,11
270039,Diego Moreira,Diego Manuel Jadon da Silva Moreira,"LM, LB, RM",77,20,06-08-2004,16,Ligue 1,76,RC Strasbourg Alsace,Belgium,1,71,66,48,72,80,61,78,87,92,84,74,70,70,83,62,69,73,70,76,63,66,62,9,11,6,8,13
262118,T. Livramento,Valentino Francisco Livramento,"RB, LB, RM",80,22,12-11-2002,13,Premier League,13,Newcastle United,England,1,79,49,56,77,79,62,78,80,84,76,78,61,75,80,71,78,71,68,79,77,80,78,10,12,8,13,13
259307,M. Gusto,Malo Gusto,"RB, RM",79,22,19-05-2003,13,Premier League,5,Chelsea,France,3,79,30,53,76,77,74,77,87,81,84,76,65,74,85,68,76,75,74,76,75,76,75,10,6,14,8,11
241390,E. Elmas,Eljif ElmasЕлиф Елмас,"LM, LW, CM",77,25,24-09-1999,31,Serie A,48,Napoli,North Macedonia,2,68,70,58,78,81,74,81,77,68,83,76,78,72,75,64,69,75,77,70,62,67,62,8,5,14,6,15
268802,F. Miretti,Fabio Miretti,"CM, CDM, LM, CAM",74,21,03-08-2003,31,Serie A,45,Juventus,Italy,1,71,52,49,78,76,74,76,74,73,78,71,66,64,76,61,66,68,76,72,64,71,69,11,9,6,14,12
212245,Y. Gerhardt,Yannick Gerhardt,"CM, LM, CDM, CAM",75,31,13-03-1994,19,Bundesliga,175,VfL Wolfsburg,Germany,2,69,69,57,75,75,74,78,66,64,67,78,76,72,75,76,73,76,76,72,75,70,65,13,13,7,11,6
204838,R. Jiménez,Raúl Alonso Jiménez Rodríguez,ST,77,34,05-05-1991,13,Premier League,144,Fulham FC,Mexico,1,70,79,78,77,75,73,78,61,54,67,79,82,85,67,85,52,80,74,76,43,38,30,7,11,13,14,10
245597,Víctor Gómez,Víctor Gómez Perea,"RB, RM",76,25,01-04-2000,308,Primeira Liga,1896,Sporting Clube de Braga,Spain,1,76,40,62,76,74,73,78,85,80,80,77,65,78,86,68,68,75,76,70,73,71,66,11,9,12,12,6
243249,J. Ekkelenkamp,Jurgen Peter Ekkelenkamp,"CM, LM, CAM",74,25,05-04-2000,31,Serie A,55,Udinese,Netherlands,1,66,69,66,78,75,72,74,68,71,66,74,73,75,76,75,68,74,76,72,66,66,68,13,6,12,14,6
228151,J. Cullen,Joshua Jon Cullen,"CDM, CM",76,29,07-04-1996,13,Premier League,1796,Burnley,Republic of Ireland,1,73,55,61,77,69,75,76,69,55,75,76,68,69,86,63,75,68,74,79,72,75,72,9,12,15,11,9
207421,L. Trossard,Leandro Trossard,"LW, ST, LM",83,30,04-12-1994,13,Premier League,1,Arsenal,Belgium,3,79,83,65,82,84,77,84,87,75,92,82,83,74,76,55,18,83,81,84,30,31,18,14,8,11,7,7
246113,Adrià Pedrosa,Adrià Giner Pedrosa,"LB, LM",75,27,13-05-1998,53,La Liga,468,Elche CF,Spain,1,72,61,59,72,80,65,74,88,86,83,73,63,76,86,62,68,70,68,73,68,70,69,14,14,14,10,8
237477,M. Tavernier,Marcus Joseph Tavernier,"LM, RM, CAM, LW",76,26,22-03-1999,13,Premier League,1943,AFC Bournemouth,England,1,76,72,50,73,80,68,77,77,73,78,76,86,67,82,60,59,72,74,75,59,66,57,9,14,6,12,8
273883,C. Casadei,Cesare Casadei,"CM, CDM",74,22,10-01-2003,31,Serie A,54,Torino,Italy,1,65,68,72,78,72,76,76,63,69,66,72,73,75,76,69,69,72,76,72,67,70,68,10,7,10,7,15
232411,C. Nkunku,Christopher Alan Nkunku,"CAM, LM, ST, CM",81,27,14-11-1997,31,Serie A,47,AC Milan,France,3,78,80,65,82,82,78,83,77,77,82,79,80,74,65,63,40,81,80,78,40,35,30,5,6,10,15,7
236822,G. Gudmundsson,Gabriel Gudmundsson,"LB, LM, CB",77,26,29-04-1999,13,Premier League,8,Leeds United,Sweden,1,77,59,51,73,76,69,75,85,88,74,74,75,76,79,73,72,68,68,72,70,74,74,12,10,7,6,8
238616,Pedro Neto,Pedro Lomba Neto,"RM, LM, ST, RW",80,25,09-03-2000,13,Premier League,5,Chelsea,Portugal,1,78,75,50,76,82,63,81,92,90,88,75,80,74,73,65,40,77,76,76,40,40,25,6,13,7,12,6
230977,M. Almirón,Miguel Ángel Almirón Rejala,"RW, RM, CAM",76,31,10-02-1994,39,Major League Soccer,112885,Atlanta United,Paraguay,2,71,70,42,70,80,69,78,88,86,86,75,75,61,87,52,57,72,71,75,61,59,49,6,9,13,13,12
240451,J. Beste,Jan-Niklas Beste,"LM, LB, LW",76,26,04-01-1999,19,Bundesliga,25,SC Freiburg,Germany,1,83,70,41,75,77,75,75,79,77,82,67,77,60,79,55,62,70,75,70,62,61,61,13,8,7,14,8
234579,J. Quiñones,Julián Andrés Quiñones Quiñones,"ST, LW, LM",80,28,24-03-1997,350,Pro League,112391,Al Qadsiah FC,Mexico,1,58,83,78,74,82,69,78,89,88,82,72,80,95,87,89,21,79,81,67,25,46,28,8,12,11,8,12
256632,Luis Henrique,Luis Henrique Tomaz de Lima,"RM, LM, RW",78,23,14-12-2001,31,Serie A,44,Inter,Brazil,1,75,74,67,74,80,63,75,85,94,71,75,77,86,75,81,55,77,73,73,53,52,46,9,5,7,10,15
224394,Fábio Martins,Fábio Santos Martins,"LM, LW, LB",76,31,24-07-1993,350,Pro League,113222,Al Hazem FC,Portugal,1,71,66,68,72,81,66,77,80,76,87,77,75,77,75,65,44,75,72,77,37,48,52,9,15,7,13,9
251805,J. Timber,Jurriën David Norman Timber,"RB, LB, CB, RM",82,24,17-06-2001,13,Premier League,1,Arsenal,Netherlands,3,76,41,75,80,77,71,78,76,76,71,82,61,86,79,82,83,70,69,82,83,83,78,6,6,8,14,14
232639,R. Doan,Ritsu Doan堂安 律,"RM, CAM, RB",82,27,16-06-1998,19,Bundesliga,1824,Eintracht Frankfurt,Japan,3,77,75,59,82,86,68,84,86,78,90,79,67,80,90,59,44,81,82,75,39,36,42,8,5,6,13,14
226789,A. Fulgini,Angelo Fulgini,"CAM, CM",73,28,20-08-1996,350,Pro League,112393,Al Taawoun FC,France,1,76,69,67,74,78,70,78,67,70,74,70,70,72,66,68,67,72,73,75,61,69,65,12,6,11,15,14
236792,T. Souček,Tomáš Souček,"CDM, CM",78,30,27-02-1995,13,Premier League,19,West Ham United,Czechia,2,68,72,84,75,71,75,75,42,47,34,78,73,79,87,80,77,76,71,73,75,79,79,11,13,5,6,8
259075,Yan Couto,Yan Bueno Couto,"RB, RM",77,23,03-06-2002,19,Bundesliga,22,Borussia Dortmund,Brazil,1,81,61,49,82,83,74,86,85,72,85,75,65,57,77,51,73,75,75,65,71,69,74,9,6,13,8,11
195365,K. Kampl,Kevin Kampl,"CM, CDM",77,34,09-10-1990,19,Bundesliga,112172,RB Leipzig,Slovenia,3,72,62,34,85,80,79,81,72,61,86,80,72,50,69,47,76,70,78,79,70,60,62,13,11,7,6,16
240740,C. Hudson-Odoi,Callum James Hudson-Odoi,"LM, LW",78,24,07-11-2000,13,Premier League,14,Nottingham Forest,England,2,76,75,52,75,82,70,80,85,79,83,75,78,71,73,62,47,75,76,77,50,53,45,14,13,11,15,5
235167,V. Janelt,Vitaly Janelt,"CM, CDM",76,27,10-05-1998,13,Premier League,1925,Brentford,Germany,1,68,68,55,78,72,78,76,64,55,68,78,77,71,83,76,75,72,74,75,74,76,72,6,8,6,6,14
239373,Z. Flemming,Zian Flemming,ST,73,26,01-08-1998,13,Premier League,1796,Burnley,Netherlands,1,65,73,73,74,71,70,74,65,74,67,73,77,81,82,78,46,73,73,72,52,57,52,13,7,7,8,9
162347,João Moutinho,João Filipe Iria Santos Moutinho,"CM, CDM",77,38,08-09-1986,308,Primeira Liga,1896,Sporting Clube de Braga,Portugal,3,75,62,62,85,74,83,79,43,33,59,77,75,57,75,55,70,73,74,83,70,66,65,13,15,15,13,13
258890,F. Dele-Bashiru,Oluwafisayo Faruq Dele-Bashiru,"CAM, CM",73,24,06-02-2001,31,Serie A,46,Lazio,Nigeria,1,51,69,61,74,79,67,75,79,89,77,68,84,83,71,81,66,72,66,74,65,68,65,6,8,15,11,13
236920,J. Kluivert,Justin Dean Kluivert,"CAM, LM, CM",79,26,05-05-1999,13,Premier League,1943,AFC Bournemouth,Netherlands,1,77,75,57,77,82,75,80,89,86,87,78,84,71,76,53,30,78,78,72,43,35,30,5,6,14,7,12
217036,Álex Moreno,Alexandre Moreno Lopera,"LB, LM",77,32,08-06-1993,53,La Liga,110062,Girona FC,Spain,1,77,64,63,75,74,68,75,74,77,75,76,63,71,68,60,76,72,72,71,75,77,75,15,7,12,11,9
236045,Reinildo,Reinildo Isnard Mandava,"LB, CB, LM",79,31,21-01-1994,13,Premier League,106,Sunderland,Mozambique,3,74,57,76,75,74,60,75,81,81,76,76,60,88,81,75,76,69,64,73,77,78,78,6,8,13,15,7
205343,J. Akpa Akpro,Jean-Daniel Dave Lewis Akpa Akpro,"CM, CDM",72,32,11-10-1992,31,Serie A,206,Hellas Verona FC,Côte d'Ivoire,1,64,65,65,74,72,71,71,71,68,78,69,72,72,79,64,70,76,71,77,69,73,71,7,10,9,9,8
236632,David Neres,David Neres Campos,"LW, LM",81,28,03-03-1997,31,Serie A,48,Napoli,Brazil,3,74,76,45,78,86,69,85,87,85,92,80,79,67,69,59,48,78,79,85,48,45,38,14,10,5,13,6
146562,Santi Cazorla,Santiago Cazorla González,"CAM, CM, LM",75,40,13-12-1984,53,La Liga,110827,Real Oviedo,Spain,1,80,70,58,79,79,79,79,54,53,68,70,71,59,67,55,62,70,80,79,65,65,55,6,9,5,7,15
222357,B. Embolo,Breel Donald Embolo,ST,77,28,14-02-1997,16,Ligue 1,74,Stade Rennais FC,Switzerland,2,63,75,76,75,76,70,77,73,82,67,75,83,89,68,85,44,80,74,75,40,63,38,13,6,7,7,12
244176,D. Undav,Deniz Undav,"ST, CAM",80,28,19-07-1996,19,Bundesliga,36,VfB Stuttgart,Germany,3,67,83,75,80,78,64,83,67,65,73,80,84,82,70,80,18,83,82,82,25,37,29,9,12,9,11,13
252440,N. Zortea,Nadir Zortea,"RM, RB",74,26,19-06-1999,31,Serie A,189,Bologna,Italy,1,76,65,60,68,76,63,74,77,77,71,75,78,78,78,73,69,74,68,71,68,69,68,7,11,6,7,9
278349,D. Huijsen,Dean Donny Huijsen,CB,82,20,14-04-2005,53,La Liga,243,Real Madrid,Spain,3,50,44,83,85,76,83,82,68,74,53,81,71,85,68,78,83,59,75,78,82,82,82,12,7,14,14,8
237183,M. Rojas,Matías Nicolás Rojas Romero,"RW, CAM, RM",74,29,03-11-1995,39,Major League Soccer,111140,Portland Timbers,Paraguay,1,73,73,57,73,79,78,78,63,75,77,69,87,67,67,69,52,74,70,73,60,56,49,8,6,12,8,11
237841,A. Murillo,Michael Amir Murillo Bermúdez,"RB, CB, RM",76,29,11-02-1996,16,Ligue 1,219,Olympique de Marseille,Panama,1,75,56,68,71,69,69,73,80,87,71,74,68,82,77,76,71,67,68,71,67,73,72,5,15,12,11,14
224841,K. Diks,Kevin Diks Bakarbessy,"CB, LB, RB",74,28,06-10-1996,19,Bundesliga,23,Borussia Mönchengladbach,Indonesia,1,64,58,70,74,66,72,71,76,72,73,72,65,83,82,79,72,65,63,70,73,74,73,7,15,9,10,15
252027,A. Vranckx,Aster Jan Vranckx,"CM, CDM",74,22,04-10-2002,31,Serie A,111974,Sassuolo,Belgium,1,65,63,67,77,77,74,77,67,48,74,75,76,75,78,75,73,72,69,72,72,73,70,9,14,13,12,7
220075,M. Kanno,Mohamed Ibrahim Abdullah Kannoمحمد كنو,"CM, CDM, CAM",72,30,22-09-1994,350,Pro League,605,Al Hilal,Saudi Arabia,1,64,64,79,76,72,76,73,61,81,75,62,80,83,81,76,66,67,66,65,66,75,55,10,15,9,13,11
278016,Murillo,Murillo Santiago Costa dos Santos,CB,83,22,04-07-2002,13,Premier League,14,Nottingham Forest,Brazil,3,53,33,79,76,69,77,73,83,78,65,82,72,95,70,90,83,40,62,79,83,83,84,14,9,14,12,13
268804,Mario Gila,Mario Gila Fuentes,CB,79,24,29-08-2000,31,Serie A,46,Lazio,Spain,1,64,48,79,74,72,66,78,83,87,74,79,68,88,82,71,81,42,62,76,81,78,80,14,10,10,6,14
186146,D. Welbeck,Daniel Nii Tackie Mensah Welbeck,ST,78,34,26-11-1990,13,Premier League,1808,Brighton & Hove Albion,England,2,70,81,78,78,78,65,81,60,60,65,81,81,83,68,81,40,83,75,80,45,40,35,9,10,6,12,16
270633,R. Flamingo,Ryan Flamingo,CB,77,22,31-12-2002,10,Eredivisie,247,PSV,Netherlands,1,59,62,75,75,65,72,69,70,61,69,75,72,85,76,85,80,65,64,71,75,78,76,13,11,14,5,8
228941,André Silva,André Miguel Valente da Silva,ST,76,29,06-11-1995,53,La Liga,468,Elche CF,Portugal,3,60,75,79,77,75,63,75,74,70,77,78,77,87,67,76,59,77,74,76,36,40,34,14,13,7,11,8
264293,H. Diarra,Mouhamadou Habib Diarra,"CM, CAM",77,21,03-01-2004,13,Premier League,106,Sunderland,Senegal,1,56,66,58,78,78,77,78,74,67,73,76,78,72,77,69,76,76,77,77,66,76,70,8,12,7,7,8
243593,A. Laurienté,Armand Gaëtan Laurienté,"LW, LM",80,26,04-12-1998,31,Serie A,111974,Sassuolo,France,1,74,76,45,76,84,66,80,93,89,91,76,81,64,82,48,32,79,74,76,30,40,38,13,13,8,14,15
244108,Hong Hyeon Seok,Hyeon-seok Hong홍현석,"CAM, CM",73,26,16-06-1999,16,Ligue 1,71,FC Nantes,Korea Republic,1,73,72,41,76,75,69,75,77,67,84,72,70,60,74,59,68,72,71,74,66,71,68,13,9,7,13,10
235945,Marc Roca,Marc Roca Junqué,"CDM, CM",78,28,26-11-1996,53,La Liga,449,Real Betis Balompié,Spain,1,67,63,69,80,74,80,77,53,64,65,76,75,71,75,75,76,62,78,77,76,77,74,12,11,11,10,8
190813,S. El Shaarawy,Stephan Kareem El Shaarawy,"LM, LW, CAM",79,32,27-10-1992,31,Serie A,52,Roma,Italy,3,76,72,65,77,83,70,83,81,76,89,80,75,75,61,60,36,76,78,77,65,42,35,5,3,5,5,3
257470,A. Elanga,Anthony David Junior Elanga,"RW, RM",81,23,27-04-2002,13,Premier League,13,Newcastle United,Sweden,3,80,77,67,76,83,66,81,93,91,85,79,72,84,75,72,31,80,79,79,38,38,33,13,5,13,8,10
216549,A. Sørloth,Alexander Sørloth,"ST, RW, RM",84,29,05-12-1995,53,La Liga,240,Atlético Madrid,Norway,3,66,85,83,78,77,59,82,72,81,56,83,86,91,84,90,36,84,73,83,39,23,21,15,12,8,15,8
257345,A. Dedić,Amar Dedić,"RB, LB, RM",74,22,18-08-2002,308,Primeira Liga,234,SL Benfica,Bosnia and Herzegovina,1,74,60,56,70,77,71,75,83,83,78,70,67,75,88,69,67,69,66,73,62,72,70,11,6,9,14,9
240992,N. Estévez,Nahuel Estévez Álvarez,"CDM, CM",71,29,14-11-1995,31,Serie A,50,Parma,Argentina,1,72,70,60,75,72,74,74,70,66,79,67,74,66,69,58,66,65,71,68,67,69,64,14,12,9,12,10
243657,J. Garner,James David Garner,"CDM, CM",76,24,13-03-2001,13,Premier League,7,Everton,England,1,76,60,59,80,70,79,77,62,55,69,74,80,67,75,67,72,63,77,79,72,74,70,10,7,7,5,12
225523,Lekue,Iñigo Lekue Martínez,"RB, LB, RM",75,32,04-05-1993,53,La Liga,448,Athletic Club,Spain,1,72,64,61,73,70,65,72,79,79,73,72,62,76,81,70,70,70,68,64,72,73,72,15,16,13,13,9
199422,J. Clasie,Jordy Clasie,"CDM, CM",79,34,27-06-1991,10,Eredivisie,1906,AZ Alkmaar,Netherlands,2,75,54,34,84,73,86,78,46,46,69,77,78,53,68,71,78,64,78,80,77,75,73,11,11,14,10,7
240915,Juan Miranda,Juan Miranda González,"LB, LM",76,25,19-01-2000,31,Serie A,189,Bologna,Spain,1,81,55,68,76,75,63,74,80,83,72,69,79,76,73,63,71,67,65,65,69,74,72,11,8,12,9,6
220710,H. Wilson,Harry Wilson,"RM, RW",76,28,22-03-1997,13,Premier League,144,Fulham FC,Wales,1,77,75,69,75,75,70,77,76,75,78,74,83,70,68,53,40,75,75,76,44,45,40,7,13,9,15,7
256903,Gonçalo Ramos,Gonçalo Matias Ramos,ST,80,24,20-06-2001,16,Ligue 1,73,Paris Saint-Germain,Portugal,1,58,82,83,72,76,63,78,73,73,77,81,82,89,79,79,44,85,63,75,43,47,34,15,9,7,7,15
255654,P. Kalulu,Pierre Kazeye Rommel Kalulu Kyatengwa,"CB, RB",80,25,05-06-2000,31,Serie A,45,Juventus,France,1,70,43,75,77,64,65,74,76,83,73,80,66,83,76,73,82,60,59,80,82,83,79,12,5,13,9,11
256949,A. Grønbæk,Albert Grønbæk Erlykke,"CAM, CM, LM, ST",74,24,23-05-2001,31,Serie A,110556,Genoa,Denmark,1,69,70,55,74,76,71,76,76,74,86,69,67,71,78,65,64,73,75,76,62,64,62,8,12,13,6,9
237496,D. Mihailovic,Đorđe Aleksandar Mihailović,"CAM, CM",75,26,10-11-1998,39,Major League Soccer,111651,Toronto FC,United States,1,77,74,59,76,73,73,75,74,71,74,76,75,62,85,61,62,76,77,73,67,58,40,14,5,6,14,13
234730,V. Rosier,Valentin André Henri Rosier,"RB, RM",77,28,19-08-1996,53,La Liga,479,CA Osasuna,France,1,75,45,63,72,74,68,75,80,82,84,74,64,72,78,73,74,74,72,74,70,74,76,8,13,10,10,9
228593,V. Sierro,Vincent Olivier Sierro,"CM, CDM, CAM",75,29,08-10-1995,350,Pro League,111674,Al Shabab,Switzerland,1,72,67,49,78,72,75,75,63,52,62,75,66,64,85,72,72,70,78,75,72,74,70,12,8,9,15,11
234742,H. Barnes,Harvey Lewis Barnes,"LW, LM",80,27,09-12-1997,13,Premier League,13,Newcastle United,England,2,75,80,46,76,82,68,82,80,85,78,79,82,70,74,71,43,81,80,77,44,43,40,6,5,11,8,10
255223,A. Adli,Amine Adliأمين عدلي,"ST, LM, CAM",78,25,10-05-2000,13,Premier League,1943,AFC Bournemouth,Morocco,1,66,79,74,75,83,63,82,87,82,86,76,79,91,64,67,30,78,73,71,44,38,35,10,8,14,8,12
206590,Moi Gómez,Moisés Gómez Bordonado,"CM, LM, RM, LW",77,31,23-06-1994,53,La Liga,479,CA Osasuna,Spain,1,79,76,54,80,77,79,80,68,60,72,78,73,62,78,56,72,78,78,75,65,60,41,12,7,16,7,7
203574,J. Stones,John Stones,"CB, RB",82,31,28-05-1994,13,Premier League,10,Manchester City,England,3,63,54,84,82,74,79,79,65,64,62,82,68,85,53,78,83,58,78,85,84,85,84,7,15,11,10,8
222028,J. Weigl,Julian Weigl,"CDM, CM, CB",78,29,08-09-1995,350,Pro League,112391,Al Qadsiah FC,Germany,2,59,65,74,84,71,84,77,65,50,74,78,68,75,83,68,76,67,74,78,74,78,64,6,14,16,11,7
262745,N. El Aynaoui,Neil El Aynaouiنييل العيناوي,"CM, CDM",77,23,02-07-2001,31,Serie A,52,Roma,Morocco,1,74,61,73,79,75,79,78,57,66,69,77,64,83,82,75,77,69,77,75,69,76,67,10,5,7,14,5
270728,Carlos Romero,Carlos Romero Serrano,"LB, LM, LW",75,23,29-10-2001,53,La Liga,452,RCD Espanyol,Spain,1,73,65,59,73,75,65,75,79,76,75,72,72,73,76,63,69,72,73,69,70,74,73,9,10,7,11,9
235432,M. Munetsi,Marshall Nyasha Munetsi,"CM, CAM, RW",76,29,22-06-1996,13,Premier League,110,Wolverhampton Wanderers,Zimbabwe,2,59,68,78,77,75,76,76,63,70,54,76,77,83,89,77,75,75,75,74,72,75,70,13,10,7,8,11
247729,André Almeida,Domingos André Ribeiro Almeida,"CAM, ST, CM",75,25,30-05-2000,53,La Liga,461,Valencia CF,Portugal,1,69,57,46,77,77,76,77,71,68,76,75,74,61,67,59,76,72,78,80,66,69,65,6,9,12,8,5
217826,J. Laurent,Joshua Ishaele Jacob-Heron Hunt-Laurent,"CDM, CM, CAM",73,30,06-05-1995,13,Premier League,1796,Burnley,England,1,59,59,67,68,70,68,71,76,80,70,73,66,86,90,87,70,62,63,70,71,72,70,14,8,12,14,16
231447,D. Malen,Donyell Malen,"RM, RW, LM",79,26,19-01-1999,13,Premier League,2,Aston Villa,Netherlands,3,72,79,67,77,83,61,81,89,84,86,78,84,73,69,66,31,80,71,79,29,33,35,7,9,9,10,14
252711,A. Abdi,Ali Abdiعلي العابدي,"LB, LM",76,31,20-12-1993,16,Ligue 1,72,OGC Nice,Tunisia,1,74,63,69,76,72,65,75,83,89,76,70,67,82,89,71,68,70,66,71,68,70,70,13,13,13,10,9
200260,S. Berghuis,Steven Berghuis,"RW, CAM, RM",78,33,19-12-1991,10,Eredivisie,245,Ajax,Netherlands,3,83,76,48,82,75,81,81,74,69,77,74,82,58,74,64,37,77,83,79,43,37,30,9,11,7,7,15
228946,M. Svanberg,Mattias Olof Svanberg,"CM, CDM",76,26,05-01-1999,19,Bundesliga,175,VfL Wolfsburg,Sweden,2,68,68,32,78,76,75,79,77,70,74,77,74,65,76,75,72,75,76,75,70,70,63,7,6,13,8,12
260523,P. Aaronson,Paxten Reid Aaronson,"CM, CDM",75,21,26-08-2003,39,Major League Soccer,694,Colorado Rapids,United States,1,61,72,47,76,75,72,76,80,85,79,75,72,59,82,48,76,70,74,73,70,72,66,8,9,9,13,12
231612,R. Del Castillo,Romain Del Castillo,"RW, RM",76,29,29-03-1996,16,Ligue 1,378,Stade Brestois 29,France,2,75,68,63,77,79,73,77,79,85,89,71,77,74,65,61,35,74,76,76,32,47,44,7,10,9,13,12
252909,Antonio Sánchez,Antonio Sánchez Navarro,"RM, CM, RB",73,28,22-04-1997,53,La Liga,453,RCD Mallorca,Spain,1,66,61,54,81,72,74,73,71,72,82,68,79,72,85,75,72,68,73,71,62,68,64,15,13,6,14,10
265459,T. Morton,Tyler Scott Morton,"CDM, CM",74,22,31-10-2002,16,Ligue 1,66,Olympique Lyonnais,England,1,75,59,62,79,76,78,76,67,61,72,75,66,67,71,59,70,67,77,76,69,70,68,12,13,5,13,12
238900,E. Demirović,Ermedin Demirović,ST,80,27,25-03-1998,19,Bundesliga,36,VfB Stuttgart,Bosnia and Herzegovina,2,69,84,71,79,78,66,81,68,75,70,82,85,80,80,77,36,83,78,73,38,39,42,9,8,9,7,6
184432,Azpilicueta,César Azpilicueta Tanco,"CB, RB",78,35,28-08-1989,53,La Liga,481,Sevilla FC,Spain,3,78,46,77,78,68,77,75,55,49,67,83,68,77,69,72,79,62,72,78,80,79,78,13,9,10,6,5
258937,Aimar Oroz,Aimar Oroz Huarte,"CM, CAM, LM",77,23,27-11-2001,53,La Liga,479,CA Osasuna,Spain,1,65,76,65,81,80,75,80,70,63,72,75,75,71,78,64,73,77,76,75,52,70,58,6,6,13,6,13
254088,Amad,Amad Diallo Traoré,"CAM, RW, RM, CM",79,22,11-07-2002,13,Premier League,11,Manchester United,Côte d'Ivoire,1,75,77,53,76,83,71,80,88,82,92,77,78,65,70,45,59,78,77,78,51,57,49,13,15,8,11,6
235407,S. Özcan,Salih Özcan,"CDM, CM, CB",75,27,11-01-1998,19,Bundesliga,22,Borussia Dortmund,Türkiye,2,62,59,71,74,72,71,71,75,66,76,72,65,84,75,78,78,64,66,70,74,76,73,13,7,9,9,11
239529,F. Onyeka,Ogochukwu Frank Onyeka,"CM, CDM",74,27,01-01-1998,13,Premier League,1925,Brentford,Nigeria,1,58,64,63,75,72,74,75,68,79,79,73,70,74,85,74,77,75,73,70,72,73,68,15,9,7,6,14
277954,K. Yıldız,Kenan Yıldız,"CAM, LM, LW, CM",79,20,04-05-2005,31,Serie A,45,Juventus,Türkiye,1,74,78,69,75,85,70,85,85,84,83,72,79,80,72,67,35,78,77,75,32,30,26,14,14,6,8,14
262113,N. Zalewski,Nicola Zalewski,"LM, RM, RB, LB",76,23,23-01-2002,31,Serie A,39,Atalanta,Poland,1,75,58,45,76,79,65,78,80,85,80,72,72,59,75,49,64,75,73,72,65,66,63,10,5,7,8,15
246242,B. Dia,Boulaye Dia,"ST, CAM",80,28,16-11-1996,31,Serie A,46,Lazio,Senegal,1,55,83,76,75,79,64,79,81,87,76,78,84,87,74,74,38,81,72,78,39,42,36,11,10,15,14,10
239368,M. Bakker,Mitchel Bakker,"LB, LM, RM",75,25,20-06-2000,31,Serie A,39,Atalanta,Netherlands,1,73,59,70,74,74,68,72,77,80,64,74,80,85,82,81,70,71,66,70,72,73,69,14,7,11,8,9
239782,B. Acosta,Bryan Josué Acosta Ramos,"CM, CDM",70,31,24-11-1993,39,Major League Soccer,114162,Nashville SC,Honduras,1,69,59,65,69,64,72,66,73,69,76,68,83,79,82,76,68,67,73,68,66,65,62,9,7,13,8,7
236461,J. Mateta,Jean-Philippe Mateta,ST,82,28,28-06-1997,13,Premier League,1799,Crystal Palace,France,3,59,86,76,78,82,63,80,69,80,53,82,86,86,68,86,41,84,73,82,35,39,30,8,8,7,13,11
243630,J. David,Jonathan Christian David,ST,82,25,14-01-2000,31,Serie A,45,Juventus,Canada,3,67,85,77,76,80,69,81,79,83,75,84,79,87,90,77,33,88,74,81,29,29,19,7,7,11,7,7
193474,I. Gueye,Idrissa Gana Gueye,"CDM, CM",79,35,26-09-1989,13,Premier League,7,Everton,Senegal,2,65,52,69,77,68,72,76,66,55,77,81,76,75,82,58,83,58,65,75,79,84,80,8,6,8,12,13
260592,B. Šeško,Benjamin Šeško,ST,80,22,31-05-2003,13,Premier League,11,Manchester United,Slovenia,3,56,81,82,74,79,59,81,79,87,75,73,85,93,84,83,39,81,63,77,45,42,35,10,8,5,14,6
242458,A. Dovbyk,Artem DovbykДовбик Артем Олександрович,ST,83,28,21-06-1997,31,Serie A,52,Roma,Ukraine,3,48,86,85,79,79,69,79,80,86,72,80,89,91,77,80,25,85,72,83,32,28,23,13,13,5,12,10
235173,I. Sangaré,Ibrahim Sangaré,"CDM, CM",77,27,02-12-1997,13,Premier League,14,Nottingham Forest,Côte d'Ivoire,3,66,59,71,76,74,75,74,62,54,54,75,80,75,66,87,78,68,72,75,76,78,77,7,13,11,6,7
253133,A. Beck,Adrian Beck,"CM, CAM, RM",73,28,09-06-1997,19,Bundesliga,111235,1. FC Heidenheim 1846,Germany,1,74,74,72,74,73,69,73,65,61,60,75,76,78,79,74,66,74,72,76,69,72,65,13,14,6,12,9
272600,Marc Casadó,Marc Casadó Torras,"CDM, CM",79,21,14-09-2003,53,La Liga,241,FC Barcelona,Spain,1,53,64,62,82,79,79,82,66,49,78,78,68,63,67,53,77,69,76,78,78,80,79,12,14,11,8,12
262402,Sergi Cardona,Sergi Cardona Bermúdez,"LB, LM",79,25,08-07-1999,53,La Liga,483,Villarreal CF,Spain,1,74,50,65,76,75,67,77,84,80,70,74,75,80,85,71,76,68,73,73,74,80,73,6,11,11,15,7
241238,J. Deminguet,Jessy Deminguet,"CM, CDM",72,27,07-01-1998,16,Ligue 1,68,FC Metz,France,1,67,63,62,75,73,70,74,68,72,80,69,66,71,88,68,65,68,73,63,63,66,61,11,13,11,11,11
262500,Olasagasti,Jon Ander Olasagasti Imizcoz,"CM, CDM",74,24,16-08-2000,53,La Liga,1853,Levante UD,Spain,1,60,65,64,78,70,75,74,65,62,65,73,65,70,81,68,72,73,75,71,71,74,69,14,13,14,8,12
208830,J. Vardy,Jamie Richard Vardy,ST,76,38,11-01-1987,31,Serie A,111434,Cremonese,England,3,68,79,76,72,70,59,75,74,69,69,77,82,80,61,63,49,79,70,78,45,51,53,15,14,7,15,11
255233,T. Suslov,Tomáš Suslov,"CAM, CM",72,23,07-06-2002,31,Serie A,206,Hellas Verona FC,Slovakia,1,69,66,45,75,75,72,74,87,70,82,67,81,69,73,63,56,70,67,64,53,52,48,10,9,9,15,12
254262,Z. Debast,Zeno Koen Debast,"CDM, CB, CM",78,21,24-10-2003,308,Primeira Liga,237,Sporting CP,Belgium,1,77,51,76,77,76,81,78,66,73,61,77,68,80,81,73,76,53,71,73,76,79,76,6,6,15,6,5
225863,O. Boscagli,Olivier Maxime Boscagli,CB,79,27,18-11-1997,13,Premier League,1808,Brighton & Hove Albion,France,2,72,33,76,82,74,84,82,68,62,73,81,72,84,68,80,82,62,77,79,77,79,78,8,7,14,8,12
210021,H. Mukhtar,Hany Abubakr Mukhtar,"CAM, ST",79,30,21-03-1995,39,Major League Soccer,114162,Nashville SC,Germany,2,73,74,47,79,78,75,80,82,82,87,78,75,66,85,58,43,78,79,78,43,44,44,15,10,9,9,12
264298,C. Bradley,Conor Bradley,"RB, RM",78,21,09-07-2003,13,Premier League,9,Liverpool,Northern Ireland,1,77,62,65,74,75,65,77,80,80,72,76,68,76,84,65,75,74,69,68,75,77,75,15,9,10,5,10
237679,R. Kolo Muani,Randal Kolo Muani,ST,81,26,05-12-1998,13,Premier League,18,Tottenham Hotspur,France,3,64,81,80,77,80,62,81,90,90,84,78,83,88,74,69,38,82,77,79,32,33,32,7,14,15,8,5
220814,L. Hernández,Lucas François Bernard Hernández Pi,"CB, LB, LM",81,29,14-02-1996,16,Ligue 1,73,Paris Saint-Germain,France,3,78,53,80,78,65,66,76,68,74,69,81,62,84,65,78,80,66,71,80,82,84,82,10,7,8,14,10
227232,F. Sotoca,Florian Sotoca,"ST, RW, CAM",75,34,25-10-1990,16,Ligue 1,64,RC Lens,France,1,76,75,79,76,70,70,75,60,68,65,78,76,83,82,80,49,77,78,77,47,46,44,13,15,12,11,14
245152,S. Giménez,Santiago Tomás Giménez,ST,79,24,18-04-2001,31,Serie A,47,AC Milan,Mexico,2,64,82,80,74,77,69,78,77,79,75,75,83,77,64,68,51,84,75,78,45,39,22,6,14,12,6,10
210381,C. Lykogiannis,Charalampos LykogiannisΧαράλαμπος Λυκογιάννης,"LB, LM",73,31,22-10-1993,31,Serie A,189,Bologna,Greece,1,80,59,64,72,68,71,74,71,82,40,66,84,79,67,80,70,64,58,64,68,71,69,9,7,10,14,12
230625,Matheus Reis,Matheus Reis de Lima,"CB, LB, LM",77,30,18-02-1995,308,Primeira Liga,237,Sporting CP,Brazil,1,75,50,70,74,76,64,76,75,77,75,75,65,82,80,79,77,62,60,74,79,77,76,6,14,10,7,14
251392,T. Krauß,Tom Krauß,"CDM, CM",75,24,22-06-2001,19,Bundesliga,31,1. FC Köln,Germany,1,51,59,64,75,72,70,74,74,69,69,73,73,78,81,75,73,69,68,67,71,77,74,7,11,5,12,8
229906,L. Bailey,Leon Patrick Bailey Butler,"RM, RW",79,27,09-08-1997,31,Serie A,52,Roma,Jamaica,3,75,76,57,75,85,65,81,91,84,91,77,72,75,64,61,28,76,75,73,45,34,29,12,13,6,15,14
258601,M. Sangaré,Mamadou Sangaré,"CM, CDM, CAM",72,23,26-06-2002,16,Ligue 1,64,RC Lens,Mali,1,61,60,56,71,73,72,74,83,82,78,73,69,71,83,59,72,64,71,71,70,68,66,7,7,12,7,13
244369,V. Tsygankov,Viktor TsygankovЦиганков Віктор Віталійович,"RM, RW, CAM",79,27,15-11-1997,53,La Liga,110062,Girona FC,Ukraine,3,80,74,45,80,78,76,79,82,82,81,76,77,62,75,52,43,75,78,75,48,39,37,9,7,15,6,12
240020,Ricardo Mangas,Ricardo Luís Chaby Mangas,"LM, LB, RM, LW",74,27,19-03-1998,308,Primeira Liga,237,Sporting CP,Portugal,1,74,70,64,67,71,64,75,79,78,80,74,67,77,83,69,68,75,67,70,66,65,64,7,12,12,5,14
188567,P. Aubameyang,Pierre-Emerick Emiliano François Aubameyang,ST,81,36,18-06-1989,16,Ligue 1,219,Olympique de Marseille,Gabon,3,72,85,76,74,78,64,82,76,87,70,83,82,82,61,70,44,88,71,79,22,35,29,6,9,15,9,9
206516,W. Hughes,William James Hughes,"CDM, CM",77,30,17-04-1995,13,Premier League,1799,Crystal Palace,England,1,74,62,58,79,75,75,77,54,48,67,78,64,61,69,60,78,66,78,77,69,77,75,7,15,12,9,12
237626,Y. Neyou,Yvan Neyou Noupa,"CM, CDM",75,28,03-01-1997,53,La Liga,1860,Getafe CF,Cameroon,1,67,64,66,78,78,73,78,56,67,70,72,64,67,78,64,75,75,72,75,75,74,72,15,7,10,8,14
226627,T. Minamino,Takumi Minamino南野 拓実,"LM, CAM, LW",78,30,16-01-1995,16,Ligue 1,69,AS Monaco,Japan,1,73,76,53,79,81,67,80,84,71,89,77,71,69,74,58,49,77,79,78,34,39,33,9,12,8,15,14
236918,A. Dreyer,Anders Laustrup Dreyer,"RW, LW, RM",77,27,02-05-1998,39,Major League Soccer,131439,San Diego FC,Denmark,1,76,76,50,77,76,72,76,84,73,87,71,84,70,80,60,35,78,75,78,42,41,40,11,10,11,10,7
240787,H. Traoré,Hamed Junior Traoré,"LM, CAM, LW",77,25,16-02-2000,16,Ligue 1,219,Olympique de Marseille,Côte d'Ivoire,1,71,71,64,74,81,70,82,80,76,79,73,74,73,68,58,41,75,73,67,60,60,61,8,10,14,12,11
277427,N. O'Reilly,Nico O'Reilly,"LB, CM, CAM",73,20,21-03-2005,13,Premier League,10,Manchester City,England,1,71,65,69,75,74,70,73,71,74,72,70,70,75,72,68,71,70,71,72,68,70,68,7,13,8,7,12
269278,D. Gómez,Diego Alexander Gómez Amarilla,"CM, CDM",73,22,27-03-2003,13,Premier League,1808,Brighton & Hove Albion,Paraguay,1,63,65,65,76,76,73,76,70,68,72,73,70,76,70,75,72,71,72,74,73,73,68,6,6,8,6,9
234824,Y. Wissa,Yoane Wissa,ST,82,28,03-09-1996,13,Premier League,13,Newcastle United,Congo DR,3,72,85,81,76,80,61,80,83,87,83,84,82,86,78,68,31,85,72,74,25,24,19,14,7,6,8,15
252259,E. Millot,Enzo Camille Alain Millot,"CAM, CM",78,22,17-07-2002,350,Pro League,112387,Al Ahli SFC,France,1,70,71,44,80,83,75,82,77,72,87,79,73,55,75,46,65,77,78,74,64,65,53,13,15,12,8,8
226157,Javi Muñoz,Javier Muñoz Jiménez,"CM, CAM, CDM",76,30,28-02-1995,53,La Liga,1860,Getafe CF,Spain,1,68,65,46,78,74,76,76,71,72,70,68,67,68,90,75,74,74,76,69,72,74,71,6,10,8,7,8
215700,L. O'Nien,Luke Terry O'Nien,CB,72,30,21-11-1994,13,Premier League,106,Sunderland,England,1,60,57,68,69,65,68,67,75,70,77,70,58,87,92,75,70,61,65,69,73,69,69,9,14,8,14,10
229668,Mario Hermoso,Mario Hermoso Canseco,CB,80,30,18-06-1995,31,Serie A,52,Roma,Spain,3,71,42,83,79,67,76,76,71,73,70,77,66,88,72,80,79,63,66,77,78,81,80,13,8,10,5,8
239978,D. Man,Dennis Man,"RW, RM",76,26,26-08-1998,10,Eredivisie,247,PSV,Romania,1,69,75,68,74,79,65,76,92,92,89,67,76,85,73,72,40,67,68,69,38,48,45,5,13,7,8,13
259521,Terrats,Ramón Terrats Espacio,"CM, RM, CDM, RW",77,24,18-10-2000,53,La Liga,452,RCD Espanyol,Spain,1,66,74,63,80,76,77,77,60,61,68,75,68,69,74,70,73,77,77,71,70,76,72,8,9,5,14,11
234795,A. Bernede,Antoine Joseph Emmanuel Bernede,"CM, CDM",72,26,26-05-1999,31,Serie A,206,Hellas Verona FC,France,1,54,63,57,75,75,72,74,73,68,74,70,71,70,77,64,68,72,71,69,70,71,70,9,15,11,6,15
254817,M. Araújo,Maximiliano Javier Araújo Vilches,"LM, LB, LW",77,25,15-02-2000,308,Primeira Liga,237,Sporting CP,Uruguay,1,74,71,62,72,78,69,80,87,84,85,75,67,76,78,60,72,74,69,73,68,69,67,12,13,9,8,9
207471,F. Vázquez,Franco Damián Vázquez,"ST, CAM",74,36,22-02-1989,31,Serie A,111434,Cremonese,Argentina,1,73,78,69,78,81,75,82,50,45,67,70,76,72,71,79,51,74,80,78,45,59,48,14,15,13,9,7
138412,J. Milner,James Philip Milner,"CM, RB, CDM",73,39,04-01-1986,13,Premier League,1808,Brighton & Hove Albion,England,1,75,62,65,76,72,75,76,45,46,57,76,79,63,47,66,75,71,73,74,72,75,72,12,9,10,8,6
200888,Danilo Pereira,Danilo Luís Hélio Pereira,CB,81,33,09-09-1991,350,Pro League,607,Al Ittihad,Portugal,3,56,58,84,76,72,70,76,39,54,51,82,75,80,78,88,84,71,70,78,82,81,80,9,7,13,14,15
234200,A. El Mahdioui,Aschraf El Mahdioui,"CDM, CM, CB",78,29,24-05-1996,350,Pro League,112393,Al Taawoun FC,Netherlands,1,64,44,54,80,68,80,79,69,63,75,78,66,63,90,75,75,57,73,81,75,75,68,10,9,9,6,12
270857,Mateus Fernandes,Mateus Gonçalo Espanha Fernandes,"CAM, CM",76,20,10-07-2004,13,Premier League,19,West Ham United,Portugal,1,62,69,56,79,79,77,78,73,67,84,77,70,69,78,62,62,75,76,74,55,64,53,6,5,12,8,5
246045,P. De la Vega,Pedro de la Vega,"RM, RW, LW",74,24,07-02-2001,39,Major League Soccer,111144,Seattle Sounders FC,Argentina,1,73,73,71,65,74,64,73,80,81,83,76,77,81,80,66,50,69,67,73,46,47,49,8,9,15,8,9
241187,L. Geertruida,Lutsharel Geertruida,"CB, RB, LB",78,24,18-07-2000,13,Premier League,106,Sunderland,Netherlands,2,70,66,79,76,76,74,77,76,69,69,75,65,89,76,80,77,69,69,75,76,81,78,12,11,13,12,10
221488,R. Hollingshead,Ryan Michael Hollingshead,"LB, RB",72,34,16-04-1991,39,Major League Soccer,112996,Los Angeles FC,United States,1,66,66,74,71,72,67,71,60,60,65,72,78,82,86,81,70,74,68,72,71,72,69,23,17,18,23,17
207993,S. Kolašinac,Sead Kolašinac,CB,79,32,20-06-1993,31,Serie A,39,Atalanta,Bosnia and Herzegovina,2,73,60,76,74,67,63,74,54,67,57,79,75,81,78,83,78,69,65,72,80,81,78,15,9,16,7,9
228010,Hwang In Beom,In-beom Hwang황인범,"CM, CDM, CAM",77,28,20-09-1996,10,Eredivisie,246,Feyenoord,Korea Republic,1,65,67,56,80,76,78,76,64,61,80,78,78,63,86,58,68,72,78,77,64,65,52,7,12,11,9,8
263620,R. Lavia,Roméo Lavia,"CDM, CM",78,21,06-01-2004,13,Premier League,5,Chelsea,Belgium,1,62,43,70,79,77,76,78,71,68,76,77,63,80,65,77,78,60,75,78,78,78,77,7,7,5,11,13
247495,Moncayola,Jon Moncayola Tollar,"CM, CDM, LM",78,27,13-05-1998,53,La Liga,479,CA Osasuna,Spain,1,67,68,55,82,82,79,78,64,63,66,76,70,66,74,66,76,74,77,73,72,78,77,7,7,11,11,14
228312,R. Lod,Robin Lod,"CM, CAM, RM",73,32,17-04-1993,39,Major League Soccer,111138,Minnesota United FC,Finland,1,70,72,61,76,75,72,77,74,66,74,69,72,71,73,77,54,75,78,72,67,56,51,7,13,8,15,10
231416,D. Lukébakio,Dodi Lukébakio Ngandoli,"RM, RW, ST",82,27,24-09-1997,308,Primeira Liga,234,SL Benfica,Belgium,3,78,82,55,78,86,67,84,86,87,80,80,85,76,72,69,26,81,78,80,31,29,24,9,7,14,11,12
198141,Bartra,Marc Bartra Aregall,CB,79,34,15-01-1991,53,La Liga,449,Real Betis Balompié,Spain,3,57,55,78,78,68,77,75,62,65,67,80,73,82,67,77,81,50,70,75,81,79,79,10,15,13,12,8
246814,Í. Jóhannesson,Ísak Bergmann Jóhannesson,"CM, CAM",73,22,23-03-2003,19,Bundesliga,31,1. FC Köln,Iceland,1,68,60,45,75,71,72,75,72,72,73,72,71,63,90,63,65,69,74,72,66,63,63,14,7,10,13,13
236636,A. Caci,Anthony Caci,"RB, RM, CB",78,28,01-07-1997,19,Bundesliga,169,1. FSV Mainz 05,France,1,75,57,73,74,71,74,76,70,73,68,76,63,79,90,72,73,69,68,70,74,77,76,11,9,12,7,8
203106,L. Bittencourt,Leonardo Jesus Loureiro Bittencourt,"CAM, CM",73,31,19-12-1993,19,Bundesliga,38,SV Werder Bremen,Germany,1,67,67,46,75,78,71,77,75,72,86,72,71,55,73,46,57,68,69,74,57,59,62,15,11,6,14,16
198705,A. Nájar,Andy Ariel Nájar Rodríguez,"RB, RM, CB",72,32,16-03-1993,39,Major League Soccer,114162,Nashville SC,Honduras,1,73,62,62,70,75,68,75,70,72,71,71,63,71,59,66,74,68,67,69,72,71,70,12,9,12,8,16
225085,J. Bamba,Jonathan Bamba,"LM, LW, CM",77,29,26-03-1996,39,Major League Soccer,693,Chicago Fire,Côte d'Ivoire,2,75,71,63,74,78,67,77,84,83,81,75,77,76,76,63,36,73,76,74,33,39,38,15,14,15,8,9
226662,B. Nieuwkoop,Bart Nieuwkoop,"RB, RW, RM",74,29,07-03-1996,10,Eredivisie,246,Feyenoord,Netherlands,1,76,63,72,73,70,74,73,69,69,65,76,69,80,82,74,72,76,71,75,70,70,67,8,11,9,7,16
74866,André,André Trindade da Costa Neto,"CDM, CM",78,23,16-07-2001,13,Premier League,110,Wolverhampton Wanderers,Brazil,1,66,53,58,78,77,80,77,62,55,74,76,69,67,76,67,79,65,74,78,73,78,79,5,5,9,14,7
238227,K. Diatta,Krépin Diatta,"RM, RW",74,26,25-02-1999,16,Ligue 1,69,AS Monaco,Senegal,1,67,68,62,68,77,64,74,90,86,88,70,73,78,83,61,57,69,69,70,57,57,55,10,8,11,11,12
263578,Balde,Alejandro Balde Martínez,"LB, LM",83,21,18-10-2003,53,La Liga,241,FC Barcelona,Spain,3,82,51,71,82,80,72,81,90,91,81,80,55,83,77,68,78,65,72,64,77,80,80,5,8,7,10,13
240797,M. Tramoni,Mattéo Tramoni,"CAM, CM",74,25,20-01-2000,31,Serie A,110738,Pisa,France,1,64,70,60,74,76,70,74,90,88,92,70,72,76,80,59,50,70,72,74,46,58,54,11,11,9,10,5
271019,G. Fabbian,Giovanni Fabbian,"CM, CAM",74,22,14-01-2003,31,Serie A,189,Bologna,Italy,1,63,72,70,77,74,74,76,70,65,74,72,74,69,61,55,68,78,75,71,64,69,68,8,9,8,7,6
261299,A. Scott,Alex Jay Scott,"CAM, CDM, CM",74,21,21-08-2003,13,Premier League,1943,AFC Bournemouth,England,1,68,63,52,76,79,73,77,73,69,84,73,63,67,71,64,68,68,74,73,65,68,62,9,10,15,12,8
269276,G. Oristanio,Gaetano Pio Oristanio,"CAM, ST, CM",74,22,28-09-2002,31,Serie A,50,Parma,Italy,1,66,73,72,73,78,67,76,83,86,88,66,73,79,69,57,53,75,65,70,45,49,47,6,8,9,8,10
236276,A. Danjuma,Arnaut Danjuma Adam Groeneveld,"LM, ST, LW",75,28,31-01-1997,53,La Liga,461,Valencia CF,Netherlands,1,73,71,72,73,76,66,76,82,84,81,74,76,83,62,69,32,71,72,73,35,52,47,15,8,10,8,14
241184,Junior Firpo,Héctor Junior Firpo Adamés,"LB, LM",75,28,22-08-1996,53,La Liga,449,Real Betis Balompié,Dominican Republic,1,76,62,72,75,74,64,73,72,75,67,71,66,81,77,73,72,74,75,73,70,74,72,7,7,7,14,14
247131,Pacha Espino,Luis Alfonso Espino García,LB,74,33,05-01-1992,53,La Liga,480,Rayo Vallecano,Uruguay,2,70,60,62,69,67,68,67,83,85,71,66,70,83,88,78,70,65,60,67,67,70,72,15,6,8,12,5
240017,A. Skov Olsen,Andreas Skov Olsen,"RW, RM",77,25,29-12-1999,19,Bundesliga,175,VfL Wolfsburg,Denmark,1,76,77,64,73,80,69,80,85,81,76,66,80,79,72,70,34,74,68,72,39,37,31,13,8,7,7,11
234678,J. Mæhle,Joakim Mæhle Pedersen,"LB, RB, LM",78,28,20-05-1997,19,Bundesliga,175,VfL Wolfsburg,Denmark,2,75,50,64,77,74,69,79,77,73,70,79,65,79,83,74,75,76,66,73,75,74,74,12,8,12,10,8
241602,J. Arias,Jhon Adolfo Arias Andrade,"RW, CAM, LW, RM",78,27,21-09-1997,13,Premier League,110,Wolverhampton Wanderers,Colombia,1,76,75,48,76,78,69,76,86,85,90,76,79,74,78,72,55,75,77,76,45,32,33,7,7,7,6,15
236786,M. Terrier,Martin Terrier,"ST, LM, LW, CAM",79,28,04-03-1997,19,Bundesliga,32,Bayer 04 Leverkusen,France,2,73,80,75,78,81,72,82,81,75,72,77,79,85,73,74,27,78,77,79,34,31,34,12,5,13,5,8
236295,Aarón Martín,Aarón Martín Caricol,"LB, LM",74,28,22-04-1997,31,Serie A,110556,Genoa,Spain,1,83,43,66,76,74,69,78,69,50,77,72,69,68,81,57,72,69,68,74,71,72,70,11,14,10,12,12
226093,C. Adams,Ché Zach Everton Fred Adams,ST,77,28,13-07-1996,31,Serie A,54,Torino,Scotland,1,58,81,66,70,77,56,78,80,83,80,77,86,77,78,68,40,78,66,72,36,45,40,16,13,12,15,9
252042,João Pedro,João Pedro Junqueira de Jesus,"ST, CAM",79,23,26-09-2001,13,Premier League,5,Chelsea,Brazil,1,66,79,77,78,83,69,81,79,77,76,79,80,84,75,70,38,80,75,78,39,27,23,7,6,10,8,14
257972,O. Sørensen,Oliver Sørensen Jensen,"CM, CAM",73,23,10-03-2002,31,Serie A,50,Parma,Denmark,1,66,70,67,73,69,70,73,69,77,73,74,70,79,92,81,68,72,71,74,68,69,66,9,13,9,10,7
243312,Pablo Martínez,Pablo Martínez Andrés,"LM, CM, CAM, LW",73,27,22-02-1998,53,La Liga,1853,Levante UD,Spain,1,69,66,56,73,71,72,75,72,71,74,69,74,73,84,71,65,69,71,68,63,62,59,7,12,7,13,10
277643,Lamine Yamal,Lamine Yamal Nasraoui Ebanaلامين يامال نصراوي إبانا,"RM, RW",89,17,13-07-2007,53,La Liga,241,FC Barcelona,Spain,5,89,83,33,88,92,84,90,88,83,93,88,83,58,73,45,18,88,88,84,23,20,28,9,13,7,10,7
235781,Santi Comesaña,Santiago Comesaña Veiga,"CM, CDM",78,28,05-10-1996,53,La Liga,483,Villarreal CF,Spain,1,54,73,67,81,77,80,78,54,56,59,79,74,70,75,74,76,74,76,78,77,80,79,8,11,11,6,9
247328,Unai Vencedor,Unai Vencedor Paris,"CDM, CM",71,24,15-11-2000,53,La Liga,1853,Levante UD,Spain,1,65,65,54,71,67,70,70,71,55,77,68,73,71,77,74,69,66,69,69,68,70,68,15,6,10,6,13
221992,H. Lozano,Hirving Rodrigo Lozano Bahena,"LW, RW, LM",78,29,30-07-1995,39,Major League Soccer,131439,San Diego FC,Mexico,3,71,75,62,72,80,65,78,89,87,86,81,75,73,60,54,45,80,73,74,42,35,29,11,10,14,14,10
250961,J. Zirkzee,Joshua Orobosa Zirkzee,"ST, CAM",77,24,22-05-2001,13,Premier League,11,Manchester United,Netherlands,1,58,77,71,78,85,72,85,74,68,76,74,76,86,69,84,40,78,79,79,40,36,35,6,11,12,8,14
259265,M. Batna,Mourad Batnaمراد باتنا,"RM, RW",77,35,27-06-1990,350,Pro League,112390,Al Fateh,Morocco,1,77,75,66,74,79,72,78,71,72,74,77,81,74,75,84,36,77,74,78,28,34,31,12,12,8,7,10
264388,Moleiro,Alberto Moleiro González,"LM, CAM, LW",79,21,30-09-2003,53,La Liga,483,Villarreal CF,Spain,1,68,70,57,78,83,74,81,84,83,85,72,74,73,76,60,48,74,81,71,47,55,53,6,9,11,8,11
225539,D. Solanke,Dominic Ayodele Solanke-Mitchell,ST,80,27,14-09-1997,13,Premier League,18,Tottenham Hotspur,England,3,55,81,83,77,78,60,79,68,74,67,80,82,88,87,84,43,83,70,78,40,35,22,9,15,14,9,10
246800,T. Buchanan,Tajon Trevor Buchanan,"RM, RB, RW",74,26,08-02-1999,53,La Liga,483,Villarreal CF,Canada,1,67,65,68,70,75,61,74,91,90,77,73,75,83,73,69,68,64,68,66,68,66,64,13,9,7,8,7
223816,J. Rodríguez,Jonathan Javier Rodríguez Portillo,"LM, ST, LW",76,31,06-07-1993,39,Major League Soccer,111140,Portland Timbers,Uruguay,1,68,75,71,69,76,67,77,87,83,85,76,80,87,77,75,35,75,67,72,23,40,45,12,14,10,7,10
254887,J. Ortiz,Julio Joao Ortiz Landázuri,"CDM, CM, CB",71,29,01-05-1996,39,Major League Soccer,111140,Portland Timbers,Ecuador,1,55,65,55,71,71,70,71,71,73,70,66,72,73,83,74,71,69,71,70,68,69,67,13,5,8,12,7
227503,J. Larsen,Jacob Bruun Larsen,"LM, RM, ST, LW",74,26,19-09-1998,13,Premier League,1796,Burnley,Denmark,1,69,72,58,72,75,67,74,85,72,76,73,82,76,62,68,59,73,70,66,56,54,44,14,6,11,11,11
234205,H. Ito,Hiroki Ito伊藤 洋輝,"CB, LB, LM",78,26,12-05-1999,19,Bundesliga,21,FC Bayern München,Japan,2,68,48,74,77,69,80,77,74,74,66,82,78,84,59,77,81,56,66,76,83,78,77,13,10,10,10,10
235569,T. Ndombele,Tanguy Ndombélé Alvaro,"CM, CDM, CB",74,28,28-12-1996,16,Ligue 1,72,OGC Nice,France,2,70,63,56,80,83,76,82,57,56,80,64,79,68,45,75,64,70,81,77,65,71,64,8,10,13,8,7
255566,Samú Costa,Samuel de Almeida Costa,"CDM, CM",78,24,27-11-2000,53,La Liga,453,RCD Mallorca,Portugal,1,58,59,71,79,69,76,76,65,57,67,74,79,79,82,76,75,64,71,66,74,78,75,6,7,12,14,9
244380,V. Mykolenko,Vitalii MykolenkoМиколенко Віталій Сергійович,"LB, LM",78,26,29-05-1999,13,Premier League,7,Everton,Ukraine,1,74,44,65,74,70,69,74,70,77,66,76,70,72,79,69,77,65,70,72,78,80,78,9,8,14,9,14
238004,A. Guðmundsson,Albert Guðmundsson,"ST, CAM",79,28,15-06-1997,31,Serie A,110374,Fiorentina,Iceland,1,63,81,72,75,84,64,83,86,87,83,79,79,85,71,71,29,75,73,80,25,39,43,5,10,7,6,6
259584,M. Ruggeri,Matteo Ruggeri,"LM, LB",75,22,11-07-2002,53,La Liga,240,Atlético Madrid,Italy,1,76,61,65,78,72,74,76,78,78,60,76,69,77,80,68,70,75,65,68,71,75,74,11,12,11,14,8
260815,Arnau Martínez,Arnau Martínez López,"RB, RM, CB, RW",79,22,25-04-2003,53,La Liga,110062,Girona FC,Spain,1,80,55,75,80,74,70,77,83,75,74,79,59,83,80,66,74,62,74,68,73,76,74,10,7,7,10,9
228092,S. Berge,Sander Gard Bolin Berge,"CDM, CM, CB",79,27,18-02-1998,13,Premier League,144,Fulham FC,Norway,1,66,63,74,80,75,78,78,54,55,47,77,78,81,81,89,76,70,75,78,76,76,72,14,9,10,8,10
258881,O. Nwobodo,Obinna Emmanuel Nwobodo,"CDM, CM, CB",73,28,29-11-1996,39,Major League Soccer,113149,FC Cincinnati,Nigeria,1,57,56,58,73,71,62,67,82,82,81,67,75,75,90,65,77,60,59,66,76,77,74,13,12,8,12,5
259197,N. Jackson,Nicolas Jackson,ST,80,24,20-06-2001,19,Bundesliga,21,FC Bayern München,Senegal,3,62,81,76,77,81,62,79,81,83,72,80,79,89,81,77,40,83,73,77,30,40,30,12,7,12,7,7
279173,F. Mastantuono,Franco Mastantuono,"CAM, RW, ST",77,17,14-08-2007,53,La Liga,243,Real Madrid,Argentina,1,73,70,47,77,81,72,80,78,71,82,74,72,64,72,58,53,76,78,78,49,51,49,7,13,10,6,9
234930,Pedro Rebocho,Pedro Miguel Braga Rebocho,"LB, LM",73,30,23-01-1995,350,Pro League,112883,Al Khaleej,Portugal,1,70,45,62,74,73,73,71,78,75,77,67,72,78,85,72,67,68,58,69,65,69,71,6,9,6,7,10
224179,Borja Iglesias,Borja Iglesias Quintas,ST,80,32,17-01-1993,53,La Liga,450,RC Celta,Spain,2,54,83,83,78,74,72,80,59,65,53,80,85,85,64,84,32,85,80,80,40,36,27,14,12,16,13,16
201153,Morata,Álvaro Borja Morata Martín,"ST, CAM",81,32,23-10-1992,31,Serie A,1745,Como,Spain,3,72,82,84,77,80,72,83,79,78,76,81,82,91,79,79,26,84,77,79,37,14,20,4,5,4,4,5
220609,V. Vada,Valentín Vada,"LM, CAM, RM, LW",67,29,06-03-1996,350,Pro League,113217,Damac FC,Argentina,1,67,67,52,66,63,65,64,66,62,76,69,68,72,77,81,67,70,69,68,65,66,60,8,13,15,16,6
242916,Y. Sugawara,Yukinari Sugawara菅原 由勢,"RB, RM",74,25,28-06-2000,19,Bundesliga,38,SV Werder Bremen,Japan,1,76,48,54,72,71,73,72,75,75,80,71,65,77,75,67,71,69,70,70,70,72,71,8,12,9,8,12
236298,E. Atuesta,Eduard Andrés Atuesta Velasco,"CM, CDM",74,28,18-06-1997,39,Major League Soccer,112606,Orlando City SC,Colombia,1,65,53,49,80,76,76,75,69,61,75,76,70,64,79,69,70,67,76,76,66,70,63,15,12,12,12,13
275985,Alberto Reina,Alberto Reina Campos,"CM, CDM, CAM",73,27,09-09-1997,53,La Liga,110827,Real Oviedo,Spain,1,65,69,63,74,72,73,75,64,68,73,72,70,69,78,66,68,72,74,72,64,68,62,13,8,14,15,7
225147,C. Roberts,Connor Richard John Roberts,RB,75,29,23-09-1995,13,Premier League,1796,Burnley,Wales,1,74,60,65,75,71,70,74,77,75,71,70,67,78,84,71,69,67,69,74,71,73,70,6,12,8,12,13
270208,A. Gray,Archie Gray,"CDM, CB, RB, RM",75,19,12-03-2006,13,Premier League,18,Tottenham Hotspur,England,1,67,59,68,75,74,74,74,70,72,66,75,62,75,77,72,74,68,71,75,73,74,73,15,12,13,6,5
224415,Luis Rioja,Luis Jesús Rioja González,"RM, LM, RW",78,31,16-10-1993,53,La Liga,461,Valencia CF,Spain,1,77,76,36,76,80,72,79,79,75,79,75,78,56,77,50,58,79,70,72,62,49,49,6,9,10,12,14
248266,S. Boey,Sacha Boey,RB,77,24,13-09-2000,19,Bundesliga,21,FC Bayern München,France,1,69,44,63,73,74,67,75,78,65,79,77,69,79,74,75,79,68,58,74,75,79,78,10,11,13,10,6
251438,Nuno Santos,Nuno Miguel Valente Santos,"LM, RW, CM, LW",72,26,02-03-1999,308,Primeira Liga,1887,Vitória SC,Portugal,1,69,66,54,74,72,70,70,75,77,76,73,73,70,72,69,63,70,70,73,63,66,65,11,14,12,5,14
240690,N. Gonzalez,Nicolás Iván González,"RM, LM, LW, RW",78,27,06-04-1998,53,La Liga,240,Atlético Madrid,Argentina,3,76,78,80,79,79,68,79,79,84,79,75,75,78,73,51,39,81,69,76,38,46,39,10,6,9,5,8
189280,A. Westwood,Ashley Roy Westwood,"CDM, CM",73,35,01-04-1990,39,Major League Soccer,114640,Charlotte FC,England,1,75,60,60,77,60,73,73,60,49,65,69,72,67,83,67,68,64,72,74,70,68,67,10,13,13,7,8
237960,Mama Baldé,Mama Samba Baldé,"ST, LW, LM",73,29,06-11-1995,16,Ligue 1,378,Stade Brestois 29,Guinea-Bissau,1,68,71,73,67,72,59,69,85,90,80,72,77,88,75,75,47,72,65,66,41,52,48,6,12,13,13,6
229880,A. Wan-Bissaka,Aaron Wan-Bissaka,"RB, RM",80,27,26-11-1997,13,Premier League,19,West Ham United,Congo DR,3,72,46,57,75,79,58,74,79,80,77,79,70,75,75,71,81,72,68,78,78,80,89,9,8,6,8,8
211022,Rubén García,Rubén García Santos,"RM, RW, ST, RB",78,31,14-07-1993,53,La Liga,479,CA Osasuna,Spain,2,80,77,54,80,78,79,79,81,69,80,73,76,61,66,44,38,74,78,67,45,47,41,9,14,13,14,10
239512,M. Meulensteen,Melle Meulensteen,"CDM, CM",72,25,04-07-1999,10,Eredivisie,100632,Go Ahead Eagles,Netherlands,1,57,68,78,71,69,70,71,68,69,68,69,68,83,84,74,71,69,65,69,66,71,69,10,5,12,8,14
246708,G. Masouras,Georgios MasourasΓεώργιος Μασούρας,"ST, RW, RM",73,31,01-01-1994,350,Pro League,112883,Al Khaleej,Greece,1,75,73,71,75,75,69,76,74,71,75,73,76,79,73,69,48,72,70,74,45,46,46,6,7,10,15,15
226853,J. St. Juste,Jeremiah Israël St. Juste,"CB, RB",76,28,19-10-1996,308,Primeira Liga,237,Sporting CP,Netherlands,2,57,59,70,75,74,70,70,90,93,82,75,66,85,68,74,76,48,67,68,78,77,75,12,14,9,13,11
216158,S. Widmer,Silvan Dominic Widmer,"RB, RM",72,32,05-03-1993,19,Bundesliga,169,1. FSV Mainz 05,Switzerland,1,73,59,72,70,69,70,72,72,74,75,75,72,84,67,76,71,70,69,76,71,69,65,10,8,7,5,14
241004,F. Carballo,Felipe Ignacio Carballo Ares,"CM, CDM, LM, CB",73,28,04-10-1996,39,Major League Soccer,111140,Portland Timbers,Uruguay,1,61,68,69,77,70,70,75,66,72,71,74,70,74,80,71,68,68,71,65,62,70,59,5,14,6,13,10
232104,D. James,Daniel Owen James,"RM, RW",76,27,10-11-1997,13,Premier League,8,Leeds United,Wales,1,73,74,50,70,74,58,74,94,94,88,75,74,71,81,56,42,75,70,75,64,45,34,7,6,11,15,9
253399,O. Edvardsen,Oliver Valaker Edvardsen,"LW, RW, LM",73,26,19-03-1999,10,Eredivisie,245,Ajax,Norway,1,66,74,68,68,73,59,73,88,81,91,72,66,92,78,72,57,77,65,71,58,52,45,12,6,6,9,12
252383,R. Zerrouki,Ramiz Larbi Zerrouki,"CDM, CM",73,27,26-05-1998,10,Eredivisie,1908,FC Twente,Algeria,1,59,59,51,75,72,74,72,65,59,74,68,76,70,80,80,70,65,69,73,70,69,68,6,11,14,12,6
252144,Eduardo Quaresma,Eduardo Filipe Quaresma Vieira Coimbra Simões,"CB, RB, RM",77,23,02-03-2002,308,Primeira Liga,237,Sporting CP,Portugal,1,65,45,72,70,72,68,74,84,80,68,77,67,88,69,77,76,65,68,77,78,81,77,9,13,8,8,8
257289,H. Ekitiké,Hugo Ekitiké,"ST, CAM",83,23,20-06-2002,13,Premier League,9,Liverpool,France,3,51,79,77,82,87,57,86,85,87,80,83,82,85,86,69,23,86,79,78,28,35,19,8,8,7,10,12
276278,P. Sučić,Petar Sučić,"CM, CDM",74,21,25-10-2003,31,Serie A,44,Inter,Croatia,1,68,71,59,74,76,76,81,70,69,74,74,66,69,90,67,61,72,73,84,63,61,58,10,5,7,14,13
243032,Hugo Duro,Hugo Duro Perales,ST,78,25,10-11-1999,53,La Liga,461,Valencia CF,Spain,1,66,80,81,73,75,66,76,69,72,68,80,77,86,76,76,50,81,72,79,44,40,40,8,14,6,14,15
243354,P. Sander,Philipp Sander,"CDM, CM",75,27,21-02-1998,19,Bundesliga,23,Borussia Mönchengladbach,Germany,1,73,62,68,77,74,76,76,72,65,74,76,77,74,69,66,73,63,75,75,72,75,74,15,6,6,7,11
242602,J. Vagnoman,Josha Mamadou Karaboue Vagnoman,"RB, RM",74,24,11-12-2000,19,Bundesliga,36,VfB Stuttgart,Germany,1,71,58,68,74,75,65,72,83,90,67,72,70,87,78,84,68,73,68,68,67,71,66,12,13,14,10,8
225206,K. Narey,Khaled Narey,"RM, RW, LM",74,30,23-07-1994,350,Pro League,113060,Al Akhdoud Saudi Club,Germany,1,74,70,58,72,75,60,75,86,79,78,71,76,79,79,71,58,72,64,70,61,65,65,14,12,12,15,12
228819,M. Vargas,Matías Ezequiel Vargas Martín,"LM, ST, CAM, LW",77,28,08-05-1997,350,Pro League,112390,Al Fateh,Argentina,1,64,73,45,71,81,66,73,87,86,86,71,74,71,85,68,40,75,79,76,41,39,32,10,13,14,10,7
270559,Tiago Santos,Tiago Carvalho Santos,"RB, RM",77,22,23-07-2002,16,Ligue 1,65,Lille OSC,Portugal,1,76,48,46,74,78,72,76,85,82,77,74,69,68,72,60,74,72,67,75,71,76,77,10,7,15,7,13
224490,Z. Çelik,Mehmet Zeki Çelik,"RB, RM, CB",76,28,17-02-1997,31,Serie A,52,Roma,Türkiye,2,72,57,65,72,74,67,76,70,73,67,72,63,73,82,70,74,70,68,74,73,74,74,13,14,9,10,7
189805,L. de Jong,Luuk de Jong,ST,78,34,27-08-1990,308,Primeira Liga,236,FC Porto,Netherlands,3,66,78,93,79,70,65,81,41,39,51,80,83,92,71,87,45,86,75,80,50,55,47,16,10,8,8,11
270013,A. Zehnter,Aaron Zehnter,"LM, LB",72,20,31-10-2004,19,Bundesliga,175,VfL Wolfsburg,Germany,1,80,59,56,69,70,60,72,78,71,75,69,76,68,86,55,64,68,74,53,67,64,62,12,14,12,10,15
271562,Matheus Araújo,Matheus Nunes Fagundes de Araújo,"LB, LM, CB",72,24,01-03-2001,308,Primeira Liga,1438,Santa Clara,Brazil,1,71,68,67,70,68,66,70,70,69,63,71,70,78,81,76,70,66,68,63,71,71,66,10,14,13,5,9
237936,A. Dønnum,Aron Leonard Dønnum,"RM, LM, CAM, RW",75,27,20-04-1998,16,Ligue 1,1809,Toulouse FC,Norway,1,69,68,53,70,77,66,76,84,80,85,73,69,76,85,72,59,69,72,71,55,47,42,8,14,12,6,9
279769,Diogo Travassos,Diogo Martins Travassos,"RB, LB, RM",69,21,31-03-2004,308,Primeira Liga,1900,Moreirense FC,Portugal,1,70,64,52,66,73,62,70,88,84,78,62,63,74,74,67,68,67,67,68,66,60,59,6,7,6,14,13
247263,E. Tapsoba,Edmond Fayçal Tapsoba,CB,81,26,02-02-1999,19,Bundesliga,32,Bayer 04 Leverkusen,Burkina Faso,3,39,56,84,83,66,82,74,73,76,66,81,86,84,74,83,85,34,74,78,82,81,79,5,10,13,7,15
246258,L. Beltrán,Lucas Beltrán,"CAM, ST, CM",76,24,29-03-2001,53,La Liga,461,Valencia CF,Argentina,1,56,79,69,74,76,68,78,76,67,78,76,75,79,70,72,41,81,75,77,42,46,44,6,14,10,14,8
238896,Pepê,Eduardo Gabriel Aquino Cossa,"CAM, RM, RW, CM",78,28,24-02-1997,308,Primeira Liga,236,FC Porto,Brazil,3,71,70,42,75,83,69,84,86,85,87,79,68,61,73,52,70,78,75,73,55,45,41,14,6,13,10,9
205431,N. Füllkrug,Niclas Füllkrug,ST,79,32,09-02-1993,13,Premier League,19,West Ham United,Germany,3,65,81,87,77,74,59,77,53,60,51,80,86,86,55,86,24,82,76,79,41,46,30,15,9,10,13,9
269230,N. Sadiki,Noah Junior Sadiki,"CM, CDM, CAM",74,20,17-12-2004,13,Premier League,106,Sunderland,Congo DR,1,57,66,53,77,76,74,75,81,74,82,75,68,75,84,72,71,60,72,73,68,70,68,13,9,8,13,13
277432,P. Dorgu,Patrick Chinazaekpere Dorgu,"LB, LM",74,20,26-10-2004,13,Premier League,11,Manchester United,Denmark,1,72,56,65,71,75,65,73,84,87,73,70,67,82,75,74,68,70,69,73,68,70,72,11,8,6,11,7
185068,J. Russell,Jonathan Russell,"RW, RM",70,35,08-04-1990,39,Major League Soccer,111065,Real Salt Lake,Scotland,1,69,68,68,65,70,63,71,75,73,75,69,77,81,70,76,50,69,71,70,42,56,38,12,16,8,12,7
248573,J. Dina Ebimbe,Éric Junior Dina Ebimbe,"RM, CM, RB, RW",72,24,21-11-2000,16,Ligue 1,378,Stade Brestois 29,France,1,65,66,59,73,72,70,71,80,79,76,75,71,79,66,76,74,64,71,78,69,71,61,6,11,14,12,5
241937,A. Harroui,Abdoulrahmane Harrouiعبدو هروي,"CM, CDM, CAM",72,27,13-01-1998,31,Serie A,206,Hellas Verona FC,Morocco,1,68,66,57,71,75,67,76,72,66,70,71,76,70,74,66,68,71,74,72,67,71,66,9,5,7,12,7
213654,G. Kamara,Glen Adjei Kamara,"CDM, CM",74,29,28-10-1995,16,Ligue 1,74,Stade Rennais FC,Finland,1,58,55,59,76,75,68,78,73,76,80,71,68,74,83,73,73,64,69,78,70,71,64,8,14,12,11,7
222709,Petros,Petros Matheus dos Santos Araújo,"CDM, CM",72,36,29-05-1989,350,Pro League,113060,Al Akhdoud Saudi Club,Brazil,1,61,64,67,71,70,68,71,62,61,67,72,75,75,83,76,71,66,68,77,64,70,69,16,13,9,10,14
210423,A. Rusnák,Albert Rusnák,"CAM, CDM, CM",75,30,07-07-1994,39,Major League Soccer,111144,Seattle Sounders FC,Slovakia,1,71,72,43,77,74,73,77,74,73,79,74,77,58,84,57,56,74,75,75,54,45,42,10,7,16,13,7
256769,A. Truffert,Adrien Truffert,"LB, LM",77,23,20-11-2001,13,Premier League,1943,AFC Bournemouth,France,2,78,52,59,72,76,72,76,75,76,70,71,69,71,84,65,74,71,66,68,71,78,77,6,6,6,6,8
262171,E. Bove,Edoardo Bove,CM,74,23,16-05-2002,31,Serie A,52,Roma,Italy,1,60,68,64,78,74,72,78,64,67,63,80,75,66,66,59,75,75,65,77,78,81,73,8,7,7,12,7
232477,S. Al Ghannam,Sultan Abdullah Salem Al Ghannamسلطان بن عبد الله بن سالم الغنام,"RB, RM",72,31,06-05-1994,350,Pro League,112139,Al Nassr,Saudi Arabia,1,78,59,56,72,74,68,71,82,82,77,71,65,66,84,63,72,73,73,71,60,63,61,9,15,10,8,12
235149,J. Schouten,Jerdy Hendrikus Gerardus Bernardus Schouten,"CDM, CM, CB",80,28,12-01-1997,10,Eredivisie,247,PSV,Netherlands,3,59,58,66,81,75,79,79,60,60,66,78,65,73,71,75,83,62,78,83,82,80,79,11,7,6,5,14
244390,M. Bülter,Marius Bülter,"ST, LM, LW, CAM",76,32,29-03-1993,19,Bundesliga,31,1. FC Köln,Germany,1,72,78,64,72,75,64,73,77,82,69,77,84,81,76,77,38,76,68,67,45,53,42,7,7,6,14,13
186537,C. Stuani,Cristhian Ricardo Stuani Curbelo,ST,77,38,12-10-1986,53,La Liga,110062,Girona FC,Uruguay,2,68,79,81,73,70,65,73,58,64,62,74,80,87,51,87,36,83,70,78,45,49,42,16,14,9,16,8
258619,J. Lepenant,Johann Lepenant,"CM, CAM, CDM",74,22,22-10-2002,16,Ligue 1,71,FC Nantes,France,1,63,56,53,76,71,75,76,67,65,78,76,64,65,85,66,72,63,71,66,76,74,72,6,13,14,6,7
240970,M. Payero,Martín Ismael Payero,"CM, CAM",73,26,11-09-1998,31,Serie A,111434,Cremonese,Argentina,1,66,59,62,76,78,72,76,70,70,72,73,78,74,69,72,65,70,75,76,62,65,61,6,6,8,7,7
254548,M. Bard,Melvin Michel Maxence Bard,"LB, LM, CB",78,24,06-11-2000,16,Ligue 1,72,OGC Nice,France,1,75,45,59,74,73,68,75,77,78,73,75,70,76,81,74,76,69,64,70,76,78,75,12,12,5,7,14
254566,P. Wimmer,Patrick Wimmer,"CAM, RW, LM, ST",77,24,30-05-2001,19,Bundesliga,175,VfL Wolfsburg,Austria,2,73,70,44,74,82,66,79,83,84,85,75,75,70,78,73,48,76,78,70,53,47,45,12,13,9,14,13
73078,K. Sano,Kaishu Sano佐野 海舟,"CDM, CM",79,24,30-12-2000,19,Bundesliga,169,1. FSV Mainz 05,Japan,1,53,43,74,77,76,74,75,76,81,78,78,65,79,92,65,86,64,67,76,79,77,67,7,11,7,8,8
226168,M. Eggestein,Maximilian Eggestein,"CDM, CM",75,28,08-12-1996,19,Bundesliga,25,SC Freiburg,Germany,2,67,54,65,76,69,71,74,63,57,68,77,76,75,81,76,74,62,66,75,70,75,72,15,10,13,15,8
244114,B. Mendy,Batista Adelino Mendy,"CDM, CB, CM",76,25,12-01-2000,53,La Liga,481,Sevilla FC,France,1,58,51,72,75,70,71,74,66,71,65,72,77,84,84,86,74,60,65,75,72,77,73,8,12,6,6,13
264172,Carmona,José Ángel Carmona Navarro,"RB, RM, RW",76,23,29-01-2002,53,La Liga,481,Sevilla FC,Spain,1,71,68,62,72,73,67,74,77,82,72,74,65,74,74,64,73,70,69,66,75,74,72,9,6,12,7,11
261659,S. Lynen,Senne Maaike Lynen,"CDM, CM, CB",76,26,19-02-1999,19,Bundesliga,38,SV Werder Bremen,Belgium,1,68,57,64,75,66,73,69,56,78,55,77,72,71,87,75,83,65,74,81,75,73,65,10,10,9,8,13
259356,C. Chukwuemeka,Carney Chibueze Chukwuemeka,"CAM, CM",76,21,20-10-2003,19,Bundesliga,22,Borussia Dortmund,England,1,70,67,65,79,82,73,78,74,74,78,77,68,75,64,70,58,72,77,75,49,62,58,12,12,9,11,10
246606,Fran García,Francisco José García Torres,"LB, LM",79,25,14-08-1999,53,La Liga,243,Real Madrid,Spain,2,75,42,54,78,76,62,79,90,89,80,72,63,75,83,66,74,70,67,69,67,79,76,9,6,12,9,11
239701,R. Schmid,Romano Christian Schmid,"CAM, CM",78,25,27-01-2000,19,Bundesliga,38,SV Werder Bremen,Austria,1,83,62,39,80,84,72,83,78,76,87,79,76,55,88,49,64,77,78,72,60,57,39,7,9,7,9,6
202429,D. da Costa,Danny Vieira da Costa,"CB, RB, RM",75,31,13-07-1993,19,Bundesliga,169,1. FSV Mainz 05,Germany,1,65,51,71,64,71,63,68,75,84,65,73,68,84,75,78,73,70,68,65,75,76,77,15,15,12,6,6
201417,M. Doherty,Matthew James Doherty,"CB, RB, RM",74,33,16-01-1992,13,Premier League,110,Wolverhampton Wanderers,Republic of Ireland,1,72,59,73,71,69,70,70,66,66,66,76,76,78,76,72,73,69,69,70,74,74,73,15,8,12,11,9
263370,V. Barco,Valentín Barco,"LB, LM, CM",75,20,23-07-2004,16,Ligue 1,76,RC Strasbourg Alsace,Argentina,1,75,42,50,78,77,73,77,77,76,85,74,60,60,75,48,71,72,74,74,66,73,72,12,10,9,6,12
242187,C. Baumgartner,Christoph Baumgartner,"CAM, ST, CM",77,25,01-08-1999,19,Bundesliga,112172,RB Leipzig,Austria,2,63,72,70,77,79,75,78,81,68,82,78,75,74,75,55,38,77,77,74,34,56,51,10,11,9,14,11
242815,D. Fitz,Dominik Fitz,"CAM, CM",74,26,16-06-1999,39,Major League Soccer,111138,Minnesota United FC,Austria,1,75,72,46,76,70,73,73,81,73,83,68,71,65,80,59,35,72,76,71,47,51,41,10,12,15,9,11
245158,L. Suárez,Luis Javier Suárez Charris,ST,77,27,02-12-1997,308,Primeira Liga,237,Sporting CP,Colombia,2,66,77,73,68,76,57,73,82,83,73,77,82,87,79,76,42,82,69,68,26,41,25,6,8,13,11,6
242633,M. Frendrup,Morten Wetche Frendrup,"CM, CDM",76,24,07-04-2001,31,Serie A,110556,Genoa,Denmark,1,46,58,57,77,77,75,77,80,77,72,79,69,72,92,62,75,72,70,73,76,78,74,10,12,10,12,5
240938,Junior Messias,Junior Walter Messias,"CM, RM, CAM",72,34,13-05-1991,31,Serie A,110556,Genoa,Brazil,1,68,74,61,74,76,70,78,75,76,76,71,71,66,61,52,61,75,74,65,50,66,51,8,8,15,9,12
234078,O. Mangala,Orel Johnson Mangala,"CDM, CM",77,27,18-03-1998,16,Ligue 1,66,Olympique Lyonnais,Belgium,2,61,51,51,78,79,75,79,73,64,77,78,66,69,77,70,76,64,76,78,76,73,72,7,6,7,7,10
257889,K. Jakić,Kristijan Jakić,"CDM, CM, CB",76,28,14-05-1997,19,Bundesliga,100409,FC Augsburg,Croatia,1,53,52,69,74,65,70,72,76,69,65,73,79,82,82,76,73,58,66,69,78,78,74,10,10,5,9,10
233630,H. Cuypers,Hugo Jean-Marc Cuypers,ST,77,28,07-02-1997,39,Major League Soccer,693,Chicago Fire,Belgium,1,66,80,76,73,69,61,74,73,77,66,78,80,85,90,75,41,82,72,71,42,41,36,13,12,12,12,10
218339,M. Dahoud,Mahmoud Dahoudمحمود داوود,"CM, CDM",73,29,01-01-1996,19,Bundesliga,1824,Eintracht Frankfurt,Germany,1,67,60,42,76,76,73,80,75,54,81,71,80,59,70,59,72,66,74,72,70,61,59,14,7,9,12,11
238581,R. Vargas,Rubén Estephan Vargas Martínez,"LM, CAM, RM, LW",75,26,05-08-1998,53,La Liga,481,Sevilla FC,Switzerland,1,67,68,66,72,78,69,75,83,84,91,73,72,77,79,62,48,72,69,63,59,51,45,12,7,5,6,11
262937,J. Tchatchoua,Jackson Tchatchoua,"RB, RM",74,24,23-06-2001,13,Premier League,110,Wolverhampton Wanderers,Cameroon,1,75,56,65,67,76,57,73,87,91,74,65,67,83,88,73,64,70,54,64,64,70,69,8,13,10,12,6
236610,M. Kean,Moise Bioty Kean,ST,83,25,28-02-2000,31,Serie A,110374,Fiorentina,Italy,3,51,88,83,68,82,46,83,84,87,79,78,87,89,82,72,31,86,58,77,40,36,30,13,8,10,7,9
241538,S. Pinas,Shaquille Riley Pinas,"LB, CB, LM",73,27,19-03-1998,350,Pro League,131735,Al Kholood,Suriname,1,71,62,66,70,66,68,71,75,76,76,68,64,78,74,72,69,61,63,63,70,70,69,6,5,8,10,8
241925,C. Führich,Chris Jan Führich,"LM, LW, CAM",77,27,09-01-1998,19,Bundesliga,36,VfB Stuttgart,Germany,2,71,70,54,74,85,65,81,87,81,88,74,70,66,75,49,43,71,70,69,53,55,50,6,7,12,12,6
223866,S. Lovrič,Sandi Lovrić,"CM, CDM",75,27,28-03-1998,31,Serie A,55,Udinese,Slovenia,1,66,67,55,79,74,76,76,62,62,62,76,69,64,75,61,72,72,78,72,70,72,70,11,10,12,13,7
256402,C. Alcaraz,Carlos Jonás Alcaraz,"CAM, CM, ST",75,22,30-11-2002,13,Premier League,7,Everton,Argentina,1,59,72,65,76,79,73,77,86,75,83,70,75,75,69,57,43,72,73,71,45,45,43,12,9,14,6,7
254117,M. Beier,Maximilian Beier,"ST, RM, LM, RW",79,22,17-10-2002,19,Bundesliga,22,Borussia Dortmund,Germany,1,67,82,72,74,80,60,82,86,86,82,79,80,77,82,53,43,82,68,73,45,39,21,6,8,8,6,13
198717,W. Zaha,Dazet Wilfried Armel Zaha,"LW, LM, ST",77,32,10-11-1992,39,Major League Soccer,114640,Charlotte FC,Côte d'Ivoire,3,72,73,47,76,80,69,80,81,83,80,73,82,72,69,72,35,74,73,80,34,39,36,15,10,15,11,10
256115,L. Samardžić,Lazar SamardžićЛазар Самарџић,"CM, CDM, CAM",75,23,24-02-2002,31,Serie A,39,Atalanta,Serbia,1,64,72,40,80,80,77,81,75,64,77,72,77,61,59,64,64,72,76,70,58,65,58,11,14,14,11,15
239755,S. Lobjanidze,Saba Lobjanidzeსაბა ლობჟანიძე,"RM, RW, LM",74,30,18-12-1994,39,Major League Soccer,112885,Atlanta United,Georgia,1,73,74,68,70,76,66,74,81,86,86,66,71,75,76,58,42,71,67,72,43,42,43,12,6,10,11,13
264862,M. Akliouche,Maghnes Akliouche,"RM, CAM, RW",80,23,25-02-2002,16,Ligue 1,69,AS Monaco,France,1,76,72,46,80,84,74,84,75,74,84,78,66,62,77,58,48,74,82,81,46,52,44,8,10,9,5,8
247093,S. Pedroza,Juan Sebastián Pedroza Perdomo,"CDM, CM, CAM",72,26,08-04-1999,350,Pro League,113060,Al Akhdoud Saudi Club,Colombia,1,69,63,52,74,67,71,70,74,70,73,67,66,72,74,75,71,57,71,63,71,71,69,11,11,15,13,7
246618,A. Hložek,Adam Hložek,"ST, RM, CAM, RW",77,22,25-07-2002,19,Bundesliga,10029,TSG 1899 Hoffenheim,Czechia,1,69,77,72,75,78,68,78,78,78,69,75,84,88,77,83,23,75,76,76,23,32,23,11,10,9,11,10
213345,K. Coman,Kingsley Junior Coman,"LM, RM, LW",83,29,13-06-1996,350,Pro League,112139,Al Nassr,France,3,80,73,61,80,88,73,87,90,84,91,82,82,78,65,66,23,79,80,78,29,27,21,5,3,5,3,5
251025,Larrazabal,Gaizka Larrazabal Goikoetxea,"RM, RB",71,27,17-12-1997,308,Primeira Liga,114510,Casa Pia,Spain,1,69,59,47,68,70,62,70,80,81,80,72,73,74,80,78,69,70,62,66,66,68,65,7,9,9,14,9
261530,Dário Essugo,Dário Cassia Luís Essugo,"CDM, CM, CB",75,20,14-03-2005,13,Premier League,5,Chelsea,Portugal,1,46,49,62,74,74,70,71,72,80,77,73,69,80,76,83,75,72,70,68,75,76,74,9,9,6,6,8
202652,R. Sterling,Raheem Shaquille Sterling,"LW, LM, RM",78,30,08-12-1994,13,Premier League,5,Chelsea,England,3,75,75,48,75,82,68,79,86,78,91,76,77,59,52,44,38,77,74,76,38,48,40,15,12,12,15,9
237499,A. Sabiri,Abdelhamid Sabiriعبدالحميد صابيري,"CAM, CM, ST",73,28,28-11-1996,31,Serie A,110374,Fiorentina,Morocco,1,65,69,68,74,77,66,76,68,51,77,72,80,77,74,76,56,70,73,70,52,65,58,8,6,14,8,12
220421,H. Kamara,Hassane Kamara,"LB, LM",72,31,05-03-1994,31,Serie A,55,Udinese,Côte d'Ivoire,1,71,57,50,69,73,67,70,85,80,82,70,74,71,75,61,69,68,65,72,66,70,68,8,9,16,9,13
240193,E. Rexhbeçaj,Elvis Rexhbeçaj,"CM, CDM, CAM",74,27,01-11-1997,19,Bundesliga,100409,FC Augsburg,Kosovo,1,68,59,58,77,74,74,74,63,57,68,74,83,68,75,70,67,72,71,65,67,75,68,14,11,6,8,14
241985,Pep Biel,Pep Biel Mas Jaume,"CAM, ST, RM, CM",77,28,05-09-1996,39,Major League Soccer,114640,Charlotte FC,Spain,1,73,74,52,78,77,70,78,75,65,88,75,70,59,78,47,45,76,79,76,48,49,49,8,14,7,9,6
223302,Samu,Fábio Samuel Amorim da Silva,"CM, CAM, CDM",73,29,21-04-1996,308,Primeira Liga,1887,Vitória SC,Portugal,1,65,70,48,75,73,70,76,72,73,77,67,68,61,82,57,65,73,79,68,47,67,66,12,9,11,9,8
234573,Aurélio Buta,Aurélio Gabriel Ulineia Buta,"RB, RM",73,28,10-02-1997,19,Bundesliga,1824,Eintracht Frankfurt,Portugal,1,71,54,42,71,74,65,74,90,85,88,72,70,66,74,60,69,71,69,76,69,69,68,9,5,13,9,10
263765,T. Bischof,Tom Bischof,"CM, CDM, RM, CAM",76,20,28-06-2005,19,Bundesliga,21,FC Bayern München,Germany,1,77,64,40,82,78,78,80,65,52,81,78,72,49,81,49,58,61,78,77,58,68,61,9,13,12,13,6
246871,E. Barrenechea,Enzo Alan Tomás Barrenechea,"CM, CDM",77,24,22-05-2001,308,Primeira Liga,234,SL Benfica,Argentina,1,54,66,45,81,76,79,78,58,56,64,73,74,59,79,67,75,72,74,74,76,76,69,7,9,14,9,6
243057,N. Williams,Neco Shay Williams,"LB, RB, LM",78,24,13-04-2001,13,Premier League,14,Nottingham Forest,Wales,1,77,45,66,74,74,69,74,70,73,73,77,60,78,74,64,76,66,68,73,77,78,82,10,11,7,14,15
245622,S. Machino,Shuto Machino町野 修斗,"ST, CAM",75,25,30-09-1999,19,Bundesliga,23,Borussia Mönchengladbach,Japan,1,58,74,69,74,77,62,76,74,91,78,69,82,87,80,75,34,74,74,67,40,35,27,14,10,7,7,6
217242,Y. Kubo,Yuya Kubo久保 裕也,"CAM, CM, ST",70,31,24-12-1993,39,Major League Soccer,113149,FC Cincinnati,Japan,1,62,71,54,73,70,66,72,72,70,82,67,68,66,76,60,64,72,66,66,61,66,58,9,11,14,11,12
252324,Riquelme,Rodrigo Riquelme Reche,"LM, RM, LW",77,25,02-04-2000,53,La Liga,449,Real Betis Balompié,Spain,1,74,71,51,76,78,72,76,83,85,83,74,77,66,69,53,52,76,76,76,50,48,46,9,10,8,9,12
237223,J. Gressel,Julian Emil Kurt Gressel,"RM, RW, CM",73,31,16-12-1993,39,Major League Soccer,111138,Minnesota United FC,United States,1,77,59,57,74,72,73,74,63,64,61,72,68,77,85,72,64,71,72,70,61,64,61,10,6,7,13,10
258729,Gabri Veiga,Gabriel Veiga Novas,"CAM, CM, LM",76,23,27-05-2002,308,Primeira Liga,236,FC Porto,Spain,2,55,77,52,78,79,76,80,73,78,72,75,77,71,71,72,75,71,73,68,41,71,60,13,14,13,6,9
269420,Leonardo Lelo,Leonardo Filipe da Cruz Lelo,"LM, LB",75,25,30-03-2000,308,Primeira Liga,1896,Sporting Clube de Braga,Portugal,1,70,60,61,72,73,63,76,83,82,76,74,56,76,90,64,70,74,69,73,70,70,69,12,11,7,6,9
251756,R. Nteka,Randy Nteka,"ST, CAM",70,27,06-12-1997,53,La Liga,480,Rayo Vallecano,France,1,56,69,72,69,66,65,66,70,69,76,65,75,87,78,88,63,70,70,60,41,55,54,5,6,14,11,15
261539,M. Keita,Lamine Mandela Keita,"CDM, CM, CB",73,23,10-05-2002,31,Serie A,50,Parma,Belgium,1,48,42,64,74,77,71,73,78,76,78,68,76,80,79,74,72,52,73,70,69,73,71,11,11,11,6,13
256958,Fábio Vieira,Fábio Daniel Ferreira Vieira,"CAM, RM, CM",78,25,30-05-2000,19,Bundesliga,28,Hamburger SV,Portugal,1,74,71,46,80,79,79,80,73,70,77,76,77,56,63,48,58,73,82,76,57,60,48,9,5,15,13,6
264174,Juanlu Sánchez,Juan Luis Sánchez Velasco,"RB, CAM, RM",75,21,15-08-2003,53,La Liga,481,Sevilla FC,Spain,1,76,70,64,74,76,69,79,72,71,68,71,69,71,75,60,72,69,71,69,72,72,71,15,12,6,12,13
206594,S. March,Solomon Benjamin March,"RM, RW",75,30,20-07-1994,13,Premier League,1808,Brighton & Hove Albion,England,1,79,71,46,76,79,70,76,71,67,74,75,74,60,44,56,69,75,76,79,69,66,64,9,11,7,13,15
274952,O. Højlund,Oscar Winther Højlund,"CM, CDM",72,20,04-01-2005,19,Bundesliga,1824,Eintracht Frankfurt,Denmark,1,54,67,66,77,71,71,73,75,80,79,73,66,75,66,68,71,69,70,73,75,71,68,9,10,6,8,13
229158,B. van den Boomen,Branco van den Boomen,"CM, CDM, CAM",73,29,21-07-1995,10,Eredivisie,245,Ajax,Netherlands,1,83,69,61,80,67,83,74,49,30,55,65,79,67,67,74,54,67,78,75,64,66,65,6,13,8,8,13
203581,I. Balliu,Iván Balliu Campeny,"RB, LB, RM",76,33,01-01-1992,53,La Liga,480,Rayo Vallecano,Albania,1,76,50,65,72,72,68,76,77,83,78,71,45,74,84,62,72,67,64,74,73,75,70,12,9,9,9,13
76687,Estêvão,Estêvão Willian Almeida,"RM, CAM, RW",78,18,24-04-2007,13,Premier League,5,Chelsea,Brazil,1,77,73,52,73,82,66,79,91,89,91,74,79,66,67,49,34,75,75,80,28,34,27,9,15,13,6,11
258483,D. Neil,Daniel Neil,"CDM, CM",73,23,13-12-2001,13,Premier League,106,Sunderland,England,1,54,66,62,73,71,71,73,74,72,76,69,62,74,91,70,67,66,70,69,68,70,65,8,15,10,9,6
265695,M. Soulé,Matías Soulé Malvano,"CAM, RM, CM",78,22,15-04-2003,31,Serie A,52,Roma,Argentina,1,75,75,58,77,83,72,81,83,76,83,73,72,68,86,51,30,74,76,70,28,40,38,15,8,11,15,14
270072,M. Sylla,Morlaye Sylla,"LM, CAM, CM, LW",72,26,27-07-1998,350,Pro League,113217,Damac FC,Guinea,1,63,58,60,72,75,66,73,83,80,71,64,78,73,82,56,66,70,65,67,55,65,60,10,15,11,11,7
236311,M. Rog,Marko Rog,"CM, CDM",68,29,19-07-1995,31,Serie A,1842,Cagliari,Croatia,1,65,62,48,72,72,69,72,77,67,76,58,75,66,60,63,66,68,68,71,61,68,66,6,15,12,13,12
269622,F. Redondo,Federico Redondo Solari,"CM, CDM",72,22,18-01-2003,53,La Liga,468,Elche CF,Argentina,1,61,59,60,75,72,70,74,65,78,66,71,69,73,82,75,67,65,70,75,70,72,68,10,14,14,10,15
239704,K. Wagner,Kai Wagner,"LB, LM",75,28,15-02-1997,39,Major League Soccer,112134,Philadelphia Union,Germany,1,79,39,66,73,69,69,70,77,79,72,62,74,80,90,74,67,65,58,69,71,73,70,14,13,13,13,14
221342,Maffeo,Pablo Carmine Maffeo Becerra,"RB, RM",78,27,12-07-1997,53,La Liga,453,RCD Mallorca,Argentina,1,79,53,70,75,80,68,79,83,79,74,73,57,80,71,69,71,67,64,62,74,82,78,10,7,14,12,15
234671,J. Odgaard,Jens Odgaard,"CAM, CM",76,26,31-03-1999,31,Serie A,189,Bologna,Denmark,1,67,78,73,76,76,69,76,74,73,69,78,80,83,79,75,36,76,76,70,48,39,28,8,13,13,8,11
238277,D. Gazdag,Dániel Gazdag,"CAM, ST, CM",74,29,02-03-1996,39,Major League Soccer,687,Columbus Crew,Hungary,1,51,71,47,75,75,70,75,75,78,72,70,72,66,90,69,60,79,75,70,45,62,50,11,7,5,11,11
244050,W. Burger,Wouter Burger,"CDM, CM, CAM",73,24,16-02-2001,19,Bundesliga,10029,TSG 1899 Hoffenheim,Netherlands,1,62,60,62,72,67,73,71,74,76,64,73,70,81,82,81,69,61,69,69,68,72,70,10,5,10,6,10
237161,S. Longstaff,Sean David Longstaff,"CM, CDM",75,27,30-10-1997,13,Premier League,8,Leeds United,England,1,63,64,53,76,75,76,75,56,56,59,72,75,61,84,65,74,74,78,74,74,75,66,6,8,13,14,12
202201,J. Gouweleeuw,Jeffrey Gouweleeuw,CB,77,33,10-07-1991,19,Bundesliga,100409,FC Augsburg,Netherlands,2,60,46,77,68,60,75,66,65,68,65,76,72,90,70,78,79,61,71,74,80,80,74,13,7,16,13,7
214096,T. Kleindienst,Tim Kleindienst,ST,81,29,31-08-1995,19,Bundesliga,23,Borussia Mönchengladbach,Germany,3,50,83,91,68,68,63,79,59,74,51,81,84,89,92,87,52,86,65,85,36,39,25,7,8,12,7,14
240988,D. Vavro,Denis Vavro,CB,78,29,10-04-1996,19,Bundesliga,175,VfL Wolfsburg,Slovakia,1,48,46,85,66,54,70,58,64,73,55,72,88,88,79,84,75,55,46,67,78,86,72,13,12,14,12,13
205175,A. Milik,Arkadiusz Krystian Milik,ST,79,31,28-02-1994,31,Serie A,45,Juventus,Poland,3,63,83,85,75,76,64,83,48,52,69,78,84,80,45,76,36,83,78,84,35,34,32,9,16,16,15,6
235134,P. Rosario,Pablo Paulino Rosario,"CDM, CM, CB",75,28,07-01-1997,308,Primeira Liga,236,FC Porto,Dominican Republic,1,59,59,69,73,72,69,75,50,59,68,73,76,74,80,81,76,64,72,75,74,74,71,12,12,7,9,5
243350,F. Agu,Felix Agu,"LB, LM",75,25,27-09-1999,19,Bundesliga,38,SV Werder Bremen,Nigeria,1,64,58,65,67,74,63,75,88,93,85,74,49,74,78,54,68,70,67,66,70,75,71,11,15,10,12,10
264869,F. Lemaréchal,Félix Lemaréchal,"CAM, CM",76,21,07-08-2003,16,Ligue 1,76,RC Strasbourg Alsace,France,1,71,71,52,78,80,73,79,66,60,67,74,69,64,73,65,65,76,77,75,59,67,59,14,15,13,7,7
223197,E. Ünal,Enes Ünal,ST,77,28,10-05-1997,13,Premier League,1943,AFC Bournemouth,Türkiye,2,58,79,79,73,77,60,77,65,66,63,76,81,83,61,77,29,77,70,75,34,43,34,8,14,8,13,13
235522,Aleix Febas,Aleix Febas Pérez,"CM, CDM, CB",72,29,02-02-1996,53,La Liga,468,Elche CF,Spain,1,66,57,36,74,70,71,73,73,75,90,70,66,59,83,65,70,68,76,74,66,68,64,6,10,6,9,7
241464,Pau Torres,Pau Francisco Torres,CB,80,28,16-01-1997,13,Premier League,2,Aston Villa,Spain,3,64,31,85,81,64,80,79,66,67,56,80,58,84,71,73,81,66,77,82,83,82,81,11,13,13,13,9
244895,A. Yusuf,Alhassan Yusuf Abdullahi,"CDM, CM, CAM",72,24,18-07-2000,39,Major League Soccer,691,New England Revolution,Nigeria,1,64,58,55,73,73,69,67,78,75,89,72,62,73,90,67,74,64,63,71,65,70,62,14,9,6,7,9
211879,J. Haberer,Janik Haberer,"CM, CDM",74,31,02-04-1994,19,Bundesliga,1831,1. FC Union Berlin,Germany,1,59,63,54,77,75,74,77,61,61,68,75,77,64,74,67,73,69,76,71,61,64,58,14,16,10,15,13
213697,P. McNair,Patrick James Coleman McNair,CB,73,30,27-04-1995,39,Major League Soccer,131439,San Diego FC,Northern Ireland,1,68,58,73,68,68,66,69,62,63,62,72,69,78,76,75,72,59,64,68,73,75,73,14,8,11,8,14
255533,Y. Ndayishimiye,Youssouf Ndayishimiye,"CB, CDM, CM",77,26,27-10-1998,16,Ligue 1,72,OGC Nice,Burundi,1,59,46,75,76,71,70,75,65,71,68,75,60,83,83,83,78,59,67,73,77,78,75,12,9,12,12,6
223790,S. Becker,Sheraldo Rudi Becker,"ST, LM, RM, CAM",75,30,09-02-1995,53,La Liga,479,CA Osasuna,Suriname,2,72,71,65,74,76,69,77,90,93,78,74,77,84,73,73,45,73,66,71,21,32,33,6,14,15,16,13
226356,M. Fares,Mohamed Salim Faresمحمد سليم فارس,"LM, LB, LW",71,29,15-02-1996,31,Serie A,46,Lazio,Algeria,1,75,61,58,69,76,60,76,71,72,80,68,68,69,53,63,66,70,66,65,65,71,72,8,12,10,15,14
170320,L. De Silvestri,Lorenzo De Silvestri,"RB, RM",71,37,23-05-1988,31,Serie A,189,Bologna,Italy,1,74,62,74,74,64,70,68,54,67,65,69,72,78,66,79,66,75,65,72,69,67,71,15,11,10,14,14
241522,J. Wind,Jonas Older Wind,"ST, CAM",78,26,07-02-1999,19,Bundesliga,175,VfL Wolfsburg,Denmark,1,58,82,81,79,77,70,81,66,50,71,81,82,87,73,82,35,81,78,77,35,29,22,7,10,10,11,9
211575,André Gomes,André Filipe Tavares Gomes,"CDM, CM",75,31,30-07-1993,16,Ligue 1,65,Lille OSC,Portugal,1,65,62,65,78,74,78,79,40,41,55,72,76,68,61,80,73,70,79,81,70,72,64,12,9,6,14,8
195202,T. Cairney,Thomas Cairney,"CM, CDM, CAM",74,34,20-01-1991,13,Premier League,144,Fulham FC,Scotland,1,76,69,58,77,73,76,77,53,51,64,76,73,63,53,68,67,74,76,78,67,69,55,14,12,7,6,7
223627,O. Al Somah,Omar Jehad Al Somahعمر جهاد السومة,ST,75,36,28-03-1989,350,Pro League,113222,Al Hazem FC,Syria,1,67,77,78,68,71,65,74,65,64,65,73,85,86,74,84,43,73,68,73,31,33,34,9,7,15,12,13
240273,E. Smith Rowe,Emile Smith Rowe,"CAM, CM, LM",77,24,28-07-2000,13,Premier League,144,Fulham FC,England,1,75,74,58,79,82,72,79,76,69,79,75,72,71,68,61,47,77,77,78,52,57,40,11,8,14,8,10
244892,S. Diop,Sofiane Diopسفيان داودا ديوب,"LW, CAM, LM",76,25,09-06-2000,16,Ligue 1,72,OGC Nice,Morocco,2,76,68,39,76,81,68,80,80,74,80,71,72,50,74,37,56,75,77,74,55,58,46,14,13,8,9,9
257540,A. Knauff,Ansgar Knauff,"RM, LM, CAM, RB",77,23,10-01-2002,19,Bundesliga,1824,Eintracht Frankfurt,Germany,2,74,75,48,76,76,53,77,88,89,79,72,73,67,76,55,59,73,72,69,58,57,48,8,13,13,14,7
216380,D. Sinkgraven,Daley Sinkgraven,"LB, LM, LW",69,29,04-07-1995,10,Eredivisie,634,Fortuna Sittard,Netherlands,1,73,58,67,71,70,72,71,73,68,80,63,63,67,65,50,67,70,70,65,64,67,65,10,13,11,14,15
266071,S. Maikuma,Seiya Maikuma毎熊 晟矢,RB,74,27,16-10-1997,10,Eredivisie,1906,AZ Alkmaar,Japan,1,72,58,55,72,69,62,71,77,70,82,74,66,75,81,72,70,67,68,72,70,75,69,9,13,10,10,11
232805,Bernardo,Bernardo Fernandes da Silva Junior,"CB, LB",75,30,14-05-1995,19,Bundesliga,10029,TSG 1899 Hoffenheim,Brazil,1,60,38,73,69,67,63,70,67,71,67,72,72,79,82,73,72,64,58,69,74,78,81,15,12,13,14,12
223597,R. Aguilar,Ruben Aguilar,"RB, RM",76,32,26-04-1993,16,Ligue 1,64,RC Lens,France,2,74,49,57,74,73,70,74,73,62,77,74,70,70,88,66,74,70,72,74,73,76,75,15,8,16,10,13
229237,M. Akanji,Manuel Obafemi Akanji,CB,82,29,19-07-1995,31,Serie A,44,Inter,Switzerland,3,55,38,79,79,74,77,75,71,76,66,82,75,81,71,85,82,37,65,80,83,83,82,10,9,13,6,9
268438,A. Garnacho,Alejandro Garnacho Ferreyra,"CAM, LW, LM, CM",77,21,01-07-2004,13,Premier League,5,Chelsea,Argentina,1,75,77,44,74,80,66,79,88,84,87,77,78,59,77,45,40,78,73,71,36,37,29,6,15,14,13,7
226515,Andrei Girotto,Andrei Girotto,CB,76,33,17-02-1992,350,Pro League,112393,Al Taawoun FC,Brazil,2,65,55,77,74,64,72,73,61,34,63,74,81,82,73,78,77,59,54,66,77,78,76,11,7,9,6,12
191202,N. Matić,Nemanja MatićНемања Матић,"CDM, CM",77,36,01-08-1988,31,Serie A,111974,Sassuolo,Serbia,3,68,59,70,79,75,78,78,34,33,47,79,83,69,54,82,78,61,73,85,79,76,69,7,15,12,14,9
245275,T. Bašić,Toma Bašić,"CM, CDM",71,28,25-11-1996,31,Serie A,46,Lazio,Croatia,1,72,54,75,74,70,72,75,46,35,61,70,81,73,59,74,72,69,73,72,70,73,71,13,10,11,11,7
219686,Carlos Júnior,Carlos Alberto Carvalho da Silva Júnior,"RW, ST, RM",73,29,15-08-1995,350,Pro League,111674,Al Shabab,Brazil,1,66,75,68,67,75,61,74,78,79,79,72,77,76,79,79,39,76,65,67,47,50,45,9,13,12,9,7
239679,P. Mazzocchi,Pasquale Mazzocchi,"RB, RM",72,29,27-07-1995,31,Serie A,48,Napoli,Italy,1,75,58,59,73,74,73,75,75,76,69,64,63,71,60,64,69,68,68,66,68,70,69,12,14,13,8,11
261188,I. Ndiaye,Iliman Cheikh Baroy Ndiaye,"LM, RM, LW",79,25,06-03-2000,13,Premier League,7,Everton,Senegal,1,70,78,59,75,86,58,83,83,85,84,79,76,75,71,65,49,79,74,82,44,28,26,7,9,7,15,8
246656,E. Holm,Emil Alfons Holm,"RB, RM",74,25,13-05-2000,31,Serie A,189,Bologna,Sweden,1,74,57,65,70,74,64,74,80,85,55,72,71,84,78,82,67,71,63,64,66,69,69,7,12,11,5,9
214658,J. Karlström,Jesper Karlström,"CDM, CM",75,30,21-06-1995,31,Serie A,55,Udinese,Sweden,1,64,52,62,76,70,74,74,66,62,65,72,69,75,84,76,72,58,76,76,70,74,70,11,8,10,11,16
233092,J. Pereyra,Joaquín Nicolás Pereyra,"CM, LM, CAM",74,26,01-12-1998,39,Major League Soccer,111138,Minnesota United FC,Argentina,1,76,64,47,77,73,71,74,66,67,68,75,75,61,74,65,68,75,77,75,61,67,58,8,12,10,10,7
263824,M. Al Juwair,Musab Fahd Al Juwayrمصعب فهد الجوير,"CM, CDM, CAM",75,22,20-06-2003,350,Pro League,112391,Al Qadsiah FC,Saudi Arabia,1,79,67,31,79,73,81,77,69,67,67,75,66,59,71,71,61,67,81,76,52,64,61,12,5,10,15,7
257179,Gonçalo Inácio,Gonçalo Bernardo Inácio,CB,81,23,25-08-2001,308,Primeira Liga,237,Sporting CP,Portugal,3,52,23,83,81,72,85,75,79,76,76,76,67,85,82,82,82,64,75,77,82,82,79,6,6,7,10,7
265390,Y. Regeer,Youri Pieter Regeer,"CM, RB, CDM",73,21,18-08-2003,10,Eredivisie,245,Ajax,Netherlands,1,68,64,59,77,74,75,75,72,77,73,71,63,71,77,68,71,68,73,76,72,69,67,13,8,14,11,11
256197,P. Hincapié,Piero Martín Hincapié Reyna,"CB, LB, LM",83,23,09-01-2002,13,Premier League,1,Arsenal,Ecuador,3,55,41,79,78,70,74,74,80,88,74,82,50,88,85,77,83,60,57,76,83,85,88,9,15,10,6,9
221201,T. Leibold,Tim Leibold,"LB, LM",70,31,30-11-1993,39,Major League Soccer,696,Sporting Kansas City,Germany,1,73,54,54,68,70,67,69,79,69,80,66,66,70,76,63,66,65,66,67,66,66,68,15,10,14,13,7
247832,Thierry Correia,Thierry Rendall Correia,"RB, LB, RM",76,26,09-03-1999,53,La Liga,461,Valencia CF,Portugal,1,74,43,58,74,77,62,74,89,90,74,73,55,78,74,68,70,69,68,70,71,74,72,10,15,6,6,7
269859,A. Vermeeren,Arthur Denis Vermeeren,"CM, CDM, CAM",77,20,07-02-2005,16,Ligue 1,219,Olympique de Marseille,Belgium,1,69,48,54,83,78,79,81,75,65,79,76,66,67,76,61,77,61,81,79,75,64,59,9,6,13,9,8
260145,O. Hutchinson,Omari Elijah Giraud-Hutchinson,"CAM, RM, CM",75,21,29-10-2003,13,Premier League,14,Nottingham Forest,England,1,67,73,49,71,79,68,79,81,79,83,74,75,62,75,51,53,73,72,71,55,57,54,10,7,9,5,8
215616,Jason,David Remeseiro Salgueiro,"RM, LM, ST, RW",73,30,06-07-1994,350,Pro League,113057,Al Fayha,Spain,1,70,71,62,66,80,64,78,74,71,77,66,75,72,65,63,54,74,73,65,43,50,40,9,9,11,11,14
207948,B. Traoré,Bertrand Isidore Traoré,"RW, RM",75,29,06-09-1995,13,Premier League,106,Sunderland,Burkina Faso,2,71,73,66,75,80,66,85,75,72,86,67,73,74,66,64,56,70,72,73,43,42,37,11,7,7,13,12
243559,De Frutos,Jorge de Frutos Sebastián,"RM, LM, ST, RW",78,28,20-02-1997,53,La Liga,480,Rayo Vallecano,Spain,1,77,76,55,75,79,70,77,80,82,79,75,80,69,79,57,41,76,76,76,44,38,29,13,8,12,14,14
247679,V. Boniface,Victor Okoh Boniface,ST,81,24,23-12-2000,19,Bundesliga,38,SV Werder Bremen,Nigeria,3,48,82,78,75,84,60,82,65,69,68,78,91,87,55,90,33,84,74,78,38,31,26,14,5,7,7,12
242816,Riqui Puig,Ricard Puig Martí,"CM, CAM",80,25,13-08-1999,39,Major League Soccer,697,LA Galaxy,Spain,3,60,72,49,89,81,83,84,74,72,82,78,70,52,79,33,53,78,86,78,43,55,50,12,15,14,12,9
257502,G. Smal,Gijs Smal,"LB, CM, CDM, LM",74,27,31-08-1997,10,Eredivisie,246,Feyenoord,Netherlands,1,80,57,59,75,72,74,73,75,67,52,72,68,70,76,78,68,68,70,69,70,70,76,9,5,13,7,7
222475,M. Thorsby,Morten Thorsby,CM,72,29,05-05-1996,31,Serie A,110556,Genoa,Norway,1,68,62,83,73,70,72,74,62,50,64,74,69,82,78,70,73,71,69,73,68,73,66,13,14,10,7,13
197965,Pizzi,Luís Miguel Afonso Fernandes,"CM, RM, CAM",73,35,06-10-1989,308,Primeira Liga,10020,GD Estoril Praia,Portugal,1,73,68,45,77,74,76,75,53,62,57,79,71,60,53,58,63,77,78,82,67,63,52,15,14,9,9,15
224081,K. Phillips,Kalvin Mark Phillips,"CDM, CM",74,29,02-12-1995,13,Premier League,10,Manchester City,England,1,70,61,62,76,69,77,72,58,50,62,72,74,70,54,74,72,65,71,72,71,75,73,8,8,8,12,14
226166,N. Mukiele,Nordi Mukiele Mulere,"RB, CB, RM",79,27,01-11-1997,13,Premier League,106,Sunderland,France,2,71,40,73,71,70,69,74,76,69,65,76,67,78,68,79,81,60,64,71,80,81,85,10,7,14,11,15
216447,Álvaro García,Álvaro García Rivera,"LM, LW",80,32,27-10-1992,53,La Liga,480,Rayo Vallecano,Spain,3,82,74,49,78,80,75,79,90,87,87,77,71,58,75,34,64,77,77,77,55,45,32,11,8,10,10,14
215443,P. Zinckernagel,Philip Aksel Frigast Zinckernagel,"RW, RM, LW",75,30,16-12-1994,39,Major League Soccer,693,Chicago Fire,Denmark,1,72,71,44,75,75,69,75,84,80,84,71,75,66,74,64,45,74,75,76,49,38,29,12,10,8,8,13
233884,C. Pickel,Charles Monginda Pickel,"CM, CAM",71,28,15-05-1997,53,La Liga,452,RCD Espanyol,Congo DR,1,60,61,70,74,68,70,70,65,62,67,71,65,79,86,81,68,65,72,70,66,68,66,10,7,15,13,8
237221,J. Foyth,Juan Marcos Foyth,"CB, RB",79,27,12-01-1998,53,La Liga,483,Villarreal CF,Argentina,1,73,43,78,79,69,69,75,67,68,67,78,56,83,68,77,79,62,66,68,79,81,80,8,15,7,14,9
211368,Bruma,Armindo Tué Na Bangna,"LW, LM, CAM",78,30,24-10-1994,308,Primeira Liga,234,SL Benfica,Portugal,1,71,79,53,70,81,61,80,91,86,90,66,77,71,70,56,38,79,77,80,26,27,28,11,13,8,12,8
236457,D. Giannoulis,Dimitris GiannoulisΔημήτριος Γιαννούλης,"LB, LM",76,29,17-10-1995,19,Bundesliga,100409,FC Augsburg,Greece,1,72,48,49,72,74,66,72,79,86,77,73,68,64,90,56,80,73,71,65,72,67,73,14,5,13,9,12
254638,S. Sebulonsen,Sebastian Søraas Sebulonsen,"RB, RM",70,25,27-01-2000,19,Bundesliga,31,1. FC Köln,Norway,1,66,64,64,66,68,63,70,87,90,71,66,74,83,82,71,58,71,65,68,58,66,65,13,14,14,5,9
256612,Evanilson,Francisco Evanilson de Lima Barbosa,ST,80,25,06-10-1999,13,Premier League,1943,AFC Bournemouth,Brazil,1,47,81,77,75,78,67,79,75,76,69,83,81,86,74,78,37,84,70,78,22,41,26,13,11,6,14,7
263279,O. Pohlmann,Ole Pohlmann,"CAM, CM, LW",71,24,05-04-2001,308,Primeira Liga,744,Rio Ave FC,Germany,1,68,66,56,71,75,66,73,75,70,78,69,65,81,77,71,60,71,72,69,52,60,54,11,15,8,15,9
217998,C. Arango,Cristian Daniel Arango Duque,"ST, CAM, LW",78,30,09-03-1995,39,Major League Soccer,111928,San Jose Earthquakes,Colombia,1,50,82,77,78,77,70,79,77,74,75,78,78,88,74,76,23,80,78,80,44,28,16,6,14,9,6,13
246174,H. Elliott,Harvey Scott Elliott,"CAM, CM, RW",78,22,04-04-2003,13,Premier League,2,Aston Villa,England,1,77,64,40,79,81,72,79,76,69,90,75,78,48,72,34,54,80,80,78,52,58,48,10,10,6,14,7
73895,J. Devenny,Justin Devenny,"CAM, LW, LM, CM",71,21,11-10-2003,13,Premier League,1799,Crystal Palace,Northern Ireland,1,70,66,54,73,71,72,72,64,66,67,73,72,64,69,67,64,69,72,72,57,70,62,11,10,14,8,14
212212,D. Kohr,Dominik Kohr,"CB, CDM, CM",77,31,31-01-1994,19,Bundesliga,169,1. FSV Mainz 05,Germany,1,42,58,70,70,68,64,70,74,74,67,74,77,81,76,77,80,52,64,76,76,76,82,6,11,9,10,7
241928,A. Sambi Lokonga,Albert Mboyo Sambi Lokonga,"CM, CDM",75,25,22-10-1999,19,Bundesliga,28,Hamburger SV,Belgium,1,68,55,61,78,77,77,80,56,64,69,72,68,66,75,68,74,65,74,79,64,71,68,14,7,6,13,9
236403,E. Ndicka,Obite Evan Ndicka,CB,81,25,20-08-1999,31,Serie A,52,Roma,Côte d'Ivoire,3,68,49,79,78,69,74,75,69,78,50,81,65,85,83,81,80,68,64,80,81,85,76,13,8,7,8,8
255634,G. Vagiannidis,Georgios VagiannidisΓεώργιος Βαγιαννίδης,"RB, RM",75,23,12-09-2001,308,Primeira Liga,237,Sporting CP,Greece,1,73,52,59,75,75,65,76,83,80,78,72,63,74,81,63,71,65,68,66,71,71,69,14,15,13,10,8
214944,Gumbau,Gerard Gumbau Garriga,"CM, CDM",73,30,18-12-1994,53,La Liga,480,Rayo Vallecano,Spain,1,72,64,70,77,70,77,73,43,44,58,72,78,67,65,71,72,65,75,67,72,75,71,10,14,14,12,9
224422,J. Boga,Jérémie Boga,"LW, ST, LM",76,28,03-01-1997,16,Ligue 1,72,OGC Nice,Côte d'Ivoire,1,72,65,59,74,82,69,81,90,80,88,68,77,77,66,64,41,71,69,74,28,44,34,15,8,9,14,16
241850,M. Retegui,Mateo Retegui,ST,83,26,29-04-1999,350,Pro League,112391,Al Qadsiah FC,Italy,3,51,88,86,78,78,67,84,69,74,68,80,84,81,74,81,32,86,68,77,34,30,25,7,9,9,13,9
230107,L. Coulibaly,Lassana Coulibaly,"CDM, CM",74,29,10-04-1996,31,Serie A,347,Lecce,Mali,1,62,55,70,76,72,72,74,67,71,70,70,64,73,80,69,72,68,67,72,72,73,72,9,12,14,8,6
208620,Omar Mascarell,Omar Mascarell González,"CM, CDM, CB",75,32,02-02-1993,53,La Liga,453,RCD Mallorca,Equatorial Guinea,1,53,58,59,78,73,79,76,55,41,71,75,72,65,76,69,74,72,73,68,70,77,69,6,7,9,10,11
264701,A. Zakharyan,Arsen ZakharyanЗахарян Арсен Норайрович,"RM, CM, LM, RW",74,22,26-05-2003,53,La Liga,457,Real Sociedad,Russia,1,73,68,51,72,72,76,75,80,77,68,72,78,64,70,53,51,69,74,70,57,54,44,11,14,12,13,10
177413,A. Witsel,Axel Laurent Angel Lambert Witsel,"CB, CDM, CM",77,36,12-01-1989,53,La Liga,110062,Girona FC,Belgium,3,68,62,78,81,75,79,78,30,31,51,78,64,73,35,80,80,69,75,83,81,78,74,5,7,7,10,7
239894,R. Kouamé,Rominigue Kouamé N'Guessan,"CM, CDM",73,28,17-12-1996,39,Major League Soccer,693,Chicago Fire,Mali,1,62,55,65,76,72,73,74,69,67,74,75,67,77,89,76,72,68,72,73,71,70,69,8,6,6,11,11
229155,T. Ouwejan,Thomas Ouwejan,"LB, LM",69,28,30-09-1996,10,Eredivisie,1910,NEC Nijmegen,Netherlands,1,80,54,56,72,69,73,72,68,72,71,69,76,68,73,69,67,65,74,72,57,64,60,7,12,13,7,12
70471,E. Akinsanmiro,Ebenezer Akinsanmiro,"CM, CAM",67,20,25-11-2004,31,Serie A,110738,Pisa,Nigeria,1,66,66,64,70,68,64,67,75,77,70,67,70,80,67,76,61,66,67,67,60,61,60,7,14,6,7,12
233049,J. Sancho,Jadon Malik Sancho,"LM, RM, LW",80,25,25-03-2000,13,Premier League,2,Aston Villa,England,3,73,74,40,80,87,70,87,82,77,90,78,75,62,64,58,33,78,80,83,38,35,25,7,11,10,11,13
202335,E. Dier,Eric Jeremy Edgar Dier,CB,79,31,15-01-1994,16,Ligue 1,69,AS Monaco,England,3,60,52,82,72,66,80,65,35,69,34,73,81,80,64,90,76,48,56,71,84,78,77,11,14,6,13,9
247771,O. Deman,Olivier Deman,"LB, LM, LW",71,25,06-04-2000,19,Bundesliga,38,SV Werder Bremen,Belgium,1,72,61,68,70,71,63,72,73,57,77,71,71,75,87,66,67,67,71,63,65,64,66,10,15,5,10,13
275468,Andrés García,Andrés García Robledo,"RB, RM",73,22,07-02-2003,13,Premier League,2,Aston Villa,Spain,1,73,62,45,72,75,64,72,77,77,74,70,70,65,74,63,72,69,67,69,71,71,67,11,12,11,11,9
268576,M. Collocolo,Michele Collocolo,"CM, CDM, CAM",72,25,08-11-1999,31,Serie A,111434,Cremonese,Italy,1,53,61,54,76,68,72,70,67,73,77,70,64,69,87,74,70,69,72,67,68,71,69,8,5,9,11,6
242271,A. Irving,Andrew Irving,"CM, CAM",70,25,13-05-2000,13,Premier League,19,West Ham United,Scotland,1,68,71,62,73,72,70,73,53,55,67,62,72,71,63,77,64,68,74,67,63,63,61,10,15,12,10,13
262510,Turrientes,Beñat Turrientes Imaz,"CM, CDM",73,23,31-01-2002,53,La Liga,457,Real Sociedad,Spain,1,62,61,56,75,71,75,74,66,65,71,71,65,63,76,59,70,72,74,70,69,70,68,7,11,7,12,8
198006,J. Toornstra,Jens Toornstra,"CAM, CM",69,36,04-04-1989,10,Eredivisie,100646,Sparta Rotterdam,Netherlands,1,72,70,62,72,68,71,70,34,52,56,73,75,50,82,65,67,73,73,74,68,66,59,14,15,16,6,6
252541,J. Chotard,Joris Chotard,"CDM, CM",74,23,24-09-2001,16,Ligue 1,378,Stade Brestois 29,France,2,68,55,58,77,75,75,76,64,64,77,69,61,67,83,66,73,68,76,75,70,72,64,11,6,7,14,10
192387,C. Immobile,Ciro Immobile,"ST, CAM",78,35,20-02-1990,31,Serie A,189,Bologna,Italy,3,55,79,77,75,76,57,77,68,68,68,77,82,81,67,72,40,85,71,76,34,33,32,6,8,15,12,6
199110,L. Muriel,Luis Fernando Muriel Fruto,"ST, CAM",76,34,16-04-1991,39,Major League Soccer,112606,Orlando City SC,Colombia,2,70,76,65,78,82,58,81,76,73,75,78,79,78,60,72,16,78,76,82,29,27,25,8,10,10,14,6
220621,S. Benrahma,Mohamed Saïd Benrahmaمحمد سعيد بن رحمة,"LW, LM, CAM",77,29,10-08-1995,350,Pro League,131798,NEOM SC,Algeria,2,74,72,47,75,81,68,80,78,73,80,74,82,66,64,62,43,75,77,76,46,39,36,16,7,8,11,11
247258,L. Ofori,Lawrence Ofori,"CDM, CM",71,27,28-06-1998,308,Primeira Liga,1900,Moreirense FC,Ghana,1,60,63,48,73,73,73,74,72,75,77,75,73,68,74,71,68,66,65,72,69,67,65,10,13,13,12,14
212188,T. Werner,Timo Werner,"LW, ST, LM",77,29,06-03-1996,19,Bundesliga,112172,RB Leipzig,Germany,3,68,72,72,74,79,55,76,94,89,78,73,80,85,70,64,37,79,68,72,39,20,24,9,9,8,15,9
235243,M. de Ligt,Matthijs de Ligt,CB,82,25,12-08-1999,13,Premier League,11,Manchester United,Netherlands,3,52,50,85,77,65,73,72,54,68,52,81,84,86,64,91,83,44,45,80,82,81,80,12,11,11,12,10
255471,Vitor Carvalho,Vitor Carvalho Vieira,"CDM, CM, CB",74,28,27-05-1997,308,Primeira Liga,1896,Sporting Clube de Braga,Brazil,1,46,57,53,72,70,70,73,77,75,69,74,69,76,82,78,73,68,64,67,75,73,70,7,14,8,7,13
224520,R. Kent,Ryan Kent,"LW, CAM, LM",75,28,11-11-1996,39,Major League Soccer,111144,Seattle Sounders FC,England,1,70,65,51,71,81,69,76,90,88,91,68,79,73,76,62,43,70,71,70,41,41,33,9,8,6,13,7
260926,K. Schade,Kevin Schade,"LM, LW",78,23,27-11-2001,13,Premier League,1925,Brentford,Germany,1,72,78,79,73,79,64,78,93,92,77,75,77,95,72,64,23,78,71,76,20,30,23,13,11,8,9,10
272725,M. Prati,Matteo Prati,"CDM, CM",71,21,28-12-2003,31,Serie A,1842,Cagliari,Italy,1,68,60,66,75,70,72,75,59,62,69,70,74,68,68,64,70,68,72,72,66,68,66,15,13,12,6,9
251994,Tiago Esgaio,Tiago Alexandre de Sousa Esgaio,"RB, LB, CB, RM",73,29,01-08-1995,308,Primeira Liga,112513,FC Arouca,Portugal,1,69,49,60,69,71,73,74,73,71,66,69,67,78,80,60,69,69,67,74,75,70,67,11,5,7,10,14
263815,Abner Vinícius,Abner Vinícius da Silva Santos,"LB, LM",74,25,27-05-2000,16,Ligue 1,66,Olympique Lyonnais,Brazil,1,76,55,54,75,74,74,74,78,79,79,70,72,69,69,61,67,72,67,73,65,74,73,11,13,10,14,9
255125,A. Ounahi,Azzedine Ounahiعز الدين اوناهي,"CM, CAM",76,25,19-04-2000,53,La Liga,110062,Girona FC,Morocco,1,60,67,58,80,76,74,81,63,64,77,75,73,66,82,64,67,73,77,73,58,68,64,14,13,6,8,7
241854,P. Schuurs,Perr Schuurs,CB,77,25,26-11-1999,31,Serie A,54,Torino,Netherlands,1,66,57,75,76,66,74,72,61,74,55,70,85,78,50,75,79,44,66,77,80,82,80,10,13,9,7,6
254982,M. Adopo,Michel Ndary Adopo,"CM, CDM",72,24,19-07-2000,31,Serie A,1842,Cagliari,France,1,54,55,65,75,72,72,74,66,74,69,72,71,77,77,79,72,66,71,68,65,72,69,12,12,9,11,14
237871,J. Holsgrove,Jordan William Holsgrove,"CM, CDM",73,25,10-09-1999,308,Primeira Liga,10020,GD Estoril Praia,Scotland,1,62,60,54,79,75,77,76,73,69,68,68,65,69,79,70,55,69,69,71,64,69,60,9,9,15,14,15
257353,W. Bondo,Warren Pierre Bondo,"CM, CDM",72,21,15-09-2003,31,Serie A,111434,Cremonese,France,1,59,52,51,74,74,74,76,75,73,78,69,67,61,79,53,68,65,69,69,66,70,66,14,7,7,7,14
178509,O. Giroud,Olivier Jonathan Giroud,ST,79,38,30-09-1986,16,Ligue 1,65,Lille OSC,France,3,64,80,86,75,71,64,80,45,51,55,84,83,84,61,88,42,86,78,84,37,37,20,12,15,11,6,5
235353,I. Sarr,Ismaïla Sarr,"CAM, RW, CM",79,27,25-02-1998,13,Premier League,1799,Crystal Palace,Senegal,1,75,79,44,78,77,71,79,89,93,77,78,83,72,72,72,24,80,80,82,25,29,21,14,13,7,6,9
217714,P. Arriola,Paul Joseph Arriola Hendricks,"RM, RW, LW",69,30,05-02-1995,39,Major League Soccer,111144,Seattle Sounders FC,United States,1,66,62,56,66,67,62,66,79,77,78,66,68,73,84,66,49,66,67,67,66,67,57,16,10,9,13,14
192123,C. Wood,Christopher Grant Wood,ST,82,33,07-12-1991,13,Premier League,14,Nottingham Forest,New Zealand,3,52,85,88,78,73,60,80,55,52,49,85,85,87,70,87,40,86,71,80,40,30,25,14,16,16,7,16
207791,Y. Poulsen,Yussuf Yurary Poulsen,ST,74,31,15-06-1994,19,Bundesliga,28,Hamburger SV,Denmark,2,68,73,85,72,74,53,76,66,65,67,77,73,88,76,80,54,76,72,73,53,59,34,6,11,15,14,8
205551,Álvaro Lemos,Álvaro Lemos Collazo,"RB, RM",67,32,30-03-1993,53,La Liga,110827,Real Oviedo,Spain,1,64,60,61,62,63,59,61,78,75,77,64,74,77,76,70,65,63,63,66,64,61,62,12,13,9,13,16
188537,L. Négo,Loïc Négo,"RB, RM",72,34,15-01-1991,16,Ligue 1,1738,Le Havre AC,Hungary,1,77,64,54,70,68,69,70,74,75,66,72,69,68,68,65,70,68,59,73,67,68,66,12,12,8,11,16
259714,M. Röhl,Merlin Röhl,"CAM, CM, CDM, ST",74,22,05-07-2002,13,Premier League,7,Everton,Germany,1,59,66,61,76,78,68,74,78,83,74,73,69,78,82,71,68,74,76,71,59,66,59,11,14,10,7,8
276119,N. Remberg,Nicolai Remberg,"CM, CDM",72,25,19-06-2000,19,Bundesliga,28,Hamburger SV,Germany,1,54,55,73,75,69,71,74,68,61,66,70,74,93,89,85,73,64,68,73,72,76,74,11,11,8,14,12
224411,Guedes,Gonçalo Manuel Ganchinho Guedes,"ST, LW, CAM",75,28,29-11-1996,53,La Liga,457,Real Sociedad,Portugal,2,74,75,70,68,78,64,77,79,73,81,75,82,71,64,67,50,73,73,74,24,34,30,9,12,11,9,9
180930,E. Džeko,Edin Džeko,ST,81,39,17-03-1986,31,Serie A,110374,Fiorentina,Bosnia and Herzegovina,3,67,84,86,79,77,75,82,53,57,62,80,85,75,68,77,50,83,77,87,39,28,16,9,11,13,15,15
227794,C. Verdonk,Calvin Ronald Verdonk,"LB, CB, LM",71,28,26-04-1997,16,Ligue 1,65,Lille OSC,Indonesia,1,63,49,63,67,64,64,66,74,78,70,66,78,78,67,75,67,45,66,70,66,69,74,10,7,12,9,14
248550,Vivian,Daniel Vivian Moreno,CB,84,25,05-07-1999,53,La Liga,448,Athletic Club,Spain,3,46,52,80,79,70,75,76,76,81,66,84,62,89,77,83,87,30,60,72,83,85,83,9,8,12,10,8
262929,Vinicius Souza,Vinicius de Souza Costa,"CDM, CM",76,26,17-06-1999,19,Bundesliga,175,VfL Wolfsburg,Brazil,1,52,50,73,72,69,71,70,64,65,63,74,80,83,77,84,76,56,67,72,74,78,74,14,14,9,13,8
257073,Tiago Tomás,Tiago Barreiros de Melo Tomás,"LW, LM, ST",76,23,16-06-2002,19,Bundesliga,36,VfB Stuttgart,Portugal,1,59,78,67,74,80,65,81,85,87,78,72,74,79,80,66,40,79,70,74,35,37,29,8,14,9,13,7
189511,Sergio Busquets,Sergio Busquets Burgos,"CDM, CM, CB",80,36,16-07-1988,39,Major League Soccer,112893,Inter Miami,Spain,3,59,65,68,83,80,81,79,34,35,64,76,61,64,75,72,78,73,79,83,78,80,75,5,8,13,9,13
265552,D. Ouattara,Dango Aboubacar Faissal Ouattara,"LM, RM, ST, LW",77,23,11-02-2002,13,Premier League,1925,Brentford,Burkina Faso,1,75,74,70,71,80,65,77,87,83,75,73,70,77,68,57,52,75,72,73,50,52,45,9,6,13,14,10
237669,A. Zerbin,Alessio Zerbin,"RM, LM, LB, RB",73,26,03-03-1999,31,Serie A,111434,Cremonese,Italy,1,75,68,55,72,76,62,74,74,75,71,68,65,70,78,66,68,69,66,68,69,74,72,5,6,8,10,13
192366,N. Otamendi,Nicolás Hernán Gonzalo Otamendi,CB,82,37,12-02-1988,308,Primeira Liga,234,SL Benfica,Argentina,3,52,54,84,74,56,72,67,54,64,58,80,69,89,87,81,84,55,62,79,84,83,80,12,5,8,11,12
219797,R. Martínez,Roger Beyker Martínez Tobinson,"ST, LW, CAM",72,31,23-06-1994,350,Pro League,112393,Al Taawoun FC,Colombia,1,62,72,65,70,75,68,74,80,68,77,71,77,85,75,82,31,72,62,73,40,40,38,14,16,15,7,13
255137,J. Cifuentes,José Adoni Cifuentes Charcopa,CM,72,26,12-03-1999,39,Major League Soccer,111651,Toronto FC,Ecuador,1,56,60,68,78,73,68,73,67,74,70,74,74,78,77,79,64,70,73,70,74,76,66,14,10,8,14,8
254660,J. Thielmann,Jan Uwe Thielmann,"RM, RB, RW",72,23,26-05-2002,19,Bundesliga,31,1. FC Köln,Germany,1,65,69,60,69,71,63,74,84,78,76,72,73,74,82,58,61,67,68,62,55,45,60,15,7,13,11,14
271574,R. Lewis,Rico Henry Mark Lewis,"RB, LB, CM",77,20,21-11-2004,13,Premier League,10,Manchester City,England,1,76,53,58,79,79,74,78,78,75,84,77,61,64,72,47,75,71,76,77,74,76,74,11,8,11,12,13
216820,M. Simon,Moses Daddy-Ajala Simon,"LM, LW, ST",77,29,12-07-1995,16,Ligue 1,111817,Paris FC,Nigeria,2,78,68,46,71,83,62,78,90,89,90,70,75,71,73,66,34,74,70,73,30,42,33,7,13,12,13,9
211784,N. Maupay,Neal Maupay,ST,75,28,14-08-1996,16,Ligue 1,219,Olympique de Marseille,France,1,65,77,76,74,73,59,75,72,63,76,75,80,81,70,68,26,76,69,74,30,55,33,11,12,7,8,14
247888,S. Esposito,Sebastiano Esposito,"ST, CAM",75,22,02-07-2002,31,Serie A,1842,Cagliari,Italy,1,76,77,67,75,78,70,79,76,74,77,71,77,75,71,63,30,78,70,71,24,40,35,15,12,12,10,10
267633,Luís Esteves,Luís André Leite Esteves,"CM, CDM, CAM",70,27,09-04-1998,308,Primeira Liga,1888,Gil Vicente FC,Portugal,1,67,58,33,70,71,72,73,78,76,85,71,69,47,85,42,64,65,70,70,58,61,47,10,11,6,10,13
225926,Pere Milla,Pere Milla Peña,"ST, LM, CAM",71,32,23-09-1992,53,La Liga,452,RCD Espanyol,Spain,1,72,70,71,72,72,67,72,70,73,74,70,75,75,79,63,54,71,70,65,45,54,34,10,10,14,14,14
219792,B. Santamaria,Baptiste Santamaria,"CDM, CM",76,30,09-03-1995,53,La Liga,461,Valencia CF,France,2,62,65,61,80,75,77,77,48,37,66,74,78,66,82,73,73,66,73,74,72,75,69,7,7,13,7,8
262863,A. Nusa,Antonio Eromonsele Nordby Nusa,"LM, CAM, LW",76,20,17-04-2005,19,Bundesliga,112172,RB Leipzig,Norway,1,67,73,45,70,81,62,80,92,86,91,70,83,69,73,59,32,72,73,68,37,47,53,12,14,14,9,10
240359,O. Alderete,Omar Federico Alderete Fernández,CB,78,28,26-12-1996,13,Premier League,106,Sunderland,Paraguay,1,58,55,79,70,70,66,69,56,63,68,75,74,82,71,81,78,62,51,68,80,79,75,7,13,14,13,15
244470,V. Coufal,Vladimír Coufal,"RB, RM",73,32,22-08-1992,19,Bundesliga,10029,TSG 1899 Hoffenheim,Czechia,2,77,50,68,71,69,69,72,62,54,64,74,66,71,63,68,74,68,68,72,75,75,75,13,12,12,6,13
261224,Hugo Bueno,Hugo Bueno López,"LB, LM",74,22,18-09-2002,13,Premier League,110,Wolverhampton Wanderers,Spain,1,79,52,47,72,79,68,80,75,73,77,74,57,65,73,66,71,65,73,74,69,70,69,9,12,13,6,11
263828,Roger Fernandes,Roger Fernandes,"RM, LM, RW",76,19,21-11-2005,350,Pro League,607,Al Ittihad,Portugal,1,72,71,48,68,80,66,79,87,90,91,76,69,59,71,44,61,73,68,69,61,58,40,13,9,10,10,15
241591,Brugui,Roger Brugué Ayguadé,"ST, LM, RM, LW",74,28,04-11-1996,53,La Liga,1853,Levante UD,Spain,1,59,75,71,68,75,57,75,90,87,91,76,68,84,83,64,40,80,60,70,29,48,44,12,5,14,7,6
243388,B. Sosa,Borna Sosa,"LB, LM",73,27,21-01-1998,13,Premier League,1799,Crystal Palace,Croatia,1,84,41,64,76,74,72,74,72,70,72,70,70,74,74,69,68,68,74,72,62,70,70,10,6,6,8,9
262859,L. Colwill,Levi Lemar Samuel Colwill,CB,80,22,26-02-2003,13,Premier League,5,Chelsea,England,3,65,38,79,79,70,72,77,66,73,60,78,60,84,77,79,81,50,73,79,81,81,80,15,14,8,10,14
230888,A. O'Neill,Aiden Connor O'Neill,"CDM, CM",70,26,04-07-1998,39,Major League Soccer,112828,New York City FC,Australia,1,54,59,58,71,66,69,67,74,78,78,68,67,77,79,77,66,59,65,69,64,69,67,10,15,7,12,9
236529,S. Alzate,Steven Alzate,"CDM, CM",71,26,08-09-1998,39,Major League Soccer,112885,Atlanta United,Colombia,1,67,64,60,75,74,75,74,67,65,82,67,66,70,73,68,68,65,73,76,66,68,65,9,6,6,7,6
265732,Àlex Sala,Álex Sala Herrero,"CDM, CM, CAM",72,24,09-04-2001,31,Serie A,347,Lecce,Spain,1,60,65,60,72,70,66,70,65,65,65,73,74,74,72,77,66,64,68,73,70,75,72,10,11,14,9,9
230690,M. Dominguez,Maxime Dominguez,"CM, RM, CDM, CAM",71,29,01-02-1996,39,Major League Soccer,111651,Toronto FC,Switzerland,1,68,70,52,75,71,72,73,75,74,80,69,68,64,76,55,59,64,72,65,58,61,53,6,9,12,11,7
241487,J. Ferreira,Jesús David Ferreira Castro,"ST, CAM",72,24,24-12-2000,39,Major League Soccer,111144,Seattle Sounders FC,United States,1,66,70,65,73,71,66,76,76,84,82,75,74,74,81,60,33,75,73,70,42,53,39,13,12,12,13,6
242279,Oriol Rey,Oriol Rey Erenas,"CM, CDM",73,27,25-02-1998,53,La Liga,1853,Levante UD,Spain,1,63,58,58,77,69,75,74,55,59,77,74,63,67,85,73,73,58,74,72,69,75,67,6,13,12,6,5
240744,M. Ojeda,Martín Ezequiel Ojeda,"CAM, RM, LM, CM",74,26,27-11-1998,39,Major League Soccer,112606,Orlando City SC,Argentina,1,71,76,59,71,72,67,72,83,83,81,74,75,74,77,61,40,78,75,69,24,32,33,7,15,5,13,10
252308,A. Al Musrati,Almoatasembellah Ali Mohamed Al Musratiالمؤتمة علي محمد المصراتي,"CDM, CM",78,29,06-04-1996,31,Serie A,206,Hellas Verona FC,Libya,1,60,61,72,77,69,84,75,49,55,46,75,79,71,80,86,76,69,76,79,75,77,74,15,6,8,8,8
238041,T. Malacia,Tyrell Johannes Chicco Malacia,"LB, LM",75,25,17-08-1999,13,Premier League,11,Manchester United,Netherlands,1,69,49,57,73,76,64,73,79,75,78,68,64,74,69,69,75,53,60,74,69,77,78,9,9,12,8,8
217338,J. Vandeputte,Jari Vandeputte,"CM, LM, CAM",72,29,14-02-1996,31,Serie A,111434,Cremonese,Belgium,1,66,67,45,78,70,72,74,81,79,84,70,65,66,75,60,64,67,74,70,60,64,60,6,6,8,15,9
264453,M. van de Ven,Micky van de Ven,"CB, LB, LM",82,24,19-04-2001,13,Premier League,18,Tottenham Hotspur,Netherlands,3,58,43,76,76,73,74,75,84,95,59,82,59,92,69,85,82,48,55,81,82,83,85,7,13,13,11,7
210455,Jonny,Jonathan Castro Otto,"RB, LB, RM",74,31,03-03-1994,53,La Liga,463,Deportivo Alavés,Spain,1,75,51,69,70,73,64,75,76,69,72,71,68,75,71,62,72,66,67,72,73,73,73,7,10,12,10,6
247361,B. Aaronson,Brenden Russell Aaronson,"CAM, CM",74,24,22-10-2000,13,Premier League,8,Leeds United,United States,1,64,66,49,73,79,65,77,81,79,77,73,67,63,84,53,55,73,74,70,59,61,46,12,13,7,7,13
271579,F. Terracciano,Filippo Terracciano,"LB, RB, CB",71,22,08-02-2003,31,Serie A,111434,Cremonese,Italy,1,75,56,61,72,73,67,71,81,78,70,62,69,75,65,60,66,57,67,54,64,71,68,11,12,8,12,13
246763,K. Hoever,Ki-Jana Delano Hoever,"RB, RM",74,23,18-01-2002,13,Premier League,110,Wolverhampton Wanderers,Netherlands,1,75,48,56,69,73,67,72,76,70,66,70,67,72,82,66,72,70,66,69,69,75,69,15,8,5,14,12
262642,Z. Amdouni,Mohamed Zeki Amdouni,"ST, CAM",75,24,04-12-2000,13,Premier League,1796,Burnley,Switzerland,1,60,76,65,74,77,67,78,70,72,75,76,79,75,72,73,47,76,76,72,43,42,45,6,9,8,14,14
207862,M. Ginter,Matthias Lukas Ginter,CB,82,31,19-01-1994,19,Bundesliga,25,SC Freiburg,Germany,3,68,54,83,78,61,74,75,54,56,54,84,79,83,57,83,83,55,71,77,87,87,80,12,10,6,8,10
212218,A. Laporte,Aymeric Jean Louis Gerard Alphonse Laporte,CB,82,31,27-05-1994,53,La Liga,448,Athletic Club,Spain,3,58,45,84,84,64,81,81,46,55,57,81,68,81,68,83,84,54,73,84,81,85,83,10,11,5,14,5
222501,T. Castagne,Timothy Castagne,"RB, RM",76,29,05-12-1995,13,Premier League,144,Fulham FC,Belgium,1,76,56,72,74,71,70,75,67,68,68,75,65,75,78,66,74,71,70,68,74,75,73,14,9,15,10,15
258908,J. van Hecke,Jan Paul van Hecke,CB,80,25,08-06-2000,13,Premier League,1808,Brighton & Hove Albion,Netherlands,1,50,35,77,80,70,80,73,66,68,55,79,70,90,70,79,79,35,74,78,80,80,83,11,9,8,7,5
189860,Kiko Femenía,Francisco Femenía Far,"RB, RM",75,34,02-02-1991,53,La Liga,1860,Getafe CF,Spain,1,75,53,64,76,68,61,72,68,68,70,70,56,69,72,61,73,61,67,66,75,75,74,16,15,7,15,11
273875,Álex Valle,Álex Valle Gómez,"LB, LM",72,21,25-04-2004,31,Serie A,1745,Como,Spain,1,68,50,66,69,70,64,74,82,81,79,68,65,74,75,57,66,65,69,66,66,68,68,6,14,10,12,10
231652,S. Banza,Simon Bokoté Banza,ST,81,28,13-08-1996,308,Primeira Liga,1896,Sporting Clube de Braga,Congo DR,3,60,84,85,65,76,52,82,76,81,71,81,82,92,77,83,30,85,66,78,42,23,18,8,7,9,5,6
228349,M. Vojvoda,Mërgim Vojvoda,"RB, CB, RM",75,30,01-02-1995,31,Serie A,1745,Como,Kosovo,1,78,45,64,75,75,72,75,67,68,70,75,69,70,71,66,75,70,70,68,73,73,73,8,12,10,10,8
256261,M. Thiaw,Malick Laye Thiaw,CB,78,23,08-08-2001,13,Premier League,13,Newcastle United,Germany,1,55,43,78,81,70,78,76,72,72,67,78,56,88,76,82,76,42,65,78,78,78,77,10,6,15,11,9
198951,C. Bakambu,Cédric Bakambu,ST,77,34,11-04-1991,53,La Liga,449,Real Betis Balompié,Congo DR,2,70,78,78,72,72,62,72,77,78,75,70,82,84,65,70,43,84,67,69,36,34,29,6,13,6,14,6
234035,Odriozola,Álvaro Odriozola Arzallus,"RB, RM",74,29,14-12-1995,53,La Liga,457,Real Sociedad,Spain,1,74,48,70,71,75,70,74,65,78,71,72,61,68,73,58,71,69,63,67,71,72,72,11,12,10,5,14
250931,P. Osterhage,Patrick Osterhage,"CDM, CM",75,25,01-02-2000,19,Bundesliga,25,SC Freiburg,Germany,1,63,52,64,72,68,70,69,72,83,72,74,68,76,86,71,78,60,62,70,76,73,76,12,5,12,6,6
246350,E. Le Fée,Enzo Jérémy Le Fée,"CM, LM, CAM, LW",76,25,03-02-2000,13,Premier League,106,Sunderland,France,2,69,60,45,79,79,76,82,62,63,74,77,60,53,68,52,65,76,78,78,63,65,60,8,11,14,13,10
205953,João Paulo,João Paulo Mior,"CDM, CM",70,34,08-03-1991,39,Major League Soccer,111144,Seattle Sounders FC,Brazil,1,71,60,53,71,69,70,71,64,51,62,69,72,67,64,73,68,70,70,76,71,69,66,15,8,16,14,9
258444,E. Guessand,Evann Guessand,"RM, RW, ST",79,24,01-07-2001,13,Premier League,2,Aston Villa,Côte d'Ivoire,1,77,79,76,78,81,69,80,79,86,75,76,78,91,76,84,25,81,69,80,32,39,18,7,10,7,6,5
216275,P. Mwene,Phillipp Mwene,"LB, LM",76,31,29-01-1994,19,Bundesliga,169,1. FSV Mainz 05,Austria,1,76,52,44,73,75,64,73,83,73,82,75,62,67,88,66,74,70,67,70,73,73,72,12,9,11,9,7
251421,B. Johnson,Brennan Price Johnson,"RW, RM, LW",79,24,23-05-2001,13,Premier League,18,Tottenham Hotspur,Wales,1,78,82,58,74,78,63,78,87,85,81,78,74,70,78,52,23,83,78,79,45,45,53,14,7,13,5,13
226380,Hwang Hee Chan,Hee-chan Hwang황희찬 黄喜灿,"ST, LW, CAM",75,29,26-01-1996,13,Premier League,110,Wolverhampton Wanderers,Korea Republic,1,68,76,68,72,76,67,74,86,76,77,75,77,81,66,68,37,77,75,79,39,36,25,11,7,10,11,15
196978,C. Wilson,Callum Eddie Graham Wilson,ST,78,33,27-02-1992,13,Premier League,19,West Ham United,England,3,61,80,79,73,76,62,78,73,73,69,78,80,83,45,70,40,81,69,80,39,40,27,10,15,8,10,6
255611,D. Maldini,Daniel Maldini,"CAM, CM",74,23,11-10-2001,31,Serie A,39,Atalanta,Italy,1,75,64,65,78,77,69,81,66,74,69,72,73,71,69,67,35,72,73,72,31,50,40,12,12,14,13,14
271266,G. Read,Givairo Read,"RB, RM",75,19,02-06-2006,10,Eredivisie,246,Feyenoord,Netherlands,1,76,52,53,72,70,64,69,82,80,78,72,63,76,78,75,69,55,69,70,68,74,74,13,13,12,13,13
244407,Pol Lozano,Pol Lozano Vizuete,"CDM, CM",75,25,06-10-1999,53,La Liga,452,RCD Espanyol,Spain,1,70,52,52,74,64,73,74,61,68,71,75,73,62,81,63,76,63,75,66,74,73,73,8,7,8,11,14
232156,M. Honsak,Mathias Honsak,"LM, LW, ST",74,28,20-12-1996,19,Bundesliga,111235,1. FC Heidenheim 1846,Austria,1,72,71,55,70,76,60,76,88,85,72,62,73,79,67,71,57,72,68,70,44,62,51,5,9,7,11,12
264699,K. Asllani,Kristjan Asllani,"CDM, CM",74,23,09-03-2002,31,Serie A,54,Torino,Albania,1,63,57,64,80,75,77,78,65,65,64,70,72,68,67,60,71,59,77,71,68,75,68,9,8,12,6,6
259848,J. Aramburu,Jon Mikel Aramburu Mejías,"RB, RM",77,22,23-07-2002,53,La Liga,457,Real Sociedad,Venezuela,1,72,45,65,76,72,72,74,71,67,67,77,53,73,76,68,78,70,63,69,78,74,78,12,7,11,13,5
240685,T. van de Looi,Tom van de Looi,"CDM, CM, CB",69,25,02-07-1999,308,Primeira Liga,112809,Famalicão,Netherlands,1,67,64,65,73,70,70,72,72,62,73,67,70,78,74,74,63,63,65,65,62,68,66,6,11,7,14,10
263227,W. Swedberg,Williot Theo Swedberg,"LW, CM, LM",74,21,01-02-2004,53,La Liga,450,RC Celta,Sweden,1,67,72,60,75,76,72,76,75,73,84,71,66,69,78,56,66,72,75,73,55,69,45,7,14,9,8,10
261204,M. Uzuni,Myrto Uzuni,"ST, LW, LM",75,30,31-05-1995,39,Major League Soccer,114161,Austin FC,Albania,1,74,75,73,74,80,66,78,79,82,79,75,78,81,67,66,49,74,72,76,22,22,19,7,8,9,15,13
277846,Nico Paz,Nicolás Paz Martínez,"CAM, CM",79,20,08-09-2004,31,Serie A,1745,Como,Argentina,1,67,76,48,84,85,79,85,76,79,78,68,64,67,75,66,58,71,78,73,35,65,44,14,10,15,12,8
72093,Martim Fernandes,Martim Moreira Moutinho Fernandes,"RB, RM",75,19,18-01-2006,308,Primeira Liga,236,FC Porto,Portugal,1,75,42,55,73,73,63,75,82,81,79,73,71,71,74,59,69,70,70,66,70,73,71,13,8,13,11,7
195038,F. Kainz,Florian Kainz,"CAM, CM, LM",74,32,24-10-1992,19,Bundesliga,31,1. FC Köln,Austria,1,77,71,55,75,75,74,75,69,60,79,75,77,61,68,54,31,73,74,75,55,41,34,11,7,10,15,13
262473,S. El Karouani,Souffian El Karouani,"LB, LM",75,24,19-10-2000,10,Eredivisie,1903,FC Utrecht,Morocco,1,86,41,55,74,74,70,74,75,67,73,74,63,70,78,66,71,58,72,71,68,70,72,10,9,10,10,5
222542,M. Saliakas,Manolis SaliakasΜανώλης Σάλιακας,"RB, RM, RW",73,28,12-09-1996,19,Bundesliga,110329,FC St. Pauli,Greece,1,76,58,44,73,70,60,73,77,62,74,74,57,62,83,61,68,69,57,65,65,69,74,15,8,12,14,13
246877,G. Gaetano,Gianluca Gaetano,"CAM, CM",74,25,05-05-2000,31,Serie A,1842,Cagliari,Italy,1,68,71,59,75,76,71,78,69,60,72,68,74,65,58,58,51,74,75,75,45,54,50,12,12,14,10,11
233152,K. Itakura,Ko Itakura板倉 滉,"CB, CDM",77,28,27-01-1997,10,Eredivisie,245,Ajax,Japan,2,34,60,74,78,75,73,74,77,74,70,76,67,84,76,75,78,53,59,76,77,77,81,13,6,9,10,12
270613,M. Doumbia,Mahamadou Doumbia,"CDM, CAM, CM",68,21,15-05-2004,350,Pro League,607,Al Ittihad,Mali,1,59,65,49,73,76,71,70,81,72,87,65,76,69,73,67,65,57,69,65,65,60,55,6,7,6,6,7
236838,Y. Maleh,Youssef Malehيوسف مالح,CM,71,26,22-08-1998,31,Serie A,347,Lecce,Morocco,1,70,65,51,76,70,72,73,66,53,74,69,68,59,75,56,68,72,72,73,68,68,66,6,15,6,5,6
241736,Y. Bisseck,Yann Aurel Ludger Bisseck,CB,76,24,29-11-2000,31,Serie A,44,Inter,Germany,1,54,54,78,73,73,68,76,75,76,69,74,67,89,74,81,74,59,60,76,74,76,74,8,7,8,5,11
262218,K. Fitz-Jim,Kian Fitz-Jim,"CM, CAM",73,21,05-07-2003,10,Eredivisie,245,Ajax,Netherlands,1,61,60,50,77,77,69,78,78,72,87,73,59,68,89,48,66,66,75,77,69,68,62,10,13,14,8,6
246106,A. Herrera,Marcelo Andrés Herrera Mansilla Barrios,"RB, RM",70,26,03-11-1998,39,Major League Soccer,687,Columbus Crew,Argentina,1,65,59,62,65,69,64,67,83,85,77,68,71,79,69,69,68,70,60,71,65,66,66,11,14,10,14,12
242530,N. Okafor,Noah Arinzechukwu Okafor,"ST, LM, LW, CAM",76,25,24-05-2000,13,Premier League,8,Leeds United,Switzerland,1,74,78,63,72,82,64,80,87,85,85,73,75,85,57,79,20,76,74,76,38,25,20,14,14,11,6,5
263640,A. Milambo,Antoni-Djibu Milambo,"CM, CAM",73,20,03-04-2005,13,Premier League,1925,Brentford,Netherlands,1,61,68,57,75,75,72,75,74,74,83,73,71,69,81,60,60,70,75,74,57,65,58,15,5,11,7,5
229649,G. Suazo,Gabriel Alonso Suazo Urbina,"LB, LM",74,27,09-08-1997,53,La Liga,481,Sevilla FC,Chile,1,70,60,53,72,70,66,72,67,69,72,74,67,68,82,71,69,70,67,74,72,73,74,14,7,11,12,9
252964,G. Zappa,Gabriele Zappa,"RB, CB, RM",74,25,22-12-1999,31,Serie A,1842,Cagliari,Italy,1,73,62,63,66,70,62,67,67,82,72,73,69,70,85,66,72,72,62,69,68,71,70,14,13,12,10,15
236593,C. Stengs,Calvin Stengs,"CAM, CM",76,26,18-12-1998,31,Serie A,110738,Pisa,Netherlands,2,74,65,44,80,78,74,77,72,66,83,75,75,60,75,60,58,75,82,74,46,54,42,14,11,7,5,10
271464,Y. Asprilla,Yaser Esneider Asprilla Martínez,"RM, RW, CAM",75,21,19-11-2003,53,La Liga,110062,Girona FC,Colombia,1,74,70,42,75,77,72,75,81,80,83,71,79,64,69,63,44,70,71,70,52,55,45,13,13,8,12,14
235642,R. Yates,Ryan James Yates,"CDM, CM",77,27,21-11-1997,13,Premier League,14,Nottingham Forest,England,1,60,60,74,75,67,70,72,50,50,55,77,70,76,83,79,76,67,67,71,75,76,78,10,8,6,6,11
252037,Fábio Silva,Fábio Daniel Soares Silva,"ST, LW",79,22,19-07-2002,19,Bundesliga,22,Borussia Dortmund,Portugal,1,45,80,80,75,79,70,81,79,83,79,78,79,89,83,77,18,81,69,76,32,28,26,6,12,7,13,8
233396,I. Touré,Idrissa Touré,"RM, RB",71,27,29-04-1998,31,Serie A,110738,Pisa,Germany,1,68,64,70,72,69,62,72,74,71,79,70,68,81,83,77,62,65,70,68,58,64,60,12,13,12,15,11
246748,Aihen Muñoz,Aihen Muñoz Capellán,"LB, LM",75,27,16-08-1997,53,La Liga,457,Real Sociedad,Spain,1,72,51,65,75,78,75,70,76,75,63,73,55,74,77,62,72,70,66,74,73,72,71,10,9,10,15,15
215333,D. Zapata,Duván Esteban Zapata Banguero,ST,82,34,01-04-1991,31,Serie A,54,Torino,Colombia,3,47,84,87,74,79,57,80,72,76,66,78,88,93,65,90,20,86,70,82,44,24,22,9,9,8,6,8
257075,P. Nebel,Paul Nebel,"CAM, CM, RM",78,22,10-10-2002,19,Bundesliga,169,1. FSV Mainz 05,Germany,1,68,78,39,76,82,69,78,79,65,91,77,75,55,90,48,46,79,77,74,49,42,50,11,9,10,6,9
279112,Damián Rodríguez,Damián Rodríguez Sousa,"CM, CDM, CAM",73,22,17-03-2003,53,La Liga,450,RC Celta,Spain,1,57,58,66,77,70,75,74,74,68,65,73,67,75,74,68,73,69,74,74,68,72,70,11,8,11,9,11
245902,T. Parrott,Troy Daniel Parrott,ST,74,23,04-02-2002,10,Eredivisie,1906,AZ Alkmaar,Republic of Ireland,1,57,75,69,68,73,60,74,77,76,74,74,74,80,69,71,35,78,67,71,45,43,39,12,10,14,11,13
247229,R. Bellanova,Raoul Bellanova,"RM, RB",78,25,17-05-2000,31,Serie A,39,Atalanta,Italy,1,80,61,68,78,79,72,78,82,90,65,75,55,81,81,71,70,69,68,66,72,73,71,8,8,9,8,6
279015,V. Froholdt,Victor Mow Froholdt,"CM, CDM, CAM",71,19,25-02-2006,308,Primeira Liga,236,FC Porto,Denmark,1,58,62,48,73,72,67,72,76,75,75,74,66,65,80,60,71,69,70,72,68,69,67,13,8,5,6,10
228336,F. Grillitsch,Florian Grillitsch,"CM, CB, CDM",75,29,07-08-1995,308,Primeira Liga,1896,Sporting Clube de Braga,Austria,1,66,58,69,80,74,81,77,55,69,68,77,64,71,64,72,73,66,76,74,74,73,68,13,12,7,14,7
247026,A. Schäfer,András Schäfer,"CM, CAM",74,26,13-04-1999,19,Bundesliga,1831,1. FC Union Berlin,Hungary,1,63,57,48,77,73,71,77,73,70,82,78,71,64,85,63,73,72,69,71,66,67,57,13,14,14,10,5
243702,D. Spence,Diop Tehuti Djed-Hotep Spence,"RB, LB, RM",78,24,09-08-2000,13,Premier League,18,Tottenham Hotspur,England,1,76,38,69,77,82,65,78,87,88,78,75,54,83,76,72,72,75,72,78,75,75,73,13,8,7,11,6
270608,Y. Yarmoliuk,Yehor YarmoliukЯрмолюк Єгор Романович,"CM, CDM",71,21,01-03-2004,13,Premier League,1925,Brentford,Ukraine,1,64,64,58,74,75,72,73,68,65,62,70,69,68,68,68,70,67,72,71,66,70,68,9,9,5,9,8
277068,Lucas Pires,Lucas Pires Silva,"LB, LM",74,24,24-03-2001,13,Premier League,1796,Burnley,Brazil,1,71,41,63,71,72,63,73,81,78,76,71,68,80,76,73,70,53,67,68,69,72,70,6,11,12,9,15
184457,R. van Wolfswinkel,Ricky van Wolfswinkel,"ST, RM, RW",73,36,27-01-1989,10,Eredivisie,1908,FC Twente,Netherlands,1,66,75,78,72,68,65,73,54,70,63,73,74,78,72,73,51,75,70,75,55,46,40,8,12,13,11,10
213928,E. Sobol,Eduard SobolСоболь Едуард Олександрович,"LB, LM",69,30,20-04-1995,16,Ligue 1,76,RC Strasbourg Alsace,Ukraine,1,67,58,64,66,69,64,70,71,74,68,62,76,73,68,67,66,66,65,63,64,68,66,11,11,9,13,10
230686,J. Makengo,Jean-Victor Makengo,"CM, CDM",69,27,12-06-1998,16,Ligue 1,217,FC Lorient,France,1,66,61,69,72,71,67,72,64,53,64,67,73,71,68,66,66,66,67,68,67,75,71,8,9,9,8,9
256104,T. Tessmann,Francis Tanner James Tessmann,"CDM, CM",75,23,24-09-2001,16,Ligue 1,66,Olympique Lyonnais,United States,1,58,55,64,77,71,76,74,51,62,62,73,79,73,79,84,71,66,74,74,70,75,68,9,6,10,10,6
246420,J. Doku,Jérémy Doku,"LW, RW, LM",80,23,27-05-2002,13,Premier League,10,Manchester City,Belgium,3,70,72,40,76,91,69,81,95,88,93,75,77,73,63,73,20,76,74,75,40,30,25,11,10,8,9,12
224163,A. Verschueren,Arno Verschueren,"CAM, CM",70,28,08-04-1997,10,Eredivisie,1908,FC Twente,Belgium,1,52,70,78,73,66,66,67,64,78,66,72,70,79,84,66,67,77,70,68,67,65,62,9,15,14,12,6
203177,D. Foulquier,Dimitri Foulquier,"RB, LB, RM",74,32,23-03-1993,53,La Liga,461,Valencia CF,France,1,72,54,67,69,69,67,69,71,74,64,71,71,77,76,74,71,73,62,68,71,76,69,11,7,6,10,14
216816,G. Simeone,Giovanni Pablo Simeone Baldini,ST,75,29,05-07-1995,31,Serie A,54,Torino,Argentina,2,55,78,76,69,71,61,76,73,69,70,72,80,84,65,71,24,80,60,75,44,38,36,12,15,9,14,11
237321,M. Berisha,Mërgim Berisha,ST,75,27,11-05-1998,19,Bundesliga,10029,TSG 1899 Hoffenheim,Germany,2,69,76,72,74,75,65,77,73,66,69,76,78,83,55,76,32,78,72,75,38,32,26,10,5,10,7,6
255561,J. Doig,Josh Thomas Doig,"LB, LM",73,23,18-05-2002,31,Serie A,111974,Sassuolo,Scotland,1,72,62,67,69,72,63,70,75,82,68,63,66,74,86,62,67,69,63,60,62,70,70,15,6,8,10,11
222041,L. Boyé,Lucas Ariel Boyé,"ST, CAM",73,29,28-02-1996,53,La Liga,463,Deportivo Alavés,Argentina,1,60,74,73,70,73,57,74,67,70,71,70,75,85,70,86,52,70,66,67,45,45,41,14,7,11,15,7
229236,M. Udol,Matthieu Udol,"CB, LB, LM",74,29,20-03-1996,16,Ligue 1,64,RC Lens,France,1,68,51,75,72,71,64,73,70,70,76,71,54,78,80,69,71,59,56,68,74,76,73,13,12,12,8,13
278901,A. Bouaddi,Ayyoub Bouaddi,"CM, CDM",75,17,02-10-2007,16,Ligue 1,65,Lille OSC,France,1,59,59,56,79,75,77,78,76,74,67,73,61,75,74,71,74,66,76,76,59,75,62,9,7,12,12,8
222369,E. Smith,Eric Anders Smith,"CDM, CM, CB",75,28,08-01-1997,19,Bundesliga,110329,FC St. Pauli,Sweden,1,43,50,68,75,63,77,70,61,71,65,76,77,77,77,82,77,66,70,70,78,69,66,12,12,13,7,11
279026,Hugo Rincón,Hugo Rincón Lumbreras,"RB, RM",73,22,27-01-2003,53,La Liga,110062,Girona FC,Spain,1,70,59,58,70,70,66,72,80,81,72,66,71,75,82,69,67,65,58,62,66,69,68,14,11,13,10,12
188154,L. Holtby,Lewis Harry Holtby,"CM, CDM, CAM",70,34,18-09-1990,10,Eredivisie,1904,NAC Breda,Germany,1,69,59,54,74,70,75,73,64,35,73,67,74,63,55,64,66,68,72,68,61,65,65,12,12,8,11,9
228635,Borja Mayoral,Borja Mayoral Moya,ST,77,28,05-04-1997,53,La Liga,1860,Getafe CF,Spain,2,64,80,83,76,75,67,77,61,68,69,74,80,82,64,71,37,79,70,77,40,29,24,12,9,8,15,7
218936,Rafa Soares,Luís Rafael Soares Alves,"LB, LM",70,30,09-05-1995,308,Primeira Liga,112809,Famalicão,Portugal,1,70,51,59,68,70,64,70,75,74,72,64,70,71,72,64,65,63,63,65,65,67,68,11,13,16,14,6
275522,L. Miller,Lennon Lee Miller,"CM, CDM, CAM, CB",71,18,25-08-2006,31,Serie A,55,Udinese,Scotland,1,67,60,59,72,65,74,71,70,75,64,70,73,67,77,62,68,66,75,73,62,61,59,6,6,6,13,12
245940,Silas,Silas Katompa-Mvumpa,"RM, RW, ST",74,26,06-10-1998,19,Bundesliga,36,VfB Stuttgart,Congo DR,1,66,75,65,68,83,48,76,87,92,83,70,70,85,64,77,54,77,59,67,53,50,39,8,13,13,9,11
223689,W. Weghorst,Wout François Maria Weghorst,ST,78,32,07-08-1992,10,Eredivisie,245,Ajax,Netherlands,2,38,80,86,78,66,54,79,45,62,53,82,84,86,76,92,54,83,70,74,44,65,52,11,9,14,16,12
271577,I. Sulemana,Ibrahim Sulemana Kakari,"CDM, CM",71,22,22-05-2003,31,Serie A,189,Bologna,Ghana,1,58,55,61,70,66,68,68,75,67,74,72,77,73,69,66,73,60,63,66,69,71,73,7,9,15,10,11
243715,W. Saliba,William Alain André Gabriel Saliba,CB,87,24,24-03-2001,13,Premier League,1,Arsenal,France,4,58,35,80,80,74,77,77,76,78,53,86,60,89,72,88,86,54,62,82,88,90,86,7,10,6,8,11
236804,F. Medina,Facundo Axel Medina,"CB, LB, LM",79,26,28-05-1999,16,Ligue 1,219,Olympique de Marseille,Argentina,2,64,44,74,79,71,76,76,67,79,62,80,45,82,78,81,79,63,70,79,78,81,80,13,5,12,13,13
266331,Hugo Álvarez,Hugo Álvarez Antúnez,"LM, RM, LW",76,21,02-07-2003,53,La Liga,450,RC Celta,Spain,1,75,73,55,77,78,72,78,74,71,73,71,65,66,65,57,69,75,73,69,61,65,58,10,9,14,8,8
213761,A. Hamdallah,Abderrazak Hamdallahعبد الرزاق حمد الله,"ST, CAM",79,34,17-12-1990,350,Pro League,111674,Al Shabab,Morocco,2,66,84,81,72,77,63,86,51,65,74,82,78,74,80,80,20,83,74,77,30,25,20,9,11,9,15,10
185422,J. King,Joshua Christian Kojo King,"ST, LM, LW",74,33,15-01-1992,350,Pro League,112883,Al Khaleej,Norway,1,68,74,68,73,76,65,75,75,76,70,70,76,81,68,78,34,74,73,75,33,38,27,12,9,11,12,7
223061,F. Cervi,Franco Emanuel Cervi,"LM, LW",74,31,26-05-1994,53,La Liga,450,RC Celta,Argentina,1,70,68,48,72,74,68,74,82,82,87,71,68,53,70,31,50,72,70,71,51,64,52,12,8,9,11,10
229476,W. Anton,Waldemar AntonРипцов-Антон Владимир Александрович,CB,82,28,20-07-1996,19,Bundesliga,22,Borussia Dortmund,Germany,3,52,42,79,79,64,73,70,64,73,56,82,60,85,79,85,82,54,70,80,86,86,78,11,12,12,13,13
74091,Gorrotxa,Jon Gorrotxategi Etxaniz,"CDM, CM",73,23,02-02-2002,53,La Liga,457,Real Sociedad,Spain,1,60,58,58,70,68,67,70,70,73,68,70,63,74,90,78,70,60,68,70,73,73,70,7,13,14,5,13
277909,E. Kroupi,Eli Junior Eric Anat Kroupi,ST,74,19,23-06-2006,13,Premier League,1943,AFC Bournemouth,France,1,57,76,63,76,80,70,81,81,80,75,67,74,80,63,55,38,75,68,72,42,54,46,14,6,7,13,13
242619,C. Doucouré,Cheick Oumar Doucouré,"CDM, CM",77,25,08-01-2000,13,Premier League,1799,Crystal Palace,Mali,1,54,53,58,78,75,76,77,58,63,66,73,59,68,69,74,78,63,72,75,72,77,79,10,14,12,12,15
230084,L. Nmecha,Lukas Okechukwu Nmecha,ST,76,26,14-12-1998,13,Premier League,8,Leeds United,Germany,2,58,77,74,76,75,59,78,75,73,73,75,79,85,74,79,37,76,68,71,43,33,27,9,11,11,8,6
210930,Carles Gil,Carles Gil de Pareja Vicent,"CAM, RM, CM",79,32,02-11-1992,39,Major League Soccer,691,New England Revolution,Spain,2,77,73,33,82,80,77,80,74,67,73,79,62,58,84,61,39,78,85,76,35,42,38,12,15,16,9,6
252929,Borja Sainz,Borja Sainz Eguskiza,"LW, LM",75,24,01-02-2001,308,Primeira Liga,236,FC Porto,Spain,1,66,75,34,70,79,64,78,82,80,81,72,80,59,70,55,42,76,70,78,48,50,40,11,5,7,9,11
146947,Vesga,Mikel Vesga Arruti,"CDM, CM",74,32,08-04-1993,53,La Liga,448,Athletic Club,Spain,1,63,74,70,73,65,75,72,33,46,41,72,78,69,81,82,74,72,70,68,73,73,71,12,11,16,6,13
230918,T. Chalobah,Trevoh Thomas Chalobah,"CB, RB, RM",79,25,05-07-1999,13,Premier League,5,Chelsea,England,1,62,46,77,77,70,75,74,64,68,52,78,65,84,67,83,81,50,67,78,80,80,78,5,5,9,9,7
236572,O. Wijndal,Owen Colin Wijndal,"LB, LM",72,25,28-11-1999,10,Eredivisie,245,Ajax,Netherlands,1,72,48,57,74,69,69,71,82,75,76,69,65,68,71,68,69,65,68,69,66,69,69,8,12,6,9,13
235875,Pol Lirola,Pol Mikel Lirola Kosok,"RB, CB",73,27,13-08-1997,16,Ligue 1,219,Olympique de Marseille,Spain,1,74,58,63,72,67,66,73,70,73,65,71,65,69,73,61,69,63,65,67,68,71,68,12,12,5,9,13
268421,M. Tel,Mathys Henri Tel,"ST, LW, CAM",77,20,27-04-2005,13,Premier League,18,Tottenham Hotspur,France,1,67,79,70,68,81,64,77,85,87,79,69,88,80,67,67,18,77,71,74,22,27,32,12,9,15,7,11
255109,D. Tijanić,David Tijanič,"CAM, CM, ST",71,27,16-07-1997,350,Pro League,115892,Al-Najma SC,Slovenia,1,65,68,55,72,74,69,73,82,73,89,62,73,73,73,64,56,65,72,57,38,54,47,8,5,11,6,13
264095,Hugo Sotelo,Hugo Sotelo Gómez,"CM, CDM",73,21,19-12-2003,53,La Liga,450,RC Celta,Spain,1,61,67,58,75,73,73,75,74,65,64,73,65,71,72,65,69,69,73,72,67,69,63,14,9,7,9,15
190885,A. Smith,Adam James Smith,"RB, RM",73,34,29-04-1991,13,Premier League,1943,AFC Bournemouth,England,1,70,50,69,75,68,63,74,54,65,65,75,72,68,64,68,71,65,68,70,74,75,73,8,9,15,9,6
264436,M. Ellertsson,Mikael Egill Ellertsson,"CM, LM, LB, CAM",69,23,11-03-2002,31,Serie A,110556,Genoa,Iceland,1,68,68,53,72,74,69,72,66,72,73,62,76,61,75,59,63,62,64,63,61,70,66,11,11,10,13,9
237335,G. Kastanos,Grigoris KastanosΓρηγόρης Κάστανος,"CAM, CM",72,27,30-01-1998,31,Serie A,206,Hellas Verona FC,Cyprus,1,67,67,51,74,75,72,76,74,74,67,66,74,66,56,61,55,70,71,70,48,62,58,8,6,7,8,7
277809,K. Sano,Kodai Sano佐野 航大,"CDM, LM, CM",71,21,25-09-2003,10,Eredivisie,1910,NEC Nijmegen,Japan,1,67,60,50,74,71,73,73,79,58,83,67,63,66,81,58,69,59,65,69,64,69,66,13,12,9,12,13
208448,E. Forsberg,Emil Peter Forsberg,"CAM, LM, CM",79,33,23-10-1991,39,Major League Soccer,689,New York Red Bulls,Sweden,3,81,73,44,83,81,77,84,65,63,71,78,71,56,65,59,41,77,82,77,35,27,33,13,7,9,15,11
237662,B. Lennon,Brooks Howard Lennon,"RB, RM",70,27,22-09-1997,39,Major League Soccer,112885,Atlanta United,United States,1,79,59,62,69,65,69,67,72,74,70,63,69,73,87,66,64,71,72,67,63,65,62,6,6,10,8,7
225659,G. Rodríguez,Guido Rodríguez,"CDM, CM",77,31,12-04-1994,13,Premier League,19,West Ham United,Argentina,3,59,43,74,77,72,75,75,47,43,47,77,80,74,67,76,76,68,73,71,77,79,78,12,11,14,16,6
273604,L. Rodríguez,Luciano Rodríguez Rosales,"RW, RM, ST",74,21,16-07-2003,350,Pro League,131798,NEOM SC,Uruguay,1,65,73,49,62,82,58,78,83,83,88,62,81,75,74,76,38,71,62,57,36,34,35,13,13,10,13,15
238050,C. Ejuke,Chidera Ejuke,"LM, RM, LW",78,27,02-01-1998,53,La Liga,481,Sevilla FC,Nigeria,1,72,67,37,74,82,66,80,91,89,92,74,77,66,74,61,33,70,71,70,30,46,38,14,7,6,7,11
264422,M. Abline,Matthis Abline,"ST, RW, RM",76,22,28-03-2003,16,Ligue 1,71,FC Nantes,France,1,71,75,68,69,83,53,79,83,90,84,72,77,79,81,67,35,78,75,76,35,22,18,13,14,12,12,9
253163,R. Araujo,Ronald Federico Araújo da Silva,"CB, RB",83,26,07-03-1999,53,La Liga,241,FC Barcelona,Uruguay,3,58,56,83,73,55,66,66,73,85,54,81,68,91,72,87,81,56,59,76,79,83,82,11,14,9,11,8
269305,R. Fellhauer,Robin Fellhauer,"CDM, CM",73,27,21-01-1998,19,Bundesliga,100409,FC Augsburg,Germany,1,66,55,62,72,69,67,70,72,86,67,71,74,74,90,70,71,64,65,72,69,73,71,13,10,11,8,9
241162,J. Paintsil,Joseph Martin Paintsil,"LM, RM, LW",76,27,01-02-1998,39,Major League Soccer,697,LA Galaxy,Ghana,1,71,73,51,70,82,55,74,92,89,93,74,69,76,77,70,34,73,69,71,35,28,37,15,10,8,6,14
207897,A. Jung,Anthony Jung,"CB, LB, LM",72,33,03-11-1991,19,Bundesliga,25,SC Freiburg,Germany,1,67,57,68,67,64,66,68,54,69,64,69,72,73,71,77,70,53,59,66,73,74,76,11,13,7,11,10
243241,A. Buongiorno,Alessandro Buongiorno,CB,82,26,06-06-1999,31,Serie A,48,Napoli,Italy,3,63,36,80,74,60,70,71,65,72,59,84,65,83,78,78,85,40,66,77,87,84,78,13,11,7,11,12
266039,Pubill,Marc Pubill Pagés,"RB, RM",73,22,20-06-2003,53,La Liga,240,Atlético Madrid,Spain,1,69,52,69,69,71,64,73,76,81,75,71,68,83,81,80,71,67,66,69,69,69,66,15,6,13,6,10
228408,C. Ronan,Connor Patrick Ronan,"CDM, CM",69,27,06-03-1998,39,Major League Soccer,694,Colorado Rapids,Republic of Ireland,1,62,66,38,74,70,69,74,69,66,76,63,69,53,81,58,64,65,71,65,68,67,60,14,11,16,11,9
240716,M. Olivera,Mathías Olivera Miramontes,LB,78,27,31-10-1997,31,Serie A,48,Napoli,Uruguay,1,76,50,68,73,73,69,76,69,71,65,79,56,72,78,67,79,64,62,68,78,78,75,14,14,12,13,15
201042,D. Sidibé,Djibril Sidibé,"CB, RB, RM",74,32,29-07-1992,16,Ligue 1,1809,Toulouse FC,France,1,67,51,69,74,67,66,68,62,63,58,75,63,74,68,75,75,68,65,72,79,76,72,10,16,9,12,7
247124,G. Mensah,Gideon Mensah,"LB, LM",74,26,18-07-1998,16,Ligue 1,57,AJ Auxerre,Ghana,1,71,54,63,71,72,63,71,77,76,72,70,67,71,79,57,69,66,54,63,66,70,74,8,14,8,11,7
255934,J. Onana,Jean Emile Junior Onana Onana,"CM, CDM",71,25,08-01-2000,31,Serie A,110556,Genoa,Cameroon,1,59,61,68,73,73,74,74,53,54,56,67,77,75,64,83,72,64,72,72,69,70,66,9,14,15,12,9
263377,L. Abada,Liel Abada,"RM, RW, LM",74,23,03-10-2001,39,Major League Soccer,114640,Charlotte FC,Israel,1,68,74,69,69,70,57,72,89,85,89,74,74,73,73,49,22,75,73,68,40,46,41,7,12,10,8,13
244717,A. Gallo,Antonino Gallo,"LB, LM",75,25,05-01-2000,31,Serie A,347,Lecce,Italy,1,75,48,65,72,69,64,72,77,79,71,74,59,74,80,62,74,67,65,61,68,69,71,5,12,8,8,11
237629,A. Maier,Arne Maier,"CM, RM, CDM, CAM",74,26,08-01-1999,19,Bundesliga,100409,FC Augsburg,Germany,1,70,59,49,76,74,75,77,66,65,68,74,75,68,77,77,70,73,76,74,70,70,67,14,10,10,8,7
264257,T. Noslin,Tijjani Noslin,"ST, RM, LM, RW",74,25,07-07-1999,31,Serie A,46,Lazio,Netherlands,1,72,74,74,67,78,59,78,79,77,77,68,78,82,59,69,42,72,65,77,35,42,39,10,12,6,11,12
244591,J. Bogle,Jayden Ian Bogle,"RB, RM",75,24,27-07-2000,13,Premier League,8,Leeds United,England,1,73,55,55,73,75,68,75,80,82,79,70,61,72,80,65,70,72,72,73,71,73,71,15,10,11,7,6
233125,M. Hartel,Marcel Hartel,"CM, CAM, LM",75,29,19-01-1996,39,Major League Soccer,113018,St. Louis CITY SC,Germany,1,65,70,53,77,79,75,78,74,71,84,75,72,59,92,47,59,72,79,69,31,44,34,14,15,8,10,12
216266,K. Tete,Kenny Joelle Tete,"RB, RM",77,29,09-10-1995,13,Premier League,144,Fulham FC,Netherlands,1,76,42,73,72,68,68,70,74,72,72,76,64,82,74,75,78,61,58,66,75,77,77,9,15,11,6,10
260574,L. Assignon,Lorenz Assignon,"RB, RM, RW",76,25,22-06-2000,19,Bundesliga,36,VfB Stuttgart,France,1,75,52,68,69,74,54,73,73,79,71,69,58,76,78,70,72,67,60,68,73,76,74,11,13,15,8,8
259816,A. Sima,Abdallah Dipo Sima,"LM, LW",74,24,17-06-2001,16,Ligue 1,64,RC Lens,Senegal,1,69,77,75,68,75,60,70,85,89,75,72,77,88,72,74,35,73,68,71,37,38,40,9,8,8,7,12
241436,C. Bassey,Calvin Bassey Ughelumba,CB,78,25,31-12-1999,13,Premier League,144,Fulham FC,Nigeria,1,68,36,75,71,69,60,66,75,86,67,77,65,82,86,88,76,57,55,70,79,78,76,9,7,5,8,7
272505,Endrick,Endrick Felipe Moreira de Sousa,"ST, RW",77,18,21-07-2006,53,La Liga,243,Real Madrid,Brazil,1,48,78,70,68,78,59,77,88,86,85,77,79,84,68,71,20,76,66,74,24,30,31,8,8,15,15,13
255876,A. Trezza,Alfonso Trezza Hernández,"RM, LM, ST, RW",71,26,22-06-1999,308,Primeira Liga,112513,FC Arouca,Uruguay,1,65,71,35,64,71,50,68,86,89,89,72,78,58,90,54,62,68,62,51,40,55,60,9,12,11,12,9
224189,Y. Barbet,Yoann Barbet,CB,70,32,10-05-1993,350,Pro League,113037,Al Riyadh,France,1,63,38,71,71,65,70,68,67,68,65,67,68,81,79,77,69,55,67,70,70,69,68,14,11,9,10,13
245992,B. Gilmour,Billy Clifford Gilmour,"CM, CDM",74,24,11-06-2001,31,Serie A,48,Napoli,Scotland,1,65,53,50,82,76,77,77,69,52,75,75,63,56,66,49,72,58,75,77,70,74,67,9,7,9,13,12
253444,A. Kalimuendo,Arnaud Kalimuendo Muinga,ST,78,23,20-01-2002,13,Premier League,14,Nottingham Forest,France,2,57,81,72,69,78,54,78,82,78,75,77,79,85,73,72,23,80,68,79,32,21,17,9,12,9,14,8
275208,G. Doué,Guéla Doué,"RB, CB, RM",77,22,17-10-2002,16,Ligue 1,76,RC Strasbourg Alsace,Côte d'Ivoire,1,71,41,73,76,72,72,76,65,77,65,77,62,81,76,79,76,61,68,75,72,76,75,11,14,11,14,9
237328,N. Tella,Nathan Adewale Temitayo Tella,"RM, ST, CAM, RW",78,25,05-07-1999,19,Bundesliga,32,Bayer 04 Leverkusen,Nigeria,1,74,77,58,74,82,65,79,85,81,85,66,80,69,78,52,41,78,74,73,55,41,30,9,6,8,12,6
74514,I. Bayesh,Ibrahim Bayesh Kamil Al Kaabawiإبراهيم بايش,"LM, RM, ST, LW",68,25,01-05-2000,350,Pro League,113037,Al Riyadh,Iraq,1,62,66,67,61,73,55,66,78,80,73,64,73,80,82,71,52,63,59,57,55,62,60,14,14,13,10,11
246803,D. Jones,DeJuan Lytelle Jones,"LB, LM, RM",71,28,24-06-1997,39,Major League Soccer,111928,San Jose Earthquakes,United States,1,68,58,68,68,68,68,68,80,84,85,68,65,75,77,76,63,64,63,62,66,66,65,8,10,14,8,12
267861,S. Castro,Santiago Tomás Castro,ST,76,20,18-09-2004,31,Serie A,189,Bologna,Argentina,1,65,76,78,68,75,56,76,80,78,77,75,79,85,60,67,39,76,59,69,30,38,40,14,13,9,12,11
242531,J. Kitolano,Joshua Gaston Kitolano,"CM, CDM",69,23,03-08-2001,10,Eredivisie,100646,Sparta Rotterdam,Norway,1,52,58,47,72,70,67,71,85,72,84,67,60,79,86,70,69,67,69,71,65,65,63,11,14,7,7,13
209781,P. Capelle,Pierrick Capelle,"CDM, CM",70,38,15-04-1987,16,Ligue 1,1530,Angers SCO,France,1,74,69,53,72,71,71,71,39,48,57,72,73,53,51,61,70,70,71,62,67,70,64,9,12,16,9,16
205192,Denis Suárez,Denis Suárez Fernández,"CM, LM, CAM, LW",74,31,06-01-1994,53,La Liga,463,Deportivo Alavés,Spain,1,75,69,49,78,74,77,77,60,50,71,76,74,54,51,54,67,73,77,74,69,65,49,10,14,10,7,7
204709,D. Rubio,Diego Iván Rubio Köstner,"ST, CAM",69,32,15-05-1993,39,Major League Soccer,114161,Austin FC,Chile,1,52,67,74,68,69,65,72,67,67,74,70,76,77,74,69,23,65,66,70,44,59,49,7,12,11,15,9
223671,S. Posch,Stefan Posch,"RB, RM",79,28,14-05-1997,31,Serie A,1745,Como,Austria,2,73,52,80,74,65,70,75,71,78,36,76,63,85,70,75,78,71,55,70,79,82,78,6,8,7,6,8
223978,Manu García,Manuel García Alonso,"CAM, CM, LM",74,27,02-01-1998,39,Major League Soccer,696,Sporting Kansas City,Spain,1,67,66,58,77,77,70,75,78,76,78,75,75,69,71,55,39,70,75,65,30,45,40,15,14,12,12,12
197948,F. Lejeune,Florian Grégoire Claude Lejeune,CB,78,34,20-05-1991,53,La Liga,480,Rayo Vallecano,France,1,51,52,76,78,62,76,73,50,48,52,77,83,80,66,83,80,50,55,76,78,78,77,11,15,15,12,7
253002,G. Raspadori,Giacomo Raspadori,"ST, CAM, LW",78,25,18-02-2000,53,La Liga,240,Atlético Madrid,Italy,2,56,79,69,80,85,66,84,83,74,80,79,76,75,60,55,26,81,76,80,24,23,21,13,14,7,7,9
258715,B. Hollerbach,Benedict Hollerbach,"ST, CAM, LM",77,24,17-05-2001,19,Bundesliga,169,1. FSV Mainz 05,Germany,1,64,79,64,74,80,61,78,87,84,83,77,78,82,92,71,25,79,68,73,24,24,22,10,14,6,13,9
259027,J. Chávez,Jhoanner Stalin Chávez Quintero,"LB, LM",72,23,25-04-2002,16,Ligue 1,64,RC Lens,Ecuador,1,70,58,59,71,73,59,72,85,85,73,69,71,76,75,64,66,70,65,70,63,71,66,15,13,9,14,8
244749,N. Aguerd,Nayef Aguerdنايف أكرد,CB,81,29,30-03-1996,16,Ligue 1,219,Olympique de Marseille,Morocco,3,48,40,81,78,60,76,75,65,78,54,80,69,84,72,78,82,52,68,74,82,83,80,7,15,9,14,6
246565,B. Diakité,Bafodé Diakité,CB,79,24,06-01-2001,13,Premier League,1943,AFC Bournemouth,France,1,67,41,84,73,68,65,74,66,77,69,78,62,86,78,79,77,64,59,76,77,81,80,7,10,8,13,5
269153,A. Gaaei,Anton Gaaei,"RB, RM",72,22,19-11-2002,10,Eredivisie,245,Ajax,Denmark,1,74,58,54,66,66,53,66,82,81,74,65,78,73,90,69,66,63,59,60,62,68,64,10,15,6,13,6
246683,L. Agoumé,Lucien Jefferson Agoume,"CDM, CM, CB",75,23,09-02-2002,53,La Liga,481,Sevilla FC,France,1,58,51,68,78,74,75,76,66,67,64,73,59,77,76,78,73,68,73,76,72,74,69,7,12,11,12,15
229558,D. Upamecano,Dayotchanculle Oswald Upamecano,CB,85,26,27-10-1998,19,Bundesliga,21,FC Bayern München,France,3,48,39,83,79,72,78,76,76,78,66,84,64,85,73,87,86,47,58,74,84,84,82,6,7,8,15,9
243134,L. Ramazani,Largie Ramazani,"LM, RM, ST, LW",74,24,27-02-2001,53,La Liga,461,Valencia CF,Belgium,1,70,71,61,71,75,61,73,90,89,90,70,71,77,69,60,35,72,65,73,50,34,30,7,10,13,5,11
213956,Adama Traoré,Adama Traoré Diarra,"RM, RW",76,29,25-01-1996,13,Premier League,144,Fulham FC,Spain,1,75,61,40,70,86,52,77,95,94,78,73,84,80,70,90,38,67,69,66,33,40,34,13,9,11,12,7
252313,M. Marin,Marius Mihai Marin,"CM, CDM",69,26,30-08-1998,31,Serie A,110738,Pisa,Romania,1,61,53,60,75,64,67,69,76,74,76,66,64,73,88,61,64,58,68,60,64,68,66,13,5,11,13,15
271807,E. Nwaneri,Ethan Chidiebere Nwaneri,"RW, CM, RM",76,18,21-03-2007,13,Premier League,1,Arsenal,England,1,78,71,42,74,79,70,77,80,83,80,74,72,58,66,51,52,73,75,76,47,55,43,14,11,8,12,9
224970,J. Dompé,Jean-Luc Mamadou Diarra Dompé,"LW, LM",75,29,12-08-1995,19,Bundesliga,28,Hamburger SV,France,1,78,70,36,70,80,67,76,84,72,90,69,80,57,78,50,39,72,75,75,31,44,42,11,7,9,11,12
204529,M. Batshuayi,Michy Batshuayi-Atunga,ST,77,31,02-10-1993,19,Bundesliga,1824,Eintracht Frankfurt,Belgium,2,65,79,72,69,75,48,75,73,75,75,76,85,85,62,81,29,79,64,77,37,31,22,9,10,16,7,15
276471,Altimira,Sergi Altimira Clavell,"CDM, CM",77,23,25-08-2001,53,La Liga,449,Real Betis Balompié,Spain,1,53,65,67,78,72,76,77,54,65,65,76,66,70,75,74,76,69,76,74,76,76,74,11,8,9,12,9
277252,S. Dahl,Samuel Elias Dahl,"LB, LM",73,22,04-03-2003,308,Primeira Liga,234,SL Benfica,Sweden,1,70,48,50,71,75,66,76,81,85,77,73,60,69,83,61,67,65,67,68,62,71,68,8,15,9,12,13
231236,M. Cafaro,Mathieu Cafaro,"LM, RM, LW",73,28,25-03-1997,16,Ligue 1,111817,Paris FC,France,1,71,65,47,70,75,68,72,79,69,83,70,72,64,80,59,48,68,69,68,44,50,45,6,10,11,10,10
241049,Gorosabel,Andoni Gorosabel Espinosa,"RB, RM",77,28,04-08-1996,53,La Liga,448,Athletic Club,Spain,1,75,41,70,75,73,70,75,77,78,69,76,52,77,70,66,75,67,67,68,73,76,74,8,6,10,10,15
73398,Rômulo,Rômulo José Cardoso da Cruz,"ST, LW, CAM",76,23,08-02-2002,19,Bundesliga,112172,RB Leipzig,Brazil,1,54,77,78,69,77,51,77,83,82,79,65,80,94,72,84,26,74,66,74,32,32,28,11,11,8,14,6
267702,K. Doumbia,Kamory Doumbia,"CAM, CM",74,22,18-02-2003,16,Ligue 1,378,Stade Brestois 29,Mali,1,63,66,55,74,77,71,76,69,68,82,72,72,58,70,48,59,73,75,74,54,60,59,9,10,14,10,9
272835,H. Picard,Hugo Picard,"LM, LW",71,22,09-05-2003,39,Major League Soccer,687,Columbus Crew,France,1,72,63,47,71,73,64,70,82,75,86,64,71,54,84,39,53,62,65,68,48,62,60,14,10,6,9,11
239580,Bremer,Gleison Bremer Silva Nascimento,CB,85,28,18-03-1997,31,Serie A,45,Juventus,Brazil,4,46,49,87,75,62,69,68,78,86,65,78,68,92,65,84,84,58,45,78,87,87,84,13,15,13,5,6
233968,L. Sernicola,Leonardo Sernicola,"LB, LM",73,28,30-03-1997,31,Serie A,111434,Cremonese,Italy,1,74,54,65,72,70,67,71,67,73,66,70,68,71,80,66,69,66,68,64,69,69,67,13,15,7,9,7
214092,A. Miranchuk,Aleksey MiranchukМиранчук Алексей Андреевич,"CAM, CM, LW",78,29,17-10-1995,39,Major League Soccer,112885,Atlanta United,Russia,1,72,74,62,81,83,78,82,75,67,79,75,68,71,71,60,36,77,76,78,22,28,29,8,8,9,12,15
205923,B. Davies,Benjamin Thomas Davies,CB,75,32,24-04-1993,13,Premier League,18,Tottenham Hotspur,Wales,2,71,58,73,76,70,75,74,54,53,61,78,65,72,54,70,77,60,64,76,77,78,77,11,7,6,7,14
234134,Flavio,Flávio Medeiros da Silva,"CM, CDM, CB",71,29,10-02-1996,350,Pro League,112393,Al Taawoun FC,Brazil,1,55,56,57,77,67,73,74,69,68,72,69,64,77,85,70,70,55,68,65,69,73,66,13,10,6,10,13
239770,N. Casale,Nicolò Casale,CB,75,27,14-02-1998,31,Serie A,189,Bologna,Italy,1,69,47,76,70,70,63,63,70,75,59,76,72,84,67,77,76,54,63,75,75,76,74,14,8,13,13,9
261050,Francisco Conceição,Francisco Fernandes da Conceição,"CAM, RM, RW, CM",79,22,14-12-2002,31,Serie A,45,Juventus,Portugal,1,74,69,40,78,85,71,83,88,87,93,79,72,55,69,40,31,76,74,72,34,42,38,9,6,7,15,14
203747,Héctor Bellerín,Héctor Bellerín Moruno,"RB, RM",74,30,19-03-1995,53,La Liga,449,Real Betis Balompié,Spain,3,75,52,58,72,75,59,75,77,79,72,74,52,69,71,57,72,67,66,70,68,72,72,8,14,14,13,12
231410,Brahim,Brahim Abdelkader Díazابراهيم عبد القادر دياز,"RM, LM, CAM, RW",82,25,03-08-1999,53,La Liga,243,Real Madrid,Morocco,3,76,76,30,83,84,76,85,83,82,88,80,73,60,69,58,33,79,82,79,40,23,21,13,9,13,10,6
247050,P. Šulc,Pavel Šulc,"CAM, LM, RM, CM",77,24,29-12-2000,16,Ligue 1,66,Olympique Lyonnais,Czechia,1,74,78,57,77,78,74,77,72,70,76,77,66,64,85,54,32,80,77,78,35,40,45,12,11,8,12,12
264238,Diego López,Diego López Noguerol,"LM, RM, LW",78,23,13-05-2002,53,La Liga,461,Valencia CF,Spain,1,74,80,59,75,77,68,78,80,81,76,77,72,72,75,60,35,80,75,63,41,30,30,14,15,13,14,12
231554,J. Justin,James Michael Justin,"RB, LB, LM",74,27,23-02-1998,13,Premier League,8,Leeds United,England,1,73,53,68,72,70,67,70,73,83,67,71,54,75,74,69,71,65,67,66,71,72,71,13,7,6,5,14
246172,S. Chukwueze,Samuel Chimerenka Chukwueze,"RM, RW",80,26,22-05-1999,13,Premier League,144,Fulham FC,Nigeria,1,76,75,44,77,86,66,82,91,86,85,77,78,66,62,58,33,78,76,72,40,32,33,13,7,9,7,6
223926,S. Bastien,Samuel Christopher Bastien,"CM, CDM",67,28,26-09-1996,10,Eredivisie,634,Fortuna Sittard,Congo DR,1,65,61,53,68,69,67,72,75,54,75,68,72,68,71,65,63,64,64,69,66,60,58,8,7,9,7,8
248808,A. Hickey,Aaron Buchanan Hickey,"RB, RM",74,23,10-06-2002,13,Premier League,1925,Brentford,Scotland,1,74,48,67,75,74,68,74,70,72,71,73,63,69,60,59,72,59,67,72,75,76,75,13,14,8,13,5
204060,T. Chery,Tjaronn Inteff Chefren Chery,"CAM, RM, CM",74,37,04-06-1988,10,Eredivisie,1910,NEC Nijmegen,Suriname,1,70,74,45,74,76,70,76,77,52,74,68,83,68,77,70,36,74,75,75,23,27,25,10,16,6,9,12
256856,Fali Candé,Fali Candé,CB,71,27,24-01-1998,31,Serie A,111974,Sassuolo,Guinea-Bissau,1,60,52,69,65,65,57,63,79,81,71,69,68,81,85,73,71,58,56,70,72,72,67,9,12,9,13,8
231838,M. Wöber,Maximilian Wöber,"CB, LB",75,27,04-02-1998,19,Bundesliga,38,SV Werder Bremen,Austria,1,63,41,75,71,63,69,67,62,65,60,74,69,73,67,79,74,56,60,67,75,75,75,13,13,14,14,8
263893,A. Sâyoud,Amir Sayoudأمير سعيود,"RM, ST, CAM, RW",75,34,30-09-1990,350,Pro League,113222,Al Hazem FC,Algeria,1,68,72,62,73,83,69,78,80,75,87,67,75,74,75,62,27,71,72,69,33,27,28,8,13,12,10,10
259306,F. Rieder,Fabian Rieder,"CAM, CM, RM",74,23,16-02-2002,19,Bundesliga,100409,FC Augsburg,Switzerland,1,54,70,38,75,74,74,75,75,73,79,67,73,58,75,59,54,69,79,74,45,59,53,13,9,12,13,11
262138,C. Lukeba,Castello Junior Lukeba,"CB, LB",80,22,17-12-2002,19,Bundesliga,112172,RB Leipzig,France,2,59,41,81,76,73,75,74,73,71,70,79,55,88,65,78,80,46,72,80,80,85,77,8,10,14,11,13
235022,N. Schmidt,Niklas Uwe Schmidt,"CM, CAM, CDM",72,27,01-03-1998,16,Ligue 1,1809,Toulouse FC,Germany,1,73,64,48,75,76,72,77,50,59,62,70,82,62,60,78,55,65,75,65,59,67,65,6,11,14,7,10
220196,D. Brooks,David Robert Brooks,"RM, RW",75,27,08-07-1997,13,Premier League,1943,AFC Bournemouth,Wales,1,76,70,59,75,78,68,77,69,71,73,75,68,65,57,57,43,73,76,75,47,49,44,8,14,9,13,7
226385,C. Espinoza,Cristian Omar Espinoza,"RM, RW",75,30,03-04-1995,39,Major League Soccer,111928,San Jose Earthquakes,Argentina,1,76,67,45,71,78,66,71,80,84,81,70,74,66,86,61,38,73,72,70,50,39,36,16,8,12,7,8
272978,J. Hato,Jorrel Hato,"LB, CB",78,19,07-03-2006,13,Premier League,5,Chelsea,Netherlands,1,66,39,69,79,70,74,78,87,84,76,79,55,91,69,73,77,61,67,78,74,77,73,8,5,5,13,9
264579,F. Potts,Freddie Potts,"CDM, CM",70,21,12-09-2003,13,Premier League,19,West Ham United,England,1,65,54,60,72,67,69,71,67,65,75,69,60,69,78,67,67,54,69,69,65,68,66,10,12,14,14,10
242835,L. Balerdi,Leonardo Julián Balerdi Rossa,CB,81,26,26-01-1999,16,Ligue 1,219,Olympique de Marseille,Argentina,3,42,34,77,77,66,81,77,69,83,62,75,64,85,69,81,82,48,70,76,84,82,79,6,8,15,15,14
248474,T. Anjorin,Faustino Adebola Rasheed Anjorin,"CM, CAM",68,23,23-11-2001,31,Serie A,54,Torino,England,1,62,67,50,70,75,66,72,73,76,74,65,72,71,67,73,61,66,68,69,44,65,57,11,14,15,7,9
228774,V. Marchetti,Vincent Marchetti,"CM, CDM, CB",70,27,04-07-1997,16,Ligue 1,111817,Paris FC,France,1,62,53,62,74,67,71,71,64,59,76,71,63,70,77,70,67,62,68,68,66,70,68,12,10,10,15,9
245290,Dela,Adrián de la Fuente Barquilla,"CB, RB",72,26,26-02-1999,53,La Liga,1853,Levante UD,Spain,1,61,52,71,65,60,69,67,69,74,62,69,77,79,75,72,71,53,59,65,75,72,71,15,6,7,10,6
232008,Toni Lato,Antonio Latorre Grueso,"LB, LM",73,27,21-11-1997,53,La Liga,453,RCD Mallorca,Spain,1,77,55,60,73,70,72,72,76,76,73,70,64,70,65,56,67,68,65,64,68,70,71,7,10,13,9,9
231753,J. Livolant,Jérémy Livolant,"RW, LW, CAM, RM",70,27,09-01-1998,308,Primeira Liga,114510,Casa Pia,France,1,64,67,50,66,71,60,71,83,80,81,59,69,73,74,69,54,70,65,62,51,62,60,6,11,5,9,9
241026,T. Chancalay,Tomás Alejandro Chancalay,"LM, RM, LW",73,26,01-01-1999,39,Major League Soccer,691,New England Revolution,Argentina,1,69,70,57,70,76,69,75,83,83,85,66,78,72,72,59,42,68,65,70,30,42,38,10,8,8,7,8
255460,J. Ondrejka,Jacob Axel Per Ondrejka,"LM, LW",73,22,02-09-2002,31,Serie A,50,Parma,Sweden,1,71,74,46,72,76,67,73,79,77,80,68,72,63,58,56,46,73,70,62,45,47,43,8,14,14,10,9
220422,M. Hamzi,Mansour Hamziمنصور حمزي,"CDM, CM, RM, RW",68,33,17-01-1992,350,Pro League,112883,Al Khaleej,Saudi Arabia,1,56,66,56,69,70,67,69,81,81,82,71,64,81,84,63,66,68,65,63,56,68,62,12,7,14,13,12
229667,Josan,José Antonio Ferrández Pomares,"RM, RB, RW",72,35,03-12-1989,53,La Liga,468,Elche CF,Spain,1,66,70,62,71,75,62,72,79,80,76,70,70,59,61,32,66,73,65,66,64,71,68,7,11,6,12,12
251845,A. Francis,Abu Francis,"CM, CDM",68,24,27-04-2001,16,Ligue 1,1809,Toulouse FC,Ghana,1,54,66,60,72,69,65,73,72,72,74,65,72,75,66,71,64,66,70,68,61,66,65,10,12,5,13,5
227278,G. Berggren,Karl Gustav Vilhelm Berggren,CM,72,27,07-09-1997,39,Major League Soccer,689,New York Red Bulls,Sweden,1,62,57,57,73,70,72,70,61,57,68,72,62,72,87,79,72,65,72,65,68,70,64,6,14,10,9,11
260076,P. Koopmeiners,Peer Koopmeiners,"CDM, CM",74,25,04-05-2000,10,Eredivisie,1906,AZ Alkmaar,Netherlands,1,73,38,66,74,63,73,69,60,71,64,73,70,74,84,76,72,52,70,74,71,73,67,8,6,8,7,11
243222,B. Slisz,Bartosz Slisz,"CDM, CM",73,26,29-03-1999,39,Major League Soccer,112885,Atlanta United,Poland,1,54,56,63,76,68,71,74,71,71,66,71,52,73,91,67,73,65,69,73,69,67,66,14,5,12,8,5
252448,J. Leweling,Jamie Leweling,"RM, RW, LM",75,24,26-02-2001,19,Bundesliga,36,VfB Stuttgart,Germany,1,72,69,59,72,80,53,78,81,84,78,73,84,80,73,76,42,75,62,67,50,46,30,6,11,10,14,9
81231,M. Šín,Matěj Šín,"CAM, RM, CM",74,21,02-06-2004,10,Eredivisie,1906,AZ Alkmaar,Czechia,1,69,68,50,75,76,71,77,70,72,80,74,63,68,77,71,50,71,75,73,51,52,53,9,6,11,14,9
266596,J. Fazzini,Jacopo Fazzini,"CAM, CM",72,22,16-03-2003,31,Serie A,110374,Fiorentina,Italy,1,67,68,54,76,75,72,77,70,66,73,70,73,59,73,52,66,72,69,68,57,61,58,9,5,11,14,12
229743,A. Deiola,Alessandro Deiola,"CM, CDM",68,29,01-08-1995,31,Serie A,1842,Cagliari,Italy,1,54,62,69,69,64,67,67,53,53,64,70,78,73,70,76,73,74,64,64,68,72,67,13,10,9,12,8
243854,M. Simakan,Mohamed Simakan,"CB, RB",81,25,03-05-2000,350,Pro League,112139,Al Nassr,France,2,60,39,80,74,67,70,71,74,78,64,78,61,89,79,83,82,54,63,76,80,85,77,8,6,6,11,15
229286,T. Skarke,Tim Skarke,"ST, RM, CAM",73,28,07-09-1996,19,Bundesliga,1831,1. FC Union Berlin,Germany,1,68,73,52,67,75,56,74,86,87,78,72,85,74,71,68,47,73,58,67,45,49,43,7,14,11,13,8
258015,F. Ioannidis,Fotis IoannidisΦώτης Ιωαννίδης,ST,77,25,10-01-2000,308,Primeira Liga,237,Sporting CP,Greece,1,50,79,75,70,78,59,79,76,78,75,73,75,86,75,79,34,78,65,78,25,35,30,6,13,10,5,5
190460,C. Eriksen,Christian Dannemann Eriksen,"CM, CDM, CAM",76,33,14-02-1992,19,Bundesliga,175,VfL Wolfsburg,Denmark,3,82,70,49,82,76,83,80,52,45,59,79,79,49,53,49,53,75,81,79,54,60,35,9,14,7,7,6
239614,Areso,Jesús Areso Blanco,"RB, RM",76,25,02-07-1999,53,La Liga,448,Athletic Club,Spain,1,77,40,68,75,68,67,76,77,76,78,74,58,79,82,71,69,65,65,65,70,75,73,7,10,13,12,14
244238,J. Bijol,Jaka Bijol,CB,77,26,05-02-1999,13,Premier League,8,Leeds United,Slovenia,1,50,57,80,75,60,74,67,63,64,53,74,71,85,79,81,78,53,66,70,79,75,74,13,7,12,10,13
256548,M. Grüll,Marco Grüll,"LM, ST, CAM, LW",75,26,06-07-1998,19,Bundesliga,38,SV Werder Bremen,Austria,1,69,76,54,69,77,65,75,84,74,77,73,76,76,75,72,29,73,72,69,46,28,30,7,9,11,10,9
245541,G. Reyna,Giovanni Alejandro Reyna,"RM, CAM, LM, RW",75,22,13-11-2002,19,Bundesliga,23,Borussia Mönchengladbach,United States,2,70,71,49,75,82,66,79,71,63,81,74,78,69,65,74,39,72,75,75,36,37,37,10,13,14,12,7
266609,T. Iroegbunam,Timothy Emeka Iroegbunam,"CDM, CM",74,22,30-06-2003,13,Premier League,7,Everton,England,1,56,57,68,75,76,72,73,66,65,64,72,68,74,71,72,75,65,70,70,69,74,70,13,12,6,12,6
232080,J. Harrison,Jack David Harrison,"RM, RW",74,28,20-11-1996,13,Premier League,8,Leeds United,England,1,77,66,45,72,74,57,75,74,77,79,73,76,63,76,62,44,72,75,72,60,39,39,11,8,10,6,11
259031,L. Delap,Liam Rory Delap,ST,78,22,08-02-2003,13,Premier League,5,Chelsea,England,1,55,80,73,69,78,50,78,76,81,70,77,85,88,70,84,22,79,59,77,29,25,23,8,9,10,11,10
245211,J. Teze,Jordan Teze,"RB, RM",76,25,30-09-1999,16,Ligue 1,69,AS Monaco,Netherlands,1,75,46,74,73,66,74,70,75,78,70,73,62,78,72,80,75,57,65,76,76,76,75,12,5,14,7,10
248564,Z. Aboukhlal,Zakaria Aboukhlalزكرياء أبو خلال,"CAM, RW, CM",74,25,18-02-2000,31,Serie A,54,Torino,Morocco,1,66,75,49,73,76,63,73,84,81,83,71,74,73,87,72,20,72,73,68,53,44,34,10,6,10,5,12
260407,E. Wahi,Sepe Elye Wahi,ST,75,22,02-01-2003,19,Bundesliga,1824,Eintracht Frankfurt,France,2,64,75,67,72,78,60,77,83,85,80,74,79,81,61,71,28,74,66,70,25,29,23,13,7,5,12,14
248384,I. Gruev,Ilia Iliev GruevИлия Илиев Груев,"CDM, CM",74,25,06-05-2000,13,Premier League,8,Leeds United,Bulgaria,1,63,52,59,77,70,73,74,61,71,63,73,57,66,78,66,71,58,70,74,71,71,73,9,13,9,5,11
270409,Savinho,Sávio Moreira de Oliveira,"RW, LW, RM",82,21,10-04-2004,13,Premier League,10,Manchester City,Brazil,3,83,74,45,81,87,70,85,89,85,90,79,70,62,73,45,25,79,81,85,26,30,36,9,12,8,9,12
229453,Gil Dias,Gil Bastião Dias,"RM, RW, RB",70,28,28-09-1996,308,Primeira Liga,112809,Famalicão,Portugal,1,67,63,57,70,72,60,72,75,69,74,70,66,70,71,64,66,63,66,67,62,62,61,5,6,14,7,13
206436,Y. Benzia,Yassine Benzia,"CAM, CM",72,30,08-09-1994,350,Pro League,113057,Al Fayha,Algeria,1,68,71,61,73,75,70,72,68,64,77,71,71,65,63,55,57,72,76,74,33,46,38,6,9,14,13,9
256890,C. Bozdoğan,Can Bozdoğan,"CM, CDM",67,24,05-04-2001,10,Eredivisie,1903,FC Utrecht,Germany,1,64,62,49,69,72,66,72,74,53,82,65,79,56,75,63,68,55,65,64,59,64,61,11,7,8,8,7
232081,R. Laryea,Richmond Mamah Laryea,"RM, RB, LM",72,30,07-01-1995,39,Major League Soccer,111651,Toronto FC,Canada,1,65,60,51,69,76,62,71,79,83,80,66,70,70,81,65,63,70,64,75,65,68,64,8,8,9,12,12
215247,M. Ingvartsen,Marcus Højriis Ingvartsen,ST,74,29,04-01-1996,39,Major League Soccer,131439,San Diego FC,Denmark,1,63,77,69,72,73,50,75,68,57,68,75,78,76,82,74,30,75,72,72,35,38,30,12,13,10,14,7
208596,A. Belotti,Andrea Belotti,ST,77,31,20-12-1993,31,Serie A,1842,Cagliari,Italy,3,42,78,83,68,74,48,74,66,70,72,79,79,88,72,81,31,84,61,81,44,23,32,13,7,12,14,7
264194,J. Castrop,Jens Castrop,"CM, CAM",70,21,29-07-2003,19,Bundesliga,23,Borussia Mönchengladbach,Korea Republic,1,57,57,49,73,72,69,73,79,80,88,71,54,64,79,57,66,63,69,60,59,65,67,11,14,14,8,12
261654,O. El Hilali,Omar El Hilaliعمر الهلالي,"RB, CB, RM",77,21,12-09-2003,53,La Liga,452,RCD Espanyol,Morocco,1,70,35,72,71,68,69,71,85,85,73,73,55,86,80,73,73,52,66,63,73,74,77,10,13,10,13,14
252442,E. Delprato,Enrico Delprato,"RB, CB, RM",75,25,10-11-1999,31,Serie A,50,Parma,Italy,1,70,49,64,65,69,63,74,77,84,59,70,64,76,85,69,70,61,58,61,73,74,72,7,12,9,12,6
238504,A. Bassi,Amine Bassiأمين باسي,"CAM, ST, CM",70,27,27-11-1997,39,Major League Soccer,698,Houston Dynamo,Morocco,1,65,69,59,73,72,63,71,72,67,78,68,70,70,71,63,48,64,73,69,41,51,51,7,13,5,9,14
250858,P. Ciss,Pathé Ismaël Ciss,"CDM, CM, CB",77,31,16-03-1994,53,La Liga,480,Rayo Vallecano,Senegal,1,52,55,80,75,62,74,72,64,62,60,76,73,88,87,88,76,64,65,65,75,76,74,13,5,11,14,13
234239,G. Hein,Gauthier Hein,"CAM, ST, RM, CM",76,28,07-08-1996,16,Ligue 1,68,FC Metz,France,1,70,74,38,76,78,73,76,78,76,92,69,81,53,74,46,40,75,75,73,33,35,33,13,7,5,9,15
208137,Lucas Torró,Lucas Torró Marset,"CDM, CM",78,30,19-07-1994,53,La Liga,479,CA Osasuna,Spain,1,52,59,75,80,64,78,78,46,34,63,74,73,73,78,75,75,59,69,69,74,79,76,13,14,7,12,16
259377,Yeremy Pino,Yéremy Jesús Pino Santos,"RM, LM, LW, RW",80,22,20-10-2002,13,Premier League,1799,Crystal Palace,Spain,2,79,76,46,81,82,76,81,78,77,80,78,73,58,69,45,29,81,78,68,31,48,41,9,7,14,6,9
244797,P. Musa,Petar Musa,ST,76,27,04-03-1998,39,Major League Soccer,695,FC Dallas,Croatia,1,49,78,73,69,70,56,74,81,83,66,77,79,84,76,86,38,74,65,76,34,41,31,15,11,10,10,6
264516,B. Hlongwane,Bongokuhle Hlongwane,"RB, RM, RW",71,25,20-06-2000,39,Major League Soccer,111138,Minnesota United FC,South Africa,1,65,69,63,66,73,45,72,79,81,67,69,72,79,79,72,62,70,64,66,68,69,62,8,13,11,14,10
271800,Y. Minteh,Yankuba Minteh,"RM, RW",77,20,22-07-2004,13,Premier League,1808,Brighton & Hove Albion,Gambia,1,73,75,40,69,81,57,79,94,94,92,73,67,60,70,47,54,76,69,70,58,60,49,9,8,7,11,8
270109,Martim Neto,Martim Carvalho Neto,"CM, CDM, CAM",70,22,14-01-2003,53,La Liga,468,Elche CF,Portugal,1,63,66,49,71,75,69,74,77,76,78,70,76,66,75,63,63,65,71,66,61,65,55,12,15,13,6,6
265800,Ferran Jutglà,Ferran Jutglà Blanch,ST,75,26,01-02-1999,53,La Liga,450,RC Celta,Spain,1,65,74,67,69,75,54,77,79,73,79,76,78,83,74,79,21,77,65,77,22,29,25,6,8,8,8,8
234569,Florentino,Florentino Ibrain Morris Luís,"CDM, CM, CB",80,25,19-08-1999,13,Premier League,1796,Burnley,Portugal,1,41,35,67,77,72,76,74,55,55,73,76,65,73,85,78,84,67,69,75,81,82,81,6,14,14,10,14
275291,N. Pisilli,Niccolò Pisilli,"CM, CAM",72,20,23-09-2004,31,Serie A,52,Roma,Italy,1,61,65,65,77,74,71,76,70,65,56,76,75,67,62,55,72,68,65,74,65,72,71,7,6,10,15,9
221797,E. Thommy,Erik Thommy,"CAM, RW, CM",73,30,20-08-1994,39,Major League Soccer,696,Sporting Kansas City,Germany,1,73,66,49,75,73,69,72,76,77,80,73,73,60,64,52,61,71,72,70,28,64,49,6,11,16,8,15
71532,K. Smit,Kees Smit,"CAM, CM, RM",72,19,20-01-2006,10,Eredivisie,1906,AZ Alkmaar,Netherlands,1,65,59,52,75,79,71,77,69,54,77,69,62,64,75,64,62,66,74,74,60,61,60,9,9,10,12,7
251547,D. Schnegg,David Schnegg,"LB, LM",71,26,29-09-1998,39,Major League Soccer,688,DC United,Austria,1,67,51,55,64,69,63,67,75,75,67,67,66,77,82,79,68,58,66,66,70,69,70,6,5,15,12,10
251570,R. Cherki,Mathis Rayan Cherki,"RW, RM, CAM",81,21,17-08-2003,13,Premier League,10,Manchester City,France,3,76,75,28,82,91,76,88,75,75,81,78,80,59,68,67,22,73,86,86,19,23,15,7,14,6,8,8
242374,M. Barrow,Musa Barrow,"ST, LM, LW, CAM",78,26,14-11-1998,350,Pro League,112393,Al Taawoun FC,Gambia,1,66,78,65,75,79,61,78,82,88,78,78,86,79,75,70,20,78,73,70,45,20,16,8,6,14,14,12
245741,J. Lindstrøm,Jesper Grænge Lindstrøm,"RM, LM, RW",75,25,29-02-2000,19,Bundesliga,175,VfL Wolfsburg,Denmark,2,74,70,44,70,77,67,77,84,80,76,70,75,60,68,51,40,72,75,70,46,44,39,11,12,14,13,8
180216,S. Coleman,Séamus Coleman,"RB, RM",70,36,11-10-1988,13,Premier League,7,Everton,Republic of Ireland,1,73,61,65,73,70,68,71,49,52,62,73,74,65,35,67,73,69,69,75,74,76,75,5,15,10,13,7
239367,R. Hack,Robin Hack,"LM, LW, ST",77,26,27-08-1998,19,Bundesliga,23,Borussia Mönchengladbach,Germany,1,71,78,49,74,80,64,80,84,73,87,72,77,67,85,58,29,78,68,68,33,31,29,8,9,9,10,9
240947,T. Mitchell,Tyrick Kwon Mitchell,"LB, LM",78,25,01-09-1999,13,Premier League,1799,Crystal Palace,England,1,78,41,56,67,72,62,75,74,75,76,76,42,69,85,61,78,70,71,69,78,80,77,9,12,14,8,14
240953,N. Tenaglia,Facundo Nahuel Tenaglia,"RB, CB",76,29,21-02-1996,53,La Liga,463,Deportivo Alavés,Argentina,1,68,37,73,70,75,61,74,68,69,72,75,47,80,80,75,77,70,68,76,79,76,75,12,7,9,8,8
262236,A. Richardson,Michael Amir Junior Richardsonمايكل أمير ريتشاردسون,"CM, CDM",72,23,24-01-2002,31,Serie A,110374,Fiorentina,Morocco,1,54,63,58,75,74,71,74,63,81,67,71,72,69,66,71,71,69,73,72,66,70,63,12,11,12,5,10
261313,K. Lund,Kristoffer Lund Hansen,"LB, LM",71,23,14-05-2002,19,Bundesliga,31,1. FC Köln,United States,1,64,50,59,70,65,63,65,82,91,76,68,60,74,87,63,64,62,63,60,62,65,63,14,15,7,11,14
70344,A. Boiro,Adama Boiro Boiro,"LB, LM",73,23,22-06-2002,53,La Liga,448,Athletic Club,Senegal,1,69,57,65,71,70,61,71,76,75,71,68,70,80,76,75,69,65,56,57,70,71,69,12,9,12,12,7
199386,B. Linssen,Bryan Linssen,"ST, CAM",69,34,08-10-1990,10,Eredivisie,1910,NEC Nijmegen,Netherlands,1,69,68,76,69,68,67,72,71,53,71,65,72,81,74,62,44,74,66,72,39,43,41,7,16,6,11,11
258536,Cedric Teguia,Cédric Wilfried Teguia Noubi,"RM, LM, LW, RW",69,23,01-10-2001,308,Primeira Liga,1900,Moreirense FC,Spain,1,67,62,62,62,73,56,70,85,82,81,60,76,84,76,77,59,70,56,64,49,51,54,6,10,7,5,7
231936,B. White,Benjamin William White,RB,83,27,08-10-1997,13,Premier League,1,Arsenal,England,3,77,30,78,80,74,79,79,68,71,68,84,53,82,78,77,84,59,76,81,83,84,82,8,11,12,5,6
230681,G. Pezzella,Giuseppe Pezzella,"LM, LB",71,27,29-11-1997,31,Serie A,111434,Cremonese,Italy,1,75,61,65,72,71,67,70,67,69,62,74,73,71,80,67,66,69,60,63,66,72,67,11,14,6,7,13
251223,R. Pepi,Ricardo Daniel Pepi,ST,76,22,09-01-2003,10,Eredivisie,247,PSV,United States,1,47,83,74,69,72,61,73,74,72,69,72,79,75,77,74,48,80,58,68,44,40,34,11,14,9,10,10
223633,L. Paçarada,Leart Shukri Paqarada,"LB, LM",72,30,08-10-1994,19,Bundesliga,111235,1. FC Heidenheim 1846,Kosovo,1,78,36,57,73,72,70,72,74,64,73,72,68,71,84,66,66,53,68,66,64,69,67,10,9,11,7,15
246423,L. Orellano,Luca Nicolás Orellano,"LM, RW, RM, LW",73,25,22-03-2000,39,Major League Soccer,113149,FC Cincinnati,Argentina,1,69,67,49,66,78,55,77,91,91,90,66,82,68,73,56,32,67,62,68,37,35,39,10,13,7,13,11
214947,J. Gbamin,Jean-Philippe Gbamin,"CDM, CB, CM",68,29,25-09-1995,16,Ligue 1,68,FC Metz,Côte d'Ivoire,1,68,48,68,67,65,68,68,65,73,64,64,76,78,56,80,67,67,66,69,68,69,65,11,13,8,14,10
238009,M. Frese,Martin Sønder Frese,"LB, CB, LM",69,27,04-01-1998,31,Serie A,206,Hellas Verona FC,Denmark,1,68,60,55,68,67,64,73,75,79,75,65,74,70,66,65,65,68,68,65,65,65,64,9,10,12,7,10
263882,A. Fadera,Alieu Fadera,"LM, LW",71,23,03-11-2001,31,Serie A,111974,Sassuolo,Gambia,1,66,64,53,67,77,58,76,80,83,83,64,70,71,70,67,49,63,65,69,58,65,57,9,11,10,11,15
224980,M. Busch,Marnon-Thomas Busch,"RB, CB, LB, RM",72,30,08-12-1994,19,Bundesliga,111235,1. FC Heidenheim 1846,Germany,1,73,44,57,69,70,55,69,84,85,72,68,75,79,73,74,64,57,50,65,65,70,68,9,6,14,16,7
222959,S. Moreo,Stefano Moreo,"CAM, ST, CM",71,32,30-06-1993,31,Serie A,110738,Pisa,Italy,1,58,70,72,72,70,62,74,69,83,69,70,74,85,84,84,46,72,71,70,40,51,33,13,7,10,13,10
203263,H. Maguire,Jacob Harry Maguire,CB,80,32,05-03-1993,13,Premier League,11,Manchester United,England,3,51,48,84,79,68,82,71,37,34,33,78,82,80,66,89,82,61,69,79,80,80,75,14,16,9,14,9
240223,M. Ristić,Mihailo RistićМихаило Ристић,"LB, LM",73,29,31-10-1995,53,La Liga,450,RC Celta,Serbia,1,74,58,64,70,74,62,75,72,73,65,69,84,73,77,66,68,67,59,67,66,69,70,7,8,8,14,5
245855,D. Chambost,Dylan Chambost,"CM, CAM",70,27,19-08-1997,39,Major League Soccer,687,Columbus Crew,France,1,68,65,58,73,68,71,71,67,59,73,67,68,68,75,68,63,69,73,69,57,59,53,11,11,8,11,10
225669,K. Ehizibue,Kingsley Osezele Ehizibue,"RB, RM",73,30,25-05-1995,31,Serie A,55,Udinese,Nigeria,1,70,54,67,68,70,66,70,87,89,66,68,70,83,77,72,66,64,62,66,64,68,67,13,10,7,11,11
250789,D. Bakwa,Dilane Bakwa,"RM, RW",78,22,26-08-2002,13,Premier League,14,Nottingham Forest,France,1,74,72,44,75,82,64,80,90,86,84,75,74,70,74,69,35,73,76,79,27,26,28,7,12,15,6,5
268462,D. Boloca,Daniel Boloca,"CM, CDM",74,26,22-12-1998,31,Serie A,111974,Sassuolo,Romania,1,57,58,52,78,74,74,79,58,60,70,72,68,65,87,74,68,62,74,70,68,69,66,7,14,9,12,5
236723,F. Ballo-Touré,Fodé Ballo-Touré,"LB, LM",72,28,03-01-1997,16,Ligue 1,68,FC Metz,Senegal,1,72,49,59,72,73,64,73,86,77,70,71,56,78,52,70,69,64,64,63,68,72,70,14,14,7,11,8
221370,M. Al Buraik,Mohammed Ibrahim Mohammed Al Buraykمحمد البريك,"LB, RB, LM",70,32,15-09-1992,350,Pro League,131798,NEOM SC,Saudi Arabia,1,75,54,54,73,68,70,74,66,75,65,65,64,71,75,63,65,74,74,68,63,65,66,10,9,10,7,9
239818,Rúben Dias,Rúben dos Santos Gato Alves Dias,CB,86,28,14-05-1997,13,Premier League,10,Manchester City,Portugal,4,54,29,85,81,64,79,75,55,62,62,86,74,85,71,89,86,39,64,85,87,87,85,7,8,13,7,12
260558,R. Khadra,Reda Jousef Khadra,"CAM, LM, ST, CM",72,23,04-07-2001,16,Ligue 1,1738,Le Havre AC,Germany,1,66,66,56,69,76,63,73,87,84,86,70,70,76,50,67,41,70,69,73,45,54,42,10,14,8,9,12
259565,Y. Bonny,Ange-Yoan Bonny,"ST, CAM",76,21,25-10-2003,31,Serie A,44,Inter,France,1,64,77,70,72,79,61,76,83,91,80,70,75,85,71,78,23,75,68,71,34,27,23,13,14,11,14,9
200724,Nacho Fernández,José Ignacio Fernández Iglesias,"CB, LB, RB, LM",82,35,18-01-1990,350,Pro League,112391,Al Qadsiah FC,Spain,3,70,32,79,82,64,67,79,67,77,65,81,54,83,79,79,82,37,53,75,82,83,81,12,7,10,15,7
232580,Gabriel,Gabriel dos Santos Magalhães,CB,88,27,19-12-1997,13,Premier League,1,Arsenal,Brazil,4,42,37,90,79,64,76,71,61,67,51,88,62,88,71,89,87,52,63,79,89,88,87,12,8,13,10,7
199845,F. Acerbi,Francesco Acerbi,CB,84,37,10-02-1988,31,Serie A,44,Inter,Italy,3,34,37,84,79,65,82,72,61,54,39,88,75,85,73,84,88,20,65,86,89,87,82,11,9,9,13,11
258984,D. van den Berg,Dave Johannes Andreas van den Berg,"CM, CDM",67,25,04-02-2000,10,Eredivisie,1903,FC Utrecht,Netherlands,1,60,57,57,70,66,68,68,73,54,69,58,82,66,90,74,63,60,65,60,59,59,63,11,14,5,10,13
224221,J. Andersen,Joachim Christian Andersen,CB,78,29,31-05-1996,13,Premier League,144,Fulham FC,Denmark,2,54,51,77,77,66,86,68,36,42,47,78,75,70,70,87,79,45,69,78,79,78,78,13,7,9,15,14
244193,Jovane Cabral,Jovane Eduardo Borges Cabral,"LW, ST, CM, LM",70,27,14-06-1998,308,Primeira Liga,718,Estrela da Amadora,Cabo Verde,1,68,66,57,67,73,66,72,78,76,76,66,80,77,62,74,37,66,67,60,37,35,28,12,6,9,15,8
238126,Guridi,Jon Guridi Aldalur,"CAM, CM",74,30,28-02-1995,53,La Liga,463,Deportivo Alavés,Spain,1,62,72,60,78,78,76,76,61,60,69,73,66,63,58,57,71,72,73,69,59,72,58,12,8,9,11,13
243558,Óscar Valentín,Óscar Valentín Martín Luengo,"CDM, CM",78,30,20-08-1994,53,La Liga,480,Rayo Vallecano,Spain,1,54,35,63,77,64,73,74,64,64,63,76,72,72,82,71,78,65,69,70,76,79,78,11,8,13,10,8
254310,Francés,Alejandro Francés Torrijo,"CB, RB, LB, RM",75,22,01-08-2002,53,La Liga,110062,Girona FC,Spain,1,72,44,73,72,64,69,68,77,73,72,74,54,86,78,76,75,61,62,67,75,75,73,14,12,9,6,7
246688,S. Abdulhamid,Saud Abdullah Abdul Hamidسعود عبدالحميد,"RB, RM",75,25,18-07-1999,16,Ligue 1,64,RC Lens,Saudi Arabia,1,75,41,61,69,72,66,66,86,86,82,70,53,70,80,64,71,70,59,64,67,73,70,5,9,6,12,14
201143,A. Mandi,Aïssa Mandiعيسى ماندي,"CB, RB",75,33,22-10-1991,16,Ligue 1,65,Lille OSC,Algeria,1,69,41,77,76,64,75,71,59,55,66,75,52,82,60,78,75,65,68,74,75,76,73,15,16,9,10,14
224185,C. Leemans,Clint Leemans,"CM, CAM",68,29,15-09-1995,10,Eredivisie,1904,NAC Breda,Netherlands,1,71,67,57,71,66,72,72,51,42,52,64,81,66,76,75,59,62,67,73,56,57,55,12,12,14,14,13
212170,M. Desler,Mikkel Desler,"RB, RM",73,30,19-02-1995,39,Major League Soccer,114161,Austin FC,Denmark,1,72,61,58,73,69,63,71,76,66,68,68,59,71,89,60,66,69,64,68,69,70,68,6,10,9,6,7
241629,Rogério,Rogério Oliveira da Silva,"LB, LM",73,27,13-01-1998,19,Bundesliga,175,VfL Wolfsburg,Brazil,1,73,45,61,72,77,62,78,78,67,72,73,59,68,60,53,75,71,67,68,69,70,71,11,7,8,8,10
266500,J. Rowe,Jonathan David Henry Rowe,"LM, RM, LW",75,22,30-04-2003,31,Serie A,189,Bologna,England,1,69,72,64,71,77,56,76,85,84,80,76,78,78,64,64,39,75,69,72,39,26,24,8,13,15,7,10
258615,Oier Zarraga,Oier Zarraga Egaña,CM,71,26,04-01-1999,31,Serie A,55,Udinese,Spain,1,65,62,58,77,73,72,74,74,65,79,68,60,67,63,58,64,68,72,72,60,68,60,12,8,6,11,15
259011,Zito Luvumbo,Zito André Sebastião Luvumbo,"ST, LM, CAM",71,23,09-03-2002,31,Serie A,1842,Cagliari,Angola,1,70,71,61,67,78,50,70,89,83,89,70,74,77,71,60,45,68,64,64,40,42,40,6,9,10,12,6
274447,N. Mukau,Ngal'ayel Mukau,"CDM, CM",74,20,03-11-2004,16,Ligue 1,65,Lille OSC,Congo DR,1,45,55,66,76,70,72,73,71,67,66,71,67,77,75,73,71,70,71,70,69,72,69,9,8,10,13,12
232488,C. Romero,Cristian Gabriel Romero,CB,82,27,27-04-1998,13,Premier League,18,Tottenham Hotspur,Argentina,3,42,48,82,76,60,70,67,63,68,65,81,64,86,69,83,84,43,60,79,83,83,86,5,7,11,10,14
237257,J. Yueill,Jackson William Yueill,"CDM, CM",69,28,18-03-1997,39,Major League Soccer,691,New England Revolution,United States,1,55,56,63,72,64,71,67,64,54,67,68,70,70,88,68,65,61,71,69,67,61,61,11,13,14,8,11
207650,E. Krafth,Emil Henry ­Kristoffer Krafth,"CB, RB, RM",73,30,02-08-1994,13,Premier League,13,Newcastle United,Sweden,1,70,56,69,72,69,73,73,53,53,62,74,70,70,55,72,74,56,62,72,75,76,74,8,13,15,14,7
245319,Liziero,Igor Matheus Liziero Pereira,"CM, CDM",70,27,07-02-1998,308,Primeira Liga,1891,CD Nacional,Brazil,1,53,59,57,77,74,74,76,71,72,71,67,73,68,71,61,66,56,63,61,65,67,64,13,9,8,14,12
229973,J. Piotrowski,Jakub Piotrowski,"CM, CDM",69,27,04-10-1997,31,Serie A,55,Udinese,Poland,1,63,60,63,71,69,67,72,66,72,66,66,73,76,70,78,68,67,68,68,66,69,63,8,5,6,8,7
259191,M. Al Tamari,Mousa Mohammad Mousa Sulaiman Al Tamariموسى محمد موسى سليمان,"RM, ST, LM, RW",75,28,10-06-1997,16,Ligue 1,74,Stade Rennais FC,Jordan,1,66,71,39,71,80,55,77,88,90,93,70,68,66,66,62,54,73,72,78,25,41,34,11,6,12,7,7
258949,Jofre,Jofre Carreras Pagès,"RM, LM, RW",74,24,17-06-2001,53,La Liga,452,RCD Espanyol,Spain,1,72,70,59,74,76,67,74,76,81,75,72,78,70,64,59,41,74,72,67,39,39,32,10,14,12,10,13
188335,A. Budimir,Ante Budimir,ST,82,33,22-07-1991,53,La Liga,479,CA Osasuna,Croatia,3,50,86,87,82,79,58,83,54,63,56,82,83,85,75,84,24,85,50,75,29,35,27,11,14,8,16,15
231886,A. Muyl,Alex Muyl,"RM, RB, CM",68,29,30-09-1995,39,Major League Soccer,114162,Nashville SC,United States,1,63,60,70,66,63,62,69,80,76,75,62,70,83,91,74,64,62,62,58,63,62,57,9,13,11,12,6
253181,A. Tosin,Oluwatosin Aiyegun,ST,71,27,26-06-1998,16,Ligue 1,217,FC Lorient,Benin,1,62,70,63,62,71,58,68,87,88,83,72,73,83,74,73,37,71,60,68,31,37,38,12,11,12,11,13
241938,N. Al Dawsari,Nasser Essa Shafi Al Shardan Al Dawsariناصر عيسى الدوسري,"CM, CDM, LB, CAM",68,26,19-12-1998,350,Pro League,605,Al Hilal,Saudi Arabia,1,73,57,49,73,67,72,68,66,69,79,63,69,64,67,71,64,62,66,66,60,67,61,14,13,12,14,15
257084,L. Ugochukwu,Lesley Chimuanya Ugochukwu,"CDM, CM",73,21,26-03-2004,13,Premier League,1796,Burnley,France,1,60,55,70,75,67,72,72,64,64,62,68,68,77,70,77,72,57,68,69,70,72,72,10,13,15,11,8
240458,Ander Guevara,Ander Guevara Lajo,"CDM, CM",76,27,07-07-1997,53,La Liga,463,Deportivo Alavés,Spain,1,60,69,54,78,68,76,76,50,33,65,76,52,59,79,65,73,66,75,76,72,79,71,14,12,11,14,14
252000,D. Bradarić,Domagoj Bradarić,"LB, LM",71,25,10-12-1999,31,Serie A,206,Hellas Verona FC,Croatia,1,70,53,62,73,71,67,70,76,72,73,69,65,70,72,55,67,68,65,67,68,67,68,11,10,13,13,6
235634,G. Konan,Ghislain Niclomande Konan,"LB, LM",72,29,27-12-1995,308,Primeira Liga,1888,Gil Vicente FC,Côte d'Ivoire,1,68,45,56,69,68,66,68,82,77,73,69,63,70,81,72,69,69,68,73,68,70,68,8,5,5,11,8
269701,N. Brown,Nathaniel Brown,"LB, LM",77,22,16-06-2003,19,Bundesliga,1824,Eintracht Frankfurt,Germany,1,74,55,43,77,76,64,77,87,79,85,73,61,53,80,35,69,69,67,67,73,76,80,7,6,14,13,10
227234,L. Tousart,Lucas Simon Pierre Tousart,"CDM, CM",74,28,29-04-1997,16,Ligue 1,378,Stade Brestois 29,France,1,56,47,75,72,69,70,70,52,67,59,76,72,78,78,80,73,57,60,67,73,76,73,11,15,16,10,15
233943,Ronaldo Vieira,Ronaldo Augusto Vieira Nan,"CM, CDM",68,26,19-07-1998,39,Major League Soccer,111928,San Jose Earthquakes,England,1,56,53,53,71,68,66,69,70,71,78,68,65,69,74,74,68,61,65,70,66,68,65,12,10,7,6,8
241907,D. Rossi,Diego Martín Rossi Marachlian,"CAM, ST",75,27,05-03-1998,39,Major League Soccer,687,Columbus Crew,Uruguay,1,71,74,44,75,77,63,76,87,88,87,71,71,59,82,48,26,77,73,72,42,30,28,11,14,15,14,13
264207,I. Koné,Ismaël Kenneth Jordan Koné,CM,72,23,16-06-2002,31,Serie A,111974,Sassuolo,Canada,1,56,59,52,74,72,72,73,74,81,69,73,71,69,75,69,67,68,71,74,65,66,58,7,7,13,9,13
241463,Dani Raba,Daniel Raba Antolín,"RM, ST, RW",76,29,29-10-1995,53,La Liga,461,Valencia CF,Spain,1,76,75,52,77,76,75,77,74,68,67,75,74,71,56,71,43,78,75,73,40,36,38,12,11,15,12,14
272455,Pablo Marín,Pablo Marín Tejada,"CM, CAM",73,21,03-07-2003,53,La Liga,457,Real Sociedad,Spain,1,65,70,53,74,75,72,75,67,67,69,71,63,62,63,59,70,74,74,63,60,72,55,7,7,6,15,13
276610,L. Oppie,Louis Oppie,"LB, LM",68,23,17-05-2002,19,Bundesliga,110329,FC St. Pauli,Germany,1,64,47,63,62,60,60,61,70,82,66,64,78,77,88,78,59,62,57,62,64,64,59,13,11,8,10,11
234686,J. Lotomba,Jordan Mvula Lotomba,RB,75,26,29-09-1998,10,Eredivisie,246,Feyenoord,Switzerland,1,72,44,63,72,71,59,73,78,73,75,74,58,77,77,70,72,58,59,65,72,71,73,12,15,9,9,13
231628,Rafa Mir,Rafael Mir Vicente,ST,72,28,18-06-1997,53,La Liga,468,Elche CF,Spain,1,69,70,77,71,67,52,69,69,76,62,68,76,88,63,84,39,72,64,68,42,43,35,12,11,15,10,6
74462,Gerard Martín,Gerard Martín Langreo,"LB, CB, LM",74,23,26-02-2002,53,La Liga,241,FC Barcelona,Spain,1,73,44,69,74,70,68,72,67,75,56,73,69,75,61,71,71,61,63,70,71,75,73,10,11,14,13,9
231138,C. Bassogog,Christian Mougang Bassogog,"RM, RW, ST",70,29,18-10-1995,350,Pro League,113060,Al Akhdoud Saudi Club,Cameroon,1,56,66,61,58,73,55,70,91,90,87,68,74,86,82,76,25,70,61,65,45,33,35,7,7,8,10,8
237295,E. Latte Lath,Emmanuel Delan Junior Latte Lath,ST,73,26,02-01-1999,39,Major League Soccer,112885,Atlanta United,Côte d'Ivoire,1,63,74,74,68,71,64,71,92,91,91,70,73,86,78,64,25,73,57,68,27,41,45,7,9,5,8,5
240648,C. Metcalfe,Connor Isaac Metcalfe,"CM, CDM, RW, CAM",69,25,05-11-1999,19,Bundesliga,110329,FC St. Pauli,Australia,1,61,61,55,71,69,68,70,75,69,73,71,63,75,78,75,67,65,68,69,61,62,58,6,14,12,12,11
239671,Tete Morente,José Antonio Morente Oliva,"LM, LW",72,28,04-12-1996,31,Serie A,347,Lecce,Spain,1,72,65,59,73,74,68,73,83,77,82,64,72,76,72,67,48,66,64,65,47,35,31,13,9,7,11,10
266061,S. Kawasaki,Sota Kawasaki,"CM, CDM, CAM",71,23,30-07-2001,19,Bundesliga,169,1. FSV Mainz 05,Japan,1,43,63,59,73,74,71,75,79,65,81,72,64,67,83,52,64,69,67,72,64,56,58,12,12,10,10,12
205693,S. Haller,Sébastien Romain Teddy Haller,ST,77,31,22-06-1994,10,Eredivisie,1903,FC Utrecht,Côte d'Ivoire,3,42,79,82,75,73,53,79,49,50,63,81,83,83,62,85,36,82,73,84,40,61,56,6,7,14,7,6
70020,M. Amougou,Mathis Amougou,"CM, CDM",72,19,18-01-2006,16,Ligue 1,76,RC Strasbourg Alsace,France,1,57,57,58,75,74,73,75,74,69,75,70,60,71,70,65,71,63,73,73,64,72,65,5,8,13,12,12
213948,D. Holmes,Duane Octavious Holmes,"CAM, RM, CM",68,30,06-11-1994,39,Major League Soccer,698,Houston Dynamo,United States,1,65,66,52,67,72,62,70,77,69,85,63,65,59,75,46,63,67,66,68,61,64,57,8,10,12,10,9
71114,D. Cissé,Djaoui Cissé,"CM, CDM",73,21,31-01-2004,16,Ligue 1,74,Stade Rennais FC,France,1,60,66,61,76,77,72,78,64,62,63,70,80,69,74,69,69,66,66,71,64,72,64,5,14,6,9,9
233169,M. Yamane,Miki Yamane山根 視来,RB,72,31,22-12-1993,39,Major League Soccer,697,LA Galaxy,Japan,1,67,58,64,72,71,66,68,71,82,54,70,70,74,82,70,67,63,66,68,66,70,68,13,8,8,8,15
267991,M. Perrone,Máximo Perrone,"CDM, CM",73,22,07-01-2003,31,Serie A,1745,Como,Argentina,1,49,54,57,80,76,78,79,72,72,74,65,59,67,77,59,70,65,77,70,70,67,67,11,10,15,9,11
242946,D. Afolayan,Oladapo Joshua Afolayan,"RW, LW, ST, RM",72,27,11-09-1997,19,Bundesliga,110329,FC St. Pauli,England,1,67,73,57,68,76,66,71,84,75,77,71,72,75,72,65,40,72,64,69,45,44,38,10,11,10,11,14
278046,Pau Cubarsí,Pau Cubarsí Paredes,CB,82,18,22-01-2007,53,La Liga,241,FC Barcelona,Spain,3,31,41,83,85,78,86,82,67,73,65,82,51,85,68,77,84,51,74,80,84,84,82,10,6,14,7,14
237920,B. Bronico,Brandt James Bronico,"CM, CDM, CAM",69,30,20-06-1995,39,Major League Soccer,114640,Charlotte FC,United States,1,62,57,54,73,66,65,71,66,67,65,66,63,68,80,72,65,70,68,67,65,70,65,11,13,9,12,6
275137,V. Atangana,Valentin Atangana Edoa,"CDM, CM",73,19,25-08-2005,350,Pro League,112387,Al Ahli SFC,France,1,52,54,62,76,73,72,73,71,62,82,72,58,71,68,63,73,62,73,72,67,74,69,9,10,11,14,9
252866,Carreira,Sergio Carreira Vilariño,"RM, RB",75,24,13-10-2000,53,La Liga,450,RC Celta,Spain,1,75,56,65,76,76,67,75,78,74,75,76,50,75,76,63,70,70,74,72,68,68,67,14,9,11,9,6
253167,Félix Correia,Félix Alexandre Andrade Sanches Correia,"LM, LW, RM",75,24,22-01-2001,16,Ligue 1,65,Lille OSC,Portugal,1,67,70,48,70,75,64,76,86,83,85,73,72,67,82,58,43,71,73,74,40,44,35,10,9,13,10,6
263929,M. Cancellieri,Matteo Cancellieri,"RM, LM, LW, RW",72,22,12-08-2002,31,Serie A,46,Lazio,Italy,1,69,68,55,71,79,65,77,76,81,81,68,74,71,54,64,33,67,65,64,31,42,41,11,15,11,6,9
206098,Patric,Patricio Gabarrón Gil,CB,75,32,17-04-1993,31,Serie A,46,Lazio,Spain,1,69,49,75,74,68,70,73,65,61,68,78,63,75,68,64,78,55,66,72,76,77,74,8,14,12,9,14
210010,J. van Overeem,Joris van Overeem,"CM, CDM, CAM",70,31,01-06-1994,10,Eredivisie,1913,SC Heerenveen,Netherlands,1,62,54,55,73,72,71,75,70,60,77,70,62,64,72,59,74,59,70,76,69,64,62,9,15,12,9,7
208004,J. Veltman,Joël Ivo Veltman,"RB, RM",78,33,15-01-1992,13,Premier League,1808,Brighton & Hove Albion,Netherlands,2,73,50,74,77,68,73,74,64,62,65,78,60,80,73,77,80,55,55,79,81,83,77,7,10,6,9,11
270983,Clayton,Clayton Fernandes Silva,ST,75,26,11-01-1999,308,Primeira Liga,744,Rio Ave FC,Brazil,1,67,78,72,69,73,58,70,75,76,70,73,78,86,77,81,35,76,68,69,35,37,15,7,6,12,5,6
229379,L. de la Torre,Luca Daniel de la Torre,"CM, CAM, LM",72,27,23-05-1998,39,Major League Soccer,131439,San Diego FC,United States,1,72,66,42,75,72,74,74,72,57,76,67,58,54,89,52,64,70,70,67,63,66,62,11,14,12,7,10
241159,M. Guéhi,Addji Keaninkin Marc-Israel Guéhi,CB,82,24,13-07-2000,13,Premier League,1799,Crystal Palace,England,3,58,42,79,79,72,78,76,68,69,61,83,49,84,73,80,82,35,66,76,84,84,85,8,9,11,12,12
227222,F. Guilbert,Frédéric Guilbert,RB,75,30,24-12-1994,31,Serie A,347,Lecce,France,1,74,38,69,73,69,65,74,72,70,67,69,66,75,80,69,74,65,63,67,69,72,74,8,14,16,13,7
191173,A. Bedoya,Alejandro Bedoya,"CM, CDM, CAM",69,38,29-04-1987,39,Major League Soccer,112134,Philadelphia Union,United States,1,65,61,71,73,69,69,68,51,54,64,74,74,69,65,63,70,70,71,73,69,59,54,9,14,6,12,6
253139,S. Pierotti,Santiago Daniel Pierotti,"RM, RW",70,24,03-04-2001,31,Serie A,347,Lecce,Argentina,1,61,67,59,70,72,65,73,69,69,69,70,72,71,62,71,58,73,65,77,54,64,60,14,6,7,11,12
211672,T. Boyd,Tyler Dominic Boyd,"RM, LM, RW",68,30,30-12-1994,39,Major League Soccer,114162,Nashville SC,United States,1,61,64,51,66,69,44,68,85,84,83,66,76,71,68,62,47,63,64,66,48,48,49,8,7,14,14,7
258826,D. Rensch,Devyne Fabian Jairo Rensch,"RB, CB",74,22,18-01-2003,31,Serie A,52,Roma,Netherlands,1,65,60,68,75,70,66,73,75,74,74,72,57,73,70,61,73,75,66,69,72,74,72,10,8,9,13,7
196889,S. Verdi,Simone Verdi,"CAM, ST, CM",71,32,12-07-1992,31,Serie A,1745,Como,Italy,1,70,60,46,73,75,70,76,79,66,83,64,70,57,59,48,40,66,72,74,38,48,48,12,10,7,15,9
260734,C. Wallem,Conrad Wallem,"LM, CM, LB",70,25,09-06-2000,39,Major League Soccer,113018,St. Louis CITY SC,Norway,1,68,60,52,69,70,65,69,79,78,84,64,63,70,77,64,53,66,67,69,51,56,53,5,8,9,15,7
278668,Zé Pedro,José Pedro da Silva Figueiredo Freitas,CB,75,28,06-06-1997,31,Serie A,1842,Cagliari,Portugal,1,50,46,74,73,57,70,66,64,65,60,74,65,80,71,76,74,46,57,67,76,76,75,8,13,10,7,13
260521,J. Bos,Jordan Jacob Bos,"LB, LM",69,22,29-10-2002,10,Eredivisie,246,Feyenoord,Australia,1,58,55,58,62,67,57,64,83,90,78,66,66,84,84,81,63,59,63,64,60,62,61,5,5,6,5,8
262135,D. Wolfe,David Møller Wolfe,"LB, LM",73,23,23-04-2002,13,Premier League,110,Wolverhampton Wanderers,Norway,1,71,52,60,70,68,59,70,77,79,69,71,59,80,82,76,68,64,63,66,67,68,69,8,9,14,10,11
260369,L. Kerber,Luca Kerber,"CDM, CM",70,23,10-03-2002,19,Bundesliga,111235,1. FC Heidenheim 1846,Germany,1,57,64,65,71,68,67,68,69,60,75,68,64,72,79,69,68,68,68,68,71,68,65,13,13,9,9,11
239250,Abel Ruiz,Abel Ruiz Ortega,ST,73,25,28-01-2000,53,La Liga,110062,Girona FC,Spain,1,60,70,70,75,74,67,74,71,77,74,76,77,78,79,73,24,72,76,70,45,38,20,6,10,10,10,8
262151,E. Fernández,Ignacio Ezequiél Agustín Fernández Carballo,"CDM, CM",75,22,25-07-2002,19,Bundesliga,32,Bayer 04 Leverkusen,Argentina,1,50,38,60,77,72,76,72,70,70,73,70,58,76,78,79,70,48,70,73,69,74,73,6,7,7,14,13
252495,J. Kamiński,Jakub Kamiński,"LM, LW",74,23,05-06-2002,19,Bundesliga,31,1. FC Köln,Poland,1,69,68,68,70,79,62,77,86,83,85,63,64,74,74,54,50,72,69,63,54,54,42,5,10,13,8,14
257136,O. Traoré,Omar Haktab Traorè,"RB, RM",73,27,04-02-1998,19,Bundesliga,111235,1. FC Heidenheim 1846,Germany,1,71,44,55,64,69,54,70,86,83,69,65,70,75,85,65,66,68,60,68,66,73,71,10,14,6,15,7
213367,L. Abergel,Laurent Abergel,"CDM, CM",75,32,01-02-1993,16,Ligue 1,217,FC Lorient,France,1,67,42,53,76,70,70,74,67,55,74,73,69,66,91,68,74,58,67,64,70,74,73,7,14,15,8,7
234711,J. Brekalo,Josip Brekalo,"LM, LW, CAM",75,27,23-06-1998,53,La Liga,110827,Real Oviedo,Croatia,2,74,70,45,75,80,70,79,79,72,86,70,78,60,70,51,30,69,72,77,35,42,40,9,7,5,6,14
266461,João Mendes,João Miguel Teixeira Mendes,"LB, LM",72,25,13-04-2000,308,Primeira Liga,1887,Vitória SC,Portugal,1,70,38,68,68,65,66,69,78,77,74,69,60,78,81,70,65,57,62,61,67,71,68,15,13,13,8,10
231150,Jamiro Monteiro,Jamiro Gregory Monteiro Alvarenga,"CAM, CM",69,31,23-11-1993,10,Eredivisie,1914,PEC Zwolle,Cabo Verde,1,66,56,51,71,69,70,71,68,75,82,69,63,62,83,60,58,71,72,74,50,56,59,5,7,12,8,5
239641,Alfa Semedo,Alfa Semedo Esteves,"CDM, CM",70,27,30-08-1997,350,Pro League,113057,Al Fayha,Guinea-Bissau,1,53,52,72,67,70,68,68,59,61,67,68,76,81,77,81,68,66,60,69,68,73,66,14,14,7,11,9
251170,L. Sinayoko,Lassine Sinayoko,"ST, LM, CAM",74,25,08-12-1999,16,Ligue 1,57,AJ Auxerre,Mali,1,68,76,70,70,75,64,77,72,78,60,72,73,81,70,78,44,74,72,72,41,39,36,14,7,11,11,12
240448,P. Ruiz,Pablo Enrique Ruiz,"CM, CDM",70,26,20-12-1998,39,Major League Soccer,111065,Real Salt Lake,Argentina,1,62,59,39,74,66,66,73,65,67,78,69,64,54,75,61,70,63,66,63,70,74,73,8,5,11,14,11
246594,H. Massengo,Han-Noah Massengo,"CDM, CM",72,23,07-07-2001,19,Bundesliga,100409,FC Augsburg,France,1,56,39,62,74,73,72,70,65,70,86,69,63,72,73,72,72,57,67,70,69,71,69,8,14,12,9,15
274246,L. Miley,Lewis Miley,CM,72,19,01-05-2006,13,Premier League,13,Newcastle United,England,1,64,61,57,77,75,71,73,67,63,71,68,67,68,71,69,66,66,77,78,63,68,58,9,7,10,12,7
234612,J. Ikoné,Nanitamo Jonathan Ikoné,"RM, RW",76,27,02-05-1998,16,Ligue 1,111817,Paris FC,France,3,73,64,39,73,81,64,78,86,84,87,73,73,59,59,50,34,72,74,76,32,36,36,9,8,13,8,14
222331,L. Klostermann,Lukas Manuel Klostermann,"CB, RB",78,29,03-06-1996,19,Bundesliga,112172,RB Leipzig,Germany,2,70,55,75,74,71,62,72,81,83,62,80,58,88,72,78,81,68,55,69,81,80,79,8,12,10,7,7
233113,Aleñá,Carles Aleñá Castillo,"RM, LM, CM, RW",73,27,05-01-1998,53,La Liga,463,Deportivo Alavés,Spain,1,67,69,34,74,74,72,76,66,66,71,75,68,54,61,61,67,76,73,77,62,59,50,12,9,10,8,12
220715,E. Ponce,Ezequiel Ponce Martínez,ST,73,28,29-03-1997,39,Major League Soccer,698,Houston Dynamo,Argentina,1,59,74,80,65,71,50,70,75,73,73,73,75,92,71,83,29,72,61,75,39,30,28,12,16,7,7,6
254022,N. Woltemade,Nick Woltemade,"ST, CAM",79,23,14-02-2002,13,Premier League,13,Newcastle United,Germany,1,46,82,77,77,83,63,80,64,69,69,79,81,84,71,81,35,82,74,77,32,44,30,11,8,13,9,8
239763,E. Zhegrova,Edon Zhegrova,"RM, RW",79,26,31-03-1999,31,Serie A,45,Juventus,Kosovo,3,78,69,36,76,87,70,82,90,79,90,74,78,66,65,63,20,75,77,78,32,21,18,7,11,6,12,7
244391,F. Sakala,Fashion Sakala Junior,"LW, ST, RW, LM",75,28,14-03-1997,350,Pro League,113057,Al Fayha,Zambia,1,61,80,71,67,75,54,71,93,88,86,72,80,91,81,61,35,77,65,64,20,29,28,12,7,11,11,13
254905,I. Vassilev,Indiana Denchev VassilevИндиана Денчев Василев,"LM, CAM, RM, LW",68,24,16-02-2001,39,Major League Soccer,112134,Philadelphia Union,United States,1,62,65,55,70,66,62,68,74,73,72,70,64,68,80,60,63,62,63,60,64,69,61,11,8,9,14,14
237502,D. Johnsen,Dennis Tørset Johnsen,"ST, CAM",71,27,17-02-1998,31,Serie A,111434,Cremonese,Norway,1,70,72,50,69,72,63,71,92,92,85,70,73,78,77,73,40,74,67,71,40,35,33,8,7,12,13,6
264438,Gabri Martínez,Gabriel Martínez Aguilera,"LM, RM, LW",73,22,22-01-2003,308,Primeira Liga,1896,Sporting Clube de Braga,Spain,1,65,68,40,66,74,62,75,82,84,83,74,68,65,82,65,59,71,70,64,62,60,52,9,12,12,8,8
208892,S. Byram,Samuel Mark Byram,"LB, RB, LM",72,31,16-09-1993,13,Premier League,8,Leeds United,England,1,67,59,69,70,71,64,70,71,72,68,70,66,77,70,71,70,62,65,71,70,74,71,10,9,15,16,13
269312,T. Baldanzi,Tommaso Baldanzi,"CAM, CM",75,22,23-03-2003,31,Serie A,52,Roma,Italy,1,68,69,48,75,78,68,78,77,76,83,70,77,53,65,36,33,74,78,69,42,41,48,12,9,10,12,7
258575,E. Agbadou,Emmanuel Elysee Djedje Agbadou Badobre,CB,79,28,17-06-1997,13,Premier League,110,Wolverhampton Wanderers,Côte d'Ivoire,1,48,51,78,73,69,77,66,69,89,51,79,61,89,68,90,77,55,63,78,79,79,76,9,7,12,9,14
79402,Igor Jesus,Igor Jesus Maciel da Cruz,ST,77,24,25-02-2001,13,Premier League,14,Nottingham Forest,Brazil,1,53,77,79,73,72,49,77,68,71,61,78,80,85,72,80,29,79,70,75,31,35,24,11,6,14,14,14
70004,S. Mayulu,Senny Mayulu,CM,75,19,17-05-2006,16,Ligue 1,73,Paris Saint-Germain,France,1,63,67,44,78,78,74,80,76,74,75,73,80,55,69,47,69,75,76,78,47,67,43,5,10,10,6,6
264337,Rodrigo Muniz,Rodrigo Muniz Carvalho,ST,75,24,04-05-2001,13,Premier League,144,Fulham FC,Brazil,1,47,76,77,68,70,53,72,68,68,70,76,79,85,69,78,38,77,65,71,36,42,31,12,13,13,11,12
226710,G. Scamacca,Gianluca Scamacca,ST,79,26,01-01-1999,31,Serie A,39,Atalanta,Italy,3,44,83,83,75,74,70,80,61,69,61,76,83,86,51,83,26,80,71,79,40,28,20,12,10,11,7,12
206086,H. Toffolo,Harry Stefano Toffolo,"LB, LM",71,29,19-08-1995,39,Major League Soccer,114640,Charlotte FC,England,1,75,52,64,68,66,69,65,68,66,69,68,58,71,66,69,67,57,59,65,73,69,71,12,15,15,13,13
263468,Y. Kechta,Yassine Kechtaياسين قشطة,"CM, CAM, CDM",73,23,25-02-2002,16,Ligue 1,1738,Le Havre AC,Morocco,1,68,59,49,76,73,73,75,59,55,77,72,64,53,79,53,68,68,74,74,62,69,64,7,6,15,12,8
265518,O. Fraulo,Oscar Luigi Fraulo,"CM, CDM, CAM",69,21,06-12-2003,19,Bundesliga,23,Borussia Mönchengladbach,Denmark,1,54,61,48,71,68,71,69,74,64,73,70,65,64,88,64,64,62,69,67,59,68,61,9,11,14,15,11
269728,J. Bahoya,Jean-Mattéo Bahoya Négoce,"LM, CAM, LW",75,20,07-05-2005,19,Bundesliga,1824,Eintracht Frankfurt,France,1,72,73,45,65,78,61,75,91,97,83,66,64,69,66,60,36,75,73,70,44,52,56,15,11,13,12,5
278187,T. Louchet,Tom Alexis Louchet,"RM, CM, RW",72,22,04-05-2003,16,Ligue 1,72,OGC Nice,France,1,70,62,58,74,72,68,74,73,68,67,71,65,64,71,52,61,69,67,63,64,66,62,13,6,6,14,12
265650,Saúl Coco,Saúl Basilio Coco Bassey Oubiña,CB,76,26,09-02-1999,31,Serie A,54,Torino,Equatorial Guinea,1,34,40,72,69,60,67,64,80,89,61,67,85,88,75,81,77,30,58,60,79,77,75,5,8,7,13,9
270050,M. Biereth,Mika Miles Biereth,ST,78,22,08-02-2003,16,Ligue 1,69,AS Monaco,Denmark,1,57,83,79,69,70,58,75,69,79,64,78,78,85,73,79,24,82,68,77,29,23,28,10,10,11,15,6
272894,K. Danois,Kévin Danois,CM,74,21,28-06-2004,16,Ligue 1,57,AJ Auxerre,France,1,61,63,58,78,77,74,78,57,60,62,72,60,61,75,59,74,62,74,70,65,72,63,8,7,9,6,10
189505,Pedro,Pedro Eliezer Rodríguez Ledesma,"RM, LM, RW",77,37,28-07-1987,31,Serie A,46,Lazio,Spain,3,67,75,39,78,84,71,85,73,56,88,79,73,48,60,41,42,82,83,80,41,29,26,5,11,12,15,9
262790,M. Deijl,Mats Deijl,RB,72,27,15-07-1997,10,Eredivisie,100632,Go Ahead Eagles,Netherlands,1,66,55,58,65,65,62,66,67,70,62,72,67,71,81,74,69,53,55,78,73,71,70,9,10,13,5,6
263829,Vitinha,Vítor Manuel Carvalho Oliveira,ST,75,25,15-03-2000,31,Serie A,110556,Genoa,Portugal,1,58,76,73,67,76,59,74,76,71,75,75,78,81,71,70,36,77,65,73,23,29,22,5,8,6,9,15
279044,Geovany Quenda,Geovany Tcherno Quenda,"RM, LM, LW, RW",76,18,30-04-2007,308,Primeira Liga,237,Sporting CP,Portugal,1,71,63,35,74,80,70,81,87,83,84,64,63,66,75,68,40,72,70,70,46,40,36,7,12,11,15,10
246791,M. Solomon,Manor Solomon,"LM, LW",77,25,24-07-1999,53,La Liga,483,Villarreal CF,Israel,1,73,75,38,75,82,69,77,84,83,84,71,75,52,66,40,35,74,72,78,50,47,35,12,11,9,13,10
205598,André Sousa,André Alexandre Carreira Sousa,"CDM, CM",65,34,09-07-1990,308,Primeira Liga,1891,CD Nacional,Portugal,1,64,60,52,68,66,66,67,67,53,67,65,80,68,55,74,61,66,68,65,57,59,55,15,8,6,8,8
231235,K. Amian,Kelvin Amian Adou,"RB, CB, RM",73,27,08-02-1998,16,Ligue 1,71,FC Nantes,France,1,64,43,66,65,65,58,65,77,77,71,61,72,82,81,79,72,64,55,69,73,72,72,7,8,14,14,11
228687,K. Dolberg,Kasper Dolberg Rasmussen,ST,77,27,06-10-1997,10,Eredivisie,245,Ajax,Denmark,2,50,81,74,75,72,55,77,67,77,71,72,80,83,70,82,23,77,71,74,28,24,19,7,15,13,9,7
70822,Gabriel Pec,Gabriel Fortes Chaves,"RM, RW, LW",76,24,11-02-2001,39,Major League Soccer,697,LA Galaxy,Brazil,1,64,72,38,68,82,60,76,88,88,88,70,71,66,85,63,30,74,72,71,35,35,34,11,9,10,11,13
213439,J. Osorio,Jonathan Osorio,"CM, CAM, CDM",71,33,12-06-1992,39,Major League Soccer,111651,Toronto FC,Canada,1,56,66,55,78,72,70,71,53,48,76,70,74,60,78,61,63,71,71,76,61,64,53,8,11,7,15,13
263676,Roberto,Roberto Fernández Jaén,ST,74,23,01-01-2002,53,La Liga,452,RCD Espanyol,Spain,1,56,76,73,68,74,57,76,69,76,65,74,77,80,76,75,37,76,66,70,39,37,35,12,13,5,13,14
257278,A. Theate,Arthur Nicolas Theate,"CB, LB, LM",80,25,25-05-2000,19,Bundesliga,1824,Eintracht Frankfurt,Belgium,1,68,23,75,77,70,76,75,66,68,64,80,70,82,82,82,83,29,70,77,81,81,77,7,6,12,11,10
191269,S. Al Faraj,Salman Al Farajسلمان الفرج,"CM, CDM",69,35,01-08-1989,350,Pro League,131798,NEOM SC,Saudi Arabia,1,75,58,56,78,70,79,72,37,39,78,58,73,57,33,66,65,64,75,81,63,65,54,13,16,11,15,11
246918,Jaume Grau,Jaume Grau Ciscar,"CM, CDM",69,28,05-05-1997,308,Primeira Liga,131463,AVS Futebol SAD,Spain,1,66,57,61,70,70,68,70,64,66,62,69,68,72,80,71,68,60,66,71,68,71,68,8,12,10,8,13
264842,Calebe,Calebe Ferreira da Silva,"CAM, CM",69,25,30-04-2000,53,La Liga,463,Deportivo Alavés,Brazil,1,65,67,58,70,71,69,70,67,70,73,63,68,63,64,55,56,67,71,70,54,62,59,12,13,5,13,8
238756,J. Larsen,Jørgen Strand Larsen,ST,78,25,06-02-2000,13,Premier League,110,Wolverhampton Wanderers,Norway,1,45,82,75,73,69,54,78,72,78,55,79,76,87,84,86,26,82,70,73,29,27,23,7,14,14,8,9
269247,D. James,Dean Ruben James,"LB, LM",70,25,30-04-2000,10,Eredivisie,100632,Go Ahead Eagles,Indonesia,1,69,49,58,72,63,67,67,80,84,75,62,70,71,75,59,63,57,44,59,67,64,64,13,10,6,14,15
224494,R. Henry,Rico Antonio Henry,"LB, LM",76,27,08-07-1997,13,Premier League,1925,Brentford,England,1,68,40,54,69,71,57,74,87,86,89,76,44,73,64,64,74,67,55,72,77,78,75,13,12,12,6,12
237595,M. Friedl,Marco Friedl,CB,77,27,16-03-1998,19,Bundesliga,38,SV Werder Bremen,Austria,1,63,39,71,70,68,75,71,67,82,65,76,48,80,75,77,78,56,54,73,80,79,81,11,15,6,6,7
245037,Eric García,Eric García Martret,"CB, RB, CDM, RM",79,24,09-01-2001,53,La Liga,241,FC Barcelona,Spain,2,54,50,77,82,69,81,77,55,69,64,78,51,77,68,73,80,45,70,78,80,82,79,11,9,12,11,7
257920,C. Tengstedt,Casper Tengstedt,ST,74,25,01-06-2000,10,Eredivisie,246,Feyenoord,Denmark,1,62,78,70,68,70,52,68,80,82,77,75,72,81,72,71,34,80,62,63,38,28,28,9,10,11,15,12
223143,U. Garcia,Ulisses Alexandre Garcia Lopes,"LB, CB, LM",75,29,11-01-1996,16,Ligue 1,219,Olympique de Marseille,Switzerland,1,73,45,57,70,71,61,69,78,79,74,75,53,78,79,76,70,59,61,68,74,70,73,8,13,11,12,14
276159,T. Nikitscher,Tamás Nikitscher,"CDM, CM, CB",69,25,03-11-1999,308,Primeira Liga,744,Rio Ave FC,Hungary,1,61,64,62,74,67,68,71,58,67,58,73,72,74,75,80,64,66,60,67,61,65,55,9,13,7,15,11
262397,L. Brouwers,Luuk Brouwers,"CAM, CM, CDM",67,27,03-05-1998,10,Eredivisie,1913,SC Heerenveen,Netherlands,1,60,65,56,72,67,71,68,65,63,64,63,64,70,81,74,61,68,67,66,63,64,65,13,9,14,14,8
247582,F. Amaya,"Franuel ""Frankie"" Amaya","CM, CDM, CAM",69,24,26-09-2000,39,Major League Soccer,112996,Los Angeles FC,United States,1,60,53,38,70,70,66,72,73,71,80,68,68,56,81,57,66,63,68,64,67,70,62,13,7,15,14,11
245338,T. van den Belt,Thomas van den Belt,"CM, CDM",70,24,18-06-2001,10,Eredivisie,1908,FC Twente,Netherlands,1,59,68,56,72,66,70,71,52,55,68,69,69,61,80,65,67,73,70,66,69,63,61,14,9,14,14,9
246672,Barrenetxea,Ander Barrenetxea Muguruza,"LM, LW",77,23,27-12-2001,53,La Liga,457,Real Sociedad,Spain,1,76,75,58,75,77,66,77,81,81,85,76,75,74,74,66,27,76,75,75,33,23,14,13,11,11,5,13
203741,T. Delaine,Thomas Delaine,"LB, LM",71,33,24-03-1992,16,Ligue 1,1738,Le Havre AC,France,1,69,45,64,72,72,69,70,68,75,70,70,62,71,67,69,67,70,70,67,66,69,67,15,11,14,10,10
265450,J. Bakayoko,Saint-Cyr Johan Bakayoko,"RW, RM",78,22,20-04-2003,19,Bundesliga,112172,RB Leipzig,Belgium,1,73,74,58,72,83,58,81,87,83,86,73,69,70,70,68,33,74,74,71,24,35,27,7,14,7,6,9
212722,D. Yedlin,DeAndre Roselle Yedlin,"RB, RM, CB, RW",71,31,09-07-1993,39,Major League Soccer,111065,Real Salt Lake,United States,1,68,38,56,64,62,54,60,85,85,88,66,73,75,87,66,68,62,57,63,66,69,64,7,15,7,11,11
225632,O. Burke,Oliver Jasen Burke,"ST, RM, RW",73,28,07-04-1997,19,Bundesliga,1831,1. FC Union Berlin,Scotland,1,61,74,75,67,68,60,66,90,95,65,68,73,93,69,80,36,74,68,69,36,40,31,13,11,7,7,15
208335,L. Kübler,Lukas Kübler,"RB, CB, RM",75,32,30-08-1992,19,Bundesliga,25,SC Freiburg,Germany,1,70,49,58,69,66,57,68,74,79,66,73,64,77,73,79,81,57,53,66,72,73,74,12,14,11,8,8
243237,L. Pellegrini,Luca Pellegrini,"LB, LM",74,26,07-03-1999,31,Serie A,46,Lazio,Italy,1,76,46,61,75,77,65,78,77,66,70,70,65,65,66,46,69,68,47,69,71,76,76,6,9,11,6,5
237895,V. van Crooij,Vito van Crooij,"CAM, LM, RM, CM",69,29,29-01-1996,10,Eredivisie,1910,NEC Nijmegen,Netherlands,1,72,65,55,67,65,68,69,75,64,70,69,73,66,82,57,38,73,71,72,40,40,32,12,14,9,14,12
263056,E. Sahiti,Emir Sahiti,"RW, RM",71,26,29-11-1998,19,Bundesliga,28,Hamburger SV,Kosovo,1,67,68,52,66,73,64,71,83,69,85,69,73,68,66,56,34,68,66,63,43,42,37,14,12,14,13,5
269228,Altimira,Adrià Altimira Reynaldos,"RB, RM, RW",72,24,28-03-2001,53,La Liga,483,Villarreal CF,Spain,1,71,63,63,68,74,65,74,73,73,66,70,55,71,75,60,67,73,70,65,66,68,68,6,5,7,7,14
271119,L. Ullrich,Lukas Ullrich,"LB, LM",74,21,16-03-2004,19,Bundesliga,23,Borussia Mönchengladbach,Germany,1,70,59,64,66,74,58,74,72,73,71,71,64,74,77,68,74,68,64,69,74,76,72,9,9,12,5,12
242749,J. Buckley,John Keaton Buckley,"CDM, CM, CAM",69,25,13-10-1999,350,Pro League,131735,Al Kholood,England,1,58,59,52,71,70,71,69,78,65,80,70,65,68,75,61,68,65,71,70,62,65,65,8,5,14,14,13
215643,Ramiro,Ramiro Moschen Benetti,"CDM, CM, RB",70,32,22-05-1993,39,Major League Soccer,695,FC Dallas,Brazil,1,54,61,63,72,67,70,72,65,69,62,64,75,68,73,61,70,60,63,69,65,71,69,14,9,7,9,9
228509,J. Reine-Adélaïde,Jeff Reine-Adélaïde,"CAM, CM",70,27,17-01-1998,10,Eredivisie,100634,Heracles Almelo,France,1,70,67,58,71,72,71,71,66,65,73,65,74,66,63,61,51,69,71,72,41,56,51,10,15,11,16,8
235735,E. Ampadu,Ethan Kwame Colm Raymond Ampadu,"CB, CDM",76,24,14-09-2000,13,Premier League,8,Leeds United,Wales,2,46,51,70,76,68,72,72,68,66,67,76,55,78,81,77,76,59,65,75,76,77,76,13,12,9,8,12
264452,R. Meerveld,Ringo Meerveld,"CAM, LM, CM",71,22,21-12-2002,10,Eredivisie,1913,SC Heerenveen,Netherlands,1,60,63,54,69,77,67,77,74,84,71,68,69,68,76,64,52,66,72,76,51,48,52,7,12,9,6,5
255781,Ricard,Ricard Sánchez Sendra,"RB, RM",71,25,22-02-2000,308,Primeira Liga,10020,GD Estoril Praia,Spain,1,70,63,64,68,67,58,70,82,82,69,64,63,70,79,50,65,60,58,62,65,67,66,11,9,7,6,11
258607,Toti,Tote António Gomes,CB,75,26,16-01-1999,13,Premier League,110,Wolverhampton Wanderers,Portugal,1,64,42,70,69,64,68,67,75,79,64,75,55,83,67,81,76,58,65,72,75,77,75,11,6,12,5,10
217940,D. Djené,Dakonam Ortega Djené,"CB, RB, CDM",77,33,31-12-1991,53,La Liga,1860,Getafe CF,Togo,2,60,29,73,76,62,72,72,68,64,66,77,68,81,73,76,78,61,61,74,77,78,75,7,15,7,10,10
236639,Xeka,Miguel Ângelo da Silva Rocha,"CM, CDM",72,30,10-11-1994,308,Primeira Liga,10020,GD Estoril Praia,Portugal,1,58,55,65,75,70,75,72,41,37,59,68,76,65,75,72,70,62,76,73,71,67,65,7,5,11,5,6
224874,A. Pellegrino,Amahl William D'Vaz Pellegrino,"LM, LW",71,35,18-06-1990,39,Major League Soccer,131439,San Diego FC,Norway,1,65,72,62,60,69,59,71,81,82,84,72,76,71,76,54,37,75,66,73,35,33,40,10,16,10,11,8
232610,T. Asano,Takuma Asano浅野 拓磨,"RM, ST, RW",75,30,10-11-1994,53,La Liga,453,RCD Mallorca,Japan,1,70,69,58,69,78,50,77,87,81,90,76,70,80,77,73,31,75,67,73,34,22,40,15,7,6,9,14
267976,Pablo Torre,Pablo Torre Carral,"CAM, CM",74,22,03-04-2003,53,La Liga,453,RCD Mallorca,Spain,1,75,65,41,77,76,75,76,76,68,82,69,62,54,71,48,45,70,76,70,42,48,46,15,10,15,10,9
221660,V. Lindelöf,Victor Jörgen Nilsson Lindelöf,CB,75,30,17-07-1994,13,Premier League,2,Aston Villa,Sweden,2,62,42,75,77,66,78,70,51,50,56,76,72,76,47,76,77,51,72,78,77,76,75,12,16,8,7,9
224258,K. Ajer,Kristoffer Vassbakk Köpp Ajer,"RB, CB, RM",75,27,17-04-1998,13,Premier League,1925,Brentford,Norway,1,69,58,74,71,71,64,74,63,70,44,75,64,77,69,89,72,61,57,77,73,76,77,9,9,14,7,10
268573,F. Baschirotto,Federico Baschirotto,CB,75,28,20-09-1996,31,Serie A,111434,Cremonese,Italy,1,60,52,69,63,48,57,61,66,72,69,70,53,81,82,88,73,57,63,69,79,74,72,14,11,10,6,12
235866,C. Kouamé,Christian Michael Kouamé Kouakou,"ST, LM, LW, CAM",74,27,06-12-1997,31,Serie A,110374,Fiorentina,Côte d'Ivoire,1,68,72,75,72,78,64,75,74,79,76,76,74,78,64,63,36,78,68,70,34,38,32,15,13,6,7,14
276895,Alemão,Alexandre Zurawski,ST,73,27,01-04-1998,53,La Liga,480,Rayo Vallecano,Brazil,1,60,71,75,65,65,57,65,70,76,72,67,85,87,77,87,25,74,70,72,18,22,18,12,14,10,12,14
226229,T. Kehrer,Jan Thilo Kehrer,CB,79,28,21-09-1996,16,Ligue 1,69,AS Monaco,Germany,2,64,37,76,74,64,68,66,62,75,62,79,65,82,71,79,79,53,60,73,80,81,81,9,9,14,10,12
221639,Mariano,Mariano Díaz Mejía,ST,70,31,01-08-1993,53,La Liga,463,Deportivo Alavés,Dominican Republic,1,50,70,71,66,70,51,69,69,70,74,70,74,77,68,70,44,72,62,67,40,39,33,12,14,6,8,15
251335,W. Coulibaly,Woyo Coulibaly,"RB, LB, RM",72,26,26-05-1999,31,Serie A,111974,Sassuolo,France,1,70,45,71,69,74,67,72,72,77,71,67,74,84,67,77,69,54,64,61,68,68,71,6,8,12,13,6
256292,J. Schöppner,Jan Schöppner,"CDM, CM",74,26,12-06-1999,19,Bundesliga,111235,1. FC Heidenheim 1846,Germany,1,60,57,80,71,62,66,68,61,69,57,68,66,83,90,77,76,58,66,69,76,78,70,12,6,13,9,7
201024,K. Koulibaly,Kalidou Koulibaly,CB,82,34,20-06-1991,350,Pro League,605,Al Hilal,Senegal,3,50,43,82,71,69,64,70,61,84,39,81,67,87,74,89,81,50,64,75,81,83,81,7,11,7,13,5
271975,Stefan Bajcetic,Stefan Bajčetić Maquieira,"CDM, CM, CB",73,20,22-10-2004,13,Premier League,9,Liverpool,Spain,1,55,50,54,74,74,71,74,67,79,69,69,57,68,68,72,74,52,70,73,72,73,73,6,12,11,13,8
243355,L. Vallier,Lenny Vallier,"LB, LM",67,26,24-04-1999,308,Primeira Liga,1891,CD Nacional,France,1,67,62,55,69,68,61,64,77,74,75,51,60,72,78,66,55,67,64,57,65,67,64,12,12,13,15,13
255150,N. Nkounkou,Niels Patrick Nkounkou,"LB, LM",72,24,01-11-2000,31,Serie A,54,Torino,France,1,76,50,55,72,76,68,74,82,84,76,67,58,78,69,73,68,64,66,61,66,66,64,11,10,14,7,15
251629,J. Lonwijk,Justin Antonius Lonwijk,"CM, RM, CAM",66,25,21-12-1999,10,Eredivisie,634,Fortuna Sittard,Suriname,1,55,60,60,68,64,66,68,69,82,70,67,68,78,75,81,62,67,65,66,63,62,55,7,9,8,11,7
268805,D. Jean Jacques,Danley Jean Jacques,"CM, CDM",70,25,20-05-2000,39,Major League Soccer,112134,Philadelphia Union,Haiti,1,56,51,64,74,68,70,74,68,69,68,68,67,74,76,73,66,68,67,69,66,71,67,11,12,7,9,7
205089,M. Valoti,Mattia Valoti,"CM, CAM",70,31,06-09-1993,31,Serie A,111434,Cremonese,Italy,1,66,64,48,76,72,72,74,50,54,70,68,68,52,60,56,57,68,71,73,55,59,57,6,12,11,8,14
220475,A. Grassi,Alberto Grassi,"CM, CDM",70,30,07-03-1995,31,Serie A,111434,Cremonese,Italy,1,64,58,63,73,71,72,72,62,37,64,68,70,64,75,56,70,68,69,66,63,69,64,12,6,15,8,8
260464,J. Fujita,Joel Chima Fujita藤田 譲瑠チマ,"CM, CDM",69,23,16-02-2002,19,Bundesliga,110329,FC St. Pauli,Japan,1,44,55,50,77,65,71,71,76,59,73,61,67,70,72,69,63,57,70,67,58,70,69,12,8,15,7,14
273884,C. Ordoñez,Christian Nahuel Ordoñez,"CDM, CM",72,20,24-07-2004,31,Serie A,50,Parma,Argentina,1,50,39,59,72,69,71,71,82,83,79,69,57,81,92,77,65,58,70,59,63,70,71,12,6,8,6,11
229640,M. Pedersen,Mads Giersing Valentin Pedersen,"LB, LM, RB",72,28,01-09-1996,19,Bundesliga,100409,FC Augsburg,Denmark,1,68,45,48,70,73,63,71,81,74,82,71,66,65,69,58,69,71,66,58,69,71,69,8,8,7,9,11
240452,M. Nzola,Mbala N'Zola,ST,75,28,18-08-1996,31,Serie A,110738,Pisa,Angola,1,52,74,72,69,74,62,76,83,87,65,73,78,94,62,92,29,74,62,76,20,24,28,12,14,6,13,15
242054,Igor Silva,Igor Silva de Almeida,"RB, RM",70,28,21-08-1996,16,Ligue 1,217,FC Lorient,Brazil,1,69,45,59,64,73,64,73,73,75,79,63,69,64,74,53,67,67,58,58,66,67,63,11,12,14,6,8
210372,R. Ghezzal,Rachid Ghezzalرشيد غزال,"RM, RW",74,33,09-05-1992,16,Ligue 1,66,Olympique Lyonnais,Algeria,2,76,68,56,74,79,75,75,66,70,76,71,72,63,68,57,32,73,75,74,31,29,23,12,6,15,7,15
265741,Z. Buurmeester,Zico Buurmeester,"CM, CDM, CAM",69,23,07-06-2002,10,Eredivisie,1914,PEC Zwolle,Netherlands,1,62,63,60,73,70,70,71,67,63,74,68,69,68,86,63,62,63,64,70,64,66,66,6,14,6,12,12
198176,S. de Vrij,Stefan de Vrij,CB,84,33,05-02-1992,31,Serie A,44,Inter,Netherlands,3,49,25,82,83,66,74,74,63,61,60,85,65,81,70,74,85,31,70,85,88,87,82,8,10,7,14,13
244853,K. Sowah,Kamal Sowah,"ST, CAM, LM",67,25,09-01-2000,10,Eredivisie,1904,NAC Breda,Ghana,1,61,65,55,68,74,59,74,80,74,77,65,72,69,75,58,46,64,64,67,43,49,45,10,13,10,9,7
258684,Salinas,José Salinas Morán,"LB, LM",72,24,30-09-2000,53,La Liga,452,RCD Espanyol,Spain,1,70,50,64,65,69,63,70,75,79,66,68,73,70,79,58,69,66,66,64,71,69,68,15,6,9,13,9
257406,F. Doucouré,Fodé Doucouré,"RB, RM",69,24,03-02-2001,16,Ligue 1,1738,Le Havre AC,Mali,1,63,58,63,64,66,56,66,86,90,86,65,63,78,77,61,65,62,59,65,63,62,59,14,10,11,14,6
235662,A. Mumin,Khalid Abdul Mumin Suleman,CB,77,27,06-06-1998,53,La Liga,480,Rayo Vallecano,Ghana,1,47,44,72,72,68,70,72,75,77,62,76,66,83,71,76,77,43,54,65,79,78,77,13,6,10,9,11
205990,H. Reed,Harrison James Reed,"CDM, CM",72,30,27-01-1995,13,Premier League,144,Fulham FC,England,1,72,59,53,73,67,71,71,55,52,62,73,67,61,43,66,74,65,69,70,72,74,72,7,12,14,10,11
257484,T. Oosting,Thijs Oosting,"CAM, ST",66,25,02-05-2000,10,Eredivisie,1914,PEC Zwolle,Netherlands,1,66,67,62,67,64,66,69,68,53,67,66,72,67,75,59,58,68,63,65,56,59,58,6,12,10,13,9
260842,L. Engel,Lukas Ahlefeld Engel,"LB, LM, CB",71,26,14-12-1998,39,Major League Soccer,113149,FC Cincinnati,Denmark,1,66,59,61,67,70,65,73,80,82,68,63,64,75,80,65,63,60,63,63,64,65,67,9,12,7,7,12
212977,N. Stark,Niklas Stark,CB,75,30,14-04-1995,19,Bundesliga,38,SV Werder Bremen,Germany,1,50,45,76,72,65,65,67,73,84,65,73,63,81,75,81,73,48,68,69,74,74,74,7,15,10,15,13
243481,M. Pedersen,Marcus Holmgren Pedersen,"RB, RM",72,24,16-07-2000,31,Serie A,54,Torino,Norway,1,74,48,38,69,72,68,68,88,89,80,64,51,65,78,62,66,70,65,63,64,70,69,10,7,9,15,11
253510,J. O'Brien,Jake O'Brien,"CB, RB, RM",76,24,15-05-2001,13,Premier League,7,Everton,Republic of Ireland,1,64,38,80,71,62,63,68,68,85,44,74,72,88,67,85,74,59,59,64,73,76,73,12,11,11,9,12
237647,A. Hrustić,Ajdin Hrustić,"CM, CDM",67,28,05-07-1996,10,Eredivisie,100634,Heracles Almelo,Australia,1,70,62,51,68,70,69,71,66,36,75,66,74,63,66,65,58,67,69,64,57,56,50,9,7,8,7,6
268703,N. Cambiaghi,Nicolò Cambiaghi,"LM, LW",73,24,28-12-2000,31,Serie A,189,Bologna,Italy,1,70,69,63,70,80,62,75,75,75,75,74,79,72,60,61,38,74,62,64,27,41,32,7,12,8,14,14
258730,Miguel Rodríguez,Miguel Rodríguez Vidal,"RW, RM",73,22,29-04-2003,10,Eredivisie,1903,FC Utrecht,Spain,1,66,73,47,71,75,65,75,78,79,75,71,64,65,76,60,44,74,69,65,63,58,55,7,10,7,7,12
240660,M. Léris,Mehdi Pascal Marcel Léris,"RM, RW",68,27,23-05-1998,31,Serie A,110738,Pisa,Algeria,1,62,60,64,66,69,60,70,63,70,62,68,64,73,75,74,60,64,70,69,58,60,60,9,6,13,10,8
259634,J. Zemura,Jordan Bhekithemba Zemura,"LB, LM",70,25,14-11-1999,31,Serie A,55,Udinese,Zimbabwe,1,70,54,44,68,72,64,71,80,68,70,68,72,57,73,50,66,66,60,64,65,68,66,11,10,13,8,8
242238,O. Solet,Oumar Mickael Solet Bomawoko,CB,78,25,07-02-2000,31,Serie A,55,Udinese,France,1,31,35,70,79,69,76,72,70,86,60,75,64,82,85,88,78,59,66,70,80,78,74,12,14,10,14,15
246849,G. Dorsey,Griffin Dorsey,"RB, RM",70,26,05-03-1999,39,Major League Soccer,698,Houston Dynamo,United States,1,69,56,59,70,66,65,70,77,79,72,62,59,74,90,70,59,62,62,62,68,62,59,7,8,9,11,10
258437,E. Emegha,Emmanuel Esseh Emegha,ST,78,22,03-02-2003,16,Ligue 1,76,RC Strasbourg Alsace,Netherlands,1,47,79,77,65,69,49,76,81,95,69,77,78,92,84,82,35,82,64,75,26,21,23,11,10,12,10,6
236935,H. Wolf,Hannes Wolf,"RM, CAM, LM, RW",71,26,16-04-1999,39,Major League Soccer,112828,New York City FC,Austria,1,63,68,57,69,74,64,73,80,74,77,67,69,73,68,66,38,70,70,66,25,42,40,13,10,13,6,8
232388,Vítor Costa,Vítor Costa de Brito,"LB, LM, LW",70,31,01-07-1994,39,Major League Soccer,111928,San Jose Earthquakes,Brazil,1,64,48,55,60,68,56,67,78,75,69,65,65,72,85,65,71,56,57,59,58,71,68,14,11,10,14,8
74463,Marc Bernal,Marc Bernal Casas,"CDM, CM",73,18,26-05-2007,53,La Liga,241,FC Barcelona,Spain,1,63,49,52,78,74,74,76,57,65,73,73,57,61,54,66,71,63,72,70,68,75,73,12,8,7,14,5
252139,Filipe Soares,Filipe Miguel Barros Soares,"CM, CAM",67,26,20-05-1999,308,Primeira Liga,1891,CD Nacional,Portugal,1,56,65,51,69,68,66,70,67,65,68,68,73,64,70,67,60,69,68,64,58,59,38,12,14,13,13,11
256776,I. Schmidt,Isaac Osa's Schmidt,"LB, RB, LM",72,25,07-12-1999,19,Bundesliga,38,SV Werder Bremen,Switzerland,1,60,55,48,64,73,57,72,87,86,86,64,58,69,80,60,70,59,61,65,66,69,68,6,15,7,11,8
227855,B. Sabovic,Besard ŠabovićБесард Шабовиќ,"CM, CDM",68,27,05-01-1998,39,Major League Soccer,114161,Austin FC,Sweden,1,55,66,53,72,66,70,68,55,55,70,64,68,64,76,74,68,61,67,67,63,64,62,13,16,16,12,7
274209,Carlos Álvarez,Carlos Álvarez Rivera,"RM, CAM, RW",75,21,06-08-2003,53,La Liga,1853,Levante UD,Spain,1,66,70,45,76,78,71,77,79,76,82,73,72,64,70,58,44,69,77,70,42,37,29,14,8,11,10,5
229971,F. Centonze,Fabien Centonze,"RB, LB, RM",70,29,16-01-1996,16,Ligue 1,71,FC Nantes,France,1,75,42,59,69,65,66,71,65,67,65,58,64,68,68,70,67,66,66,69,65,71,68,14,12,9,12,13
77163,I. Smolčić,Ivan Smolčić,RB,72,24,17-08-2000,31,Serie A,1745,Como,Croatia,1,60,55,70,66,70,57,66,63,63,60,72,55,77,72,79,75,69,68,75,72,75,75,6,10,12,13,15
220440,C. Lenglet,Clément Nicolas Laurent Lenglet,CB,80,30,17-06-1995,53,La Liga,240,Atlético Madrid,France,3,55,39,80,81,57,75,73,52,56,60,82,58,79,71,79,83,54,69,77,83,82,80,10,10,9,12,7
186905,A. Barnes,Ashley Luke Barnes,"ST, CAM, CM",70,35,30-10-1989,13,Premier League,1796,Burnley,England,1,66,72,73,70,67,66,71,43,39,64,74,74,75,65,81,41,74,73,75,44,46,39,6,10,11,10,10
259101,J. Gazibegović,Jusuf Gazibegović,"RB, RM",70,25,11-03-2000,19,Bundesliga,31,1. FC Köln,Bosnia and Herzegovina,1,70,26,52,67,68,59,69,76,73,82,68,67,69,59,65,70,63,63,59,73,68,67,15,13,8,6,9
262479,Rubén Sánchez,Rubén Sánchez Sáez,"RB, RM",69,24,04-02-2001,53,La Liga,452,RCD Espanyol,Spain,1,64,60,61,65,64,62,65,81,78,74,65,65,76,82,64,65,63,64,62,64,64,61,14,13,15,8,13
183895,M. Moralez,Maximiliano Nicolás Moralez,"CAM, CM, CDM",72,38,27-02-1987,39,Major League Soccer,112828,New York City FC,Argentina,1,72,68,56,74,75,70,76,67,53,75,73,67,43,64,33,44,73,72,75,48,59,52,6,5,14,14,9
271017,Matheus Pereira,Matheus Pereira de Souza,"LB, LM, LW",70,24,21-12-2000,308,Primeira Liga,1438,Santa Clara,Brazil,1,67,60,53,62,71,56,68,76,78,61,65,57,71,77,70,63,67,58,63,65,70,70,6,13,5,11,14
257970,W. Kamanzi,Warren Håkon Christofer Kamanzi,"RB, RM, RW",72,24,11-11-2000,16,Ligue 1,1809,Toulouse FC,Norway,1,68,52,59,68,70,62,70,79,83,78,71,56,72,75,62,67,67,66,68,68,70,68,12,6,12,13,9
252865,Iker Losada,Iker Losada Aragunde,"CAM, RM, CM",72,23,01-08-2001,53,La Liga,1853,Levante UD,Spain,1,73,70,64,72,73,68,73,72,72,77,72,72,70,55,58,46,71,72,65,43,28,21,8,10,7,12,10
269256,W. Ould-Chikh,Walid Ould-Chikh,"CAM, CM",66,25,06-11-1999,10,Eredivisie,100634,Heracles Almelo,Netherlands,1,59,66,59,67,67,62,65,74,72,75,64,73,70,67,61,58,62,63,65,56,56,52,5,13,10,8,11
242648,A. Roldan,Álexander Roldán León,"RB, RM, RW",70,28,28-07-1996,39,Major League Soccer,111144,Seattle Sounders FC,El Salvador,1,70,56,59,70,68,67,74,76,74,72,68,63,72,84,62,65,68,67,70,66,63,60,10,6,14,8,6
257785,M. Brescianini,Marco Brescianini,"CM, CAM",71,25,20-01-2000,31,Serie A,39,Atalanta,Italy,1,54,68,65,73,71,72,74,58,55,55,71,72,71,69,73,67,70,70,69,66,68,61,6,14,9,7,10
201505,David López,David López Silva,"CB, CDM",77,35,09-10-1989,53,La Liga,110062,Girona FC,Spain,1,55,53,80,81,64,80,74,36,43,34,77,75,75,52,79,77,60,74,70,77,77,77,9,12,7,11,15
239944,R. Taylor,Robert Thomas Taylor,"LW, LM, RM",70,30,21-10-1994,39,Major League Soccer,114161,Austin FC,Finland,1,70,68,40,71,71,70,69,79,84,79,59,73,62,76,63,43,63,70,68,54,51,52,8,13,8,12,10
276594,N. Cadiou,Noah Cadiou,"CDM, CM",70,26,26-10-1998,16,Ligue 1,217,FC Lorient,France,1,65,54,70,71,69,67,69,67,67,57,66,67,83,90,89,68,59,58,69,63,67,64,12,14,12,8,7
272777,B. Humphreys,Bashir Humphreys,"LB, CB, RB",73,22,15-03-2003,13,Premier League,1796,Burnley,England,1,68,39,70,71,68,65,70,75,71,68,71,57,81,74,76,72,40,61,69,71,73,71,13,7,12,13,14
229584,P. Stenzel,Pascal Stenzel,"RB, CB, RM",70,29,20-03-1996,19,Bundesliga,36,VfB Stuttgart,Germany,1,66,55,63,75,68,72,72,51,54,61,66,76,65,69,67,72,52,69,67,68,71,70,13,11,10,11,8
212190,N. Süle,Niklas Süle,"CB, RB, RM",81,29,03-09-1995,19,Bundesliga,22,Borussia Dortmund,Germany,3,54,36,75,78,69,82,72,45,74,34,81,78,72,52,93,82,42,66,84,81,82,83,15,7,14,7,15
238305,Nacho Vidal,Ignacio Vidal Miralles,RB,73,30,24-01-1995,53,La Liga,110827,Real Oviedo,Spain,1,74,59,70,73,66,65,68,73,73,69,72,61,74,63,63,71,66,64,70,63,74,71,8,8,7,11,9
201447,S. Lletget,Sebastian Francisco Lletget,"CM, CDM, CAM",66,32,03-09-1992,39,Major League Soccer,695,FC Dallas,United States,1,67,59,55,70,67,64,68,65,68,71,67,69,70,74,73,59,64,70,73,59,59,59,6,14,13,7,9
277483,G. Zechiël,Gjivai Zechiël,"CM, CDM",69,21,01-06-2004,10,Eredivisie,1903,FC Utrecht,Netherlands,1,52,53,63,74,72,70,72,76,66,82,68,62,75,72,66,68,66,65,70,69,70,64,9,7,9,7,8
279027,Javi Rodríguez,Javier Rodríguez Galiano,"RB, CB",76,22,26-06-2003,53,La Liga,450,RC Celta,Spain,1,73,45,69,75,70,65,75,73,74,61,76,56,75,77,68,74,54,64,75,72,75,74,13,13,10,14,12
236281,F. Negri,Franco Negri,"LB, LM",69,30,20-02-1995,39,Major League Soccer,131439,San Diego FC,Argentina,1,68,60,59,70,70,66,68,78,77,70,63,67,74,72,66,66,65,64,70,64,64,62,6,6,15,9,10
268656,A. Zanoli,Alessandro Zanoli,"RB, RM",72,24,03-10-2000,31,Serie A,55,Udinese,Italy,1,69,59,60,68,70,67,71,76,78,68,70,50,75,70,68,69,71,59,68,67,74,70,14,7,13,10,11
237203,C. Paredes,Cristhian Fabián Paredes Maciel,"CDM, CM",67,27,18-05-1998,39,Major League Soccer,111140,Portland Timbers,Paraguay,1,51,62,68,67,62,65,65,67,66,68,69,69,73,70,70,63,63,69,65,64,66,66,9,6,12,6,6
70571,Kevin,Kevin Santos Lopes de Macedo,"LM, LW, RW",76,22,04-01-2003,13,Premier League,144,Fulham FC,Brazil,1,74,69,46,70,82,69,80,82,81,81,71,75,65,69,56,32,71,70,69,30,34,32,7,7,6,14,7
277689,C. Harder,Conrad Harder Weibel Schandorf,"ST, CAM, LW, CM",74,20,07-04-2005,19,Bundesliga,112172,RB Leipzig,Denmark,1,64,76,75,68,71,58,70,74,75,72,72,81,87,63,81,23,74,70,72,28,19,18,13,8,12,8,9
256196,W. Pacho,Willian Joel Pacho Tenorio,CB,86,23,16-10-2001,16,Ligue 1,73,Paris Saint-Germain,Ecuador,3,46,30,82,77,52,69,69,74,84,63,85,46,90,78,89,83,36,58,81,88,88,81,9,12,12,13,10
253150,M. Trésor,Mike Trésor Ndayishimiye,"LM, CAM, LW",73,26,28-05-1999,13,Premier League,1796,Burnley,Belgium,1,72,66,29,72,75,68,73,80,81,82,70,68,54,63,52,45,69,72,72,41,35,32,14,9,12,11,12
255205,S. Berhalter,Sebastian Berhalter,"CM, RM, CDM, RW",67,24,10-05-2001,39,Major League Soccer,101112,Vancouver Whitecaps FC,United States,1,65,55,47,69,64,66,66,72,71,79,69,56,63,86,63,64,62,66,66,69,71,59,10,8,12,9,8
252937,Y. Gboho,Yann-Alexandre Gboho Gnantin,"CAM, LM, LW, ST",75,24,14-01-2001,16,Ligue 1,1809,Toulouse FC,France,1,64,73,53,76,80,61,79,81,78,80,76,69,70,67,61,30,74,75,73,34,38,34,7,15,11,13,10
256781,L. Netz,Luca Netz,"LB, LM",72,22,15-05-2003,19,Bundesliga,23,Borussia Mönchengladbach,Germany,1,77,46,60,73,73,64,72,76,70,74,65,59,74,68,65,67,65,60,64,66,71,70,7,11,12,9,13
219932,A. Sanabria,Arnaldo Antonio Sanabria Ayala,ST,76,29,04-03-1996,31,Serie A,111434,Cremonese,Paraguay,1,63,79,76,74,80,63,80,78,72,82,72,78,82,60,62,21,80,69,78,42,20,15,8,14,9,14,13
216460,J. Giménez,José María Giménez de Vargas,CB,83,30,20-01-1995,53,La Liga,240,Atlético Madrid,Uruguay,3,47,37,82,75,55,72,70,68,77,60,78,73,87,71,85,84,25,46,75,87,85,85,9,11,7,10,15
210321,R. Quioto,Romell Samir Quioto Robinson,"ST, LW",73,33,09-08-1991,350,Pro League,115892,Al-Najma SC,Honduras,1,69,72,73,69,73,63,70,74,86,77,70,74,86,60,80,21,74,71,68,16,17,10,9,7,8,14,13
210843,H. Kadish,Hassan Kadesh Mahboobحسن كادش محبوب,"LB, CB",71,32,26-09-1992,350,Pro League,607,Al Ittihad,Saudi Arabia,1,62,43,75,65,62,69,64,74,76,73,66,61,88,87,81,66,65,57,55,64,68,69,15,11,7,15,10
256942,E. Martel,Eric Martel,"CDM, CM, CB",76,23,29-04-2002,19,Bundesliga,31,1. FC Köln,Germany,1,52,50,70,72,71,69,72,65,58,67,74,53,77,86,78,78,56,65,75,77,74,73,5,10,13,5,15
275401,M. Frigan,Matija Frigan,ST,73,22,11-02-2003,31,Serie A,50,Parma,Croatia,1,62,75,69,61,73,63,72,80,79,72,68,72,83,76,76,24,75,56,62,37,38,27,6,7,8,8,14
272612,B. Gruda,Brajan Gruda,"CAM, RM, CM",74,21,31-05-2004,13,Premier League,1808,Brighton & Hove Albion,Germany,1,69,65,51,71,82,61,77,78,70,85,72,82,68,66,62,31,73,72,62,26,30,21,12,10,12,6,10
225316,J. Hendry,Jack William Hendry,CB,74,30,07-05-1995,350,Pro League,112096,Al Ettifaq,Scotland,1,48,50,77,77,59,78,72,62,82,58,68,77,85,81,83,69,58,58,71,68,72,71,13,11,13,8,13
232756,F. Tomori,Oluwafikayomi Oluwadamilola Tomori,CB,81,27,19-12-1997,31,Serie A,47,AC Milan,England,3,53,33,80,75,61,65,70,78,84,74,83,56,88,74,76,81,37,48,81,81,86,78,10,13,10,11,7
256831,D. Cirkin,Dennis Cirkin,"LB, LM",72,23,06-04-2002,13,Premier League,106,Sunderland,England,1,68,54,64,68,68,58,68,77,78,68,70,59,72,75,57,67,59,60,66,67,68,68,7,8,11,11,15
199813,G. Trauner,Gernot Trauner,CB,75,33,25-03-1992,10,Eredivisie,246,Feyenoord,Austria,2,57,50,77,72,63,71,65,46,62,53,69,68,82,64,89,72,55,63,76,76,76,74,8,7,11,7,9
252858,E. Tagseth,Edvard Sandvik Tagseth,"CM, LB, CDM",67,24,23-01-2001,39,Major League Soccer,114162,Nashville SC,Norway,1,60,61,48,67,67,66,65,80,78,84,66,59,64,80,57,65,65,66,64,58,64,61,9,7,14,9,6
224444,H. Belkebla,Haris Belkeblaهاريس بلقبلة,"CDM, CM",74,31,28-01-1994,16,Ligue 1,1530,Angers SCO,Algeria,1,63,41,55,76,71,73,73,51,42,59,70,61,62,86,67,68,61,73,70,69,72,70,8,14,16,14,15
252975,B. Traoré,Boubacar Traoré,"CDM, CM, CB",71,23,20-08-2001,16,Ligue 1,68,FC Metz,Mali,1,58,45,57,75,70,73,72,65,67,71,68,68,70,63,73,66,62,69,70,64,69,68,12,10,15,11,11
203067,D. Chará,Diego Ferney Chará Zamora,"CDM, CM, CB",70,39,05-04-1986,39,Major League Soccer,111140,Portland Timbers,Colombia,1,44,49,52,68,64,62,67,67,68,69,68,58,64,78,67,70,55,64,71,71,71,69,8,8,15,11,14
202050,T. Bruns,Thomas Jan Paul Bruns,"CAM, CM",67,33,07-01-1992,10,Eredivisie,100634,Heracles Almelo,Netherlands,1,58,60,58,72,63,69,66,65,56,64,66,67,65,75,61,61,69,68,68,49,61,59,13,11,13,14,9
253004,Ansu Fati,Anssumane Fati Vieira,"LM, LW",75,22,31-10-2002,16,Ligue 1,69,AS Monaco,Spain,1,70,72,62,73,77,70,77,82,81,83,71,75,68,60,49,20,72,72,79,23,32,28,6,9,8,10,7
219733,L. Ajorque,Ludovic Ajorque,ST,77,31,25-02-1994,16,Ligue 1,378,Stade Brestois 29,France,1,50,79,79,69,69,48,76,52,72,47,78,78,78,67,94,39,81,74,82,43,45,35,8,13,14,14,7
275324,A. Diao,Assane Diao Diaoune,"LM, RM, LW",76,19,07-09-2005,31,Serie A,1745,Como,Senegal,1,69,79,42,69,78,63,79,90,90,82,69,68,62,74,53,40,75,70,66,36,33,34,7,7,12,8,11
73885,C. Kostoulas,Charalampos KostoulasΧαράλαμπος Κωστούλας,"ST, CAM, RM",72,18,07-05-2007,13,Premier League,1808,Brighton & Hove Albion,Greece,1,45,73,69,71,73,63,69,84,87,72,66,70,86,74,79,34,70,63,64,39,41,34,10,13,14,7,7
224967,M. Sylla,Mamadou Sylla Diallo,"ST, LM, LW",71,31,20-03-1994,350,Pro League,113037,Al Riyadh,Senegal,1,57,71,72,69,71,50,68,80,76,73,66,72,89,76,80,36,72,68,67,21,42,37,9,16,9,8,11
210897,C. Mbemba,Chancel Mbemba Mangulu,CB,75,30,08-08-1994,16,Ligue 1,65,Lille OSC,Congo DR,2,64,55,75,73,64,68,72,66,67,66,72,72,82,56,80,74,64,63,71,72,78,76,9,14,16,7,7
241628,N. Pierini,Nicholas Pierini,"ST, RW, LW, CAM",71,26,06-08-1998,31,Serie A,111974,Sassuolo,Italy,1,62,70,58,68,74,60,76,89,85,81,70,74,74,66,57,38,69,68,66,30,43,38,11,5,7,8,10
73449,H. Igamane,Hamza Igamaneحمزة اغامان,"ST, LM, CAM",73,22,02-11-2002,16,Ligue 1,65,Lille OSC,Morocco,1,58,73,69,67,73,58,75,83,77,80,72,76,81,65,70,31,70,68,73,28,35,22,5,7,11,14,11
277794,A. Manyoma,Alexis Castillo Manyoma,"RM, LM, RW",72,22,30-01-2003,39,Major League Soccer,694,Colorado Rapids,Colombia,1,65,65,37,73,71,66,71,85,83,85,67,66,62,57,59,45,70,70,71,42,62,56,14,11,8,12,7
277581,Samu,Samuel Omorodion Aghehowa,ST,79,21,05-05-2004,308,Primeira Liga,236,FC Porto,Spain,1,48,83,82,67,71,57,69,75,83,57,79,81,94,74,90,33,83,54,73,30,32,21,11,12,11,8,8
233866,O. Edouard,Odsonne Édouard,ST,72,27,16-01-1998,16,Ligue 1,64,RC Lens,France,1,58,74,71,69,73,58,73,65,67,63,67,76,78,61,73,39,75,69,74,44,46,28,7,6,13,11,13
272781,E. Ben Seghir,Eliesse Ben Seghirإلياس بن صغير,"LM, CAM, LW",76,20,16-02-2005,19,Bundesliga,32,Bayer 04 Leverkusen,Morocco,1,68,73,55,75,80,69,79,76,77,81,74,74,70,71,61,23,73,76,77,22,28,31,6,10,6,10,7
279731,Gabriel Moscardo,Gabriel Silva Moscardo de Salles,"CDM, CM",72,19,28-09-2005,308,Primeira Liga,1896,Sporting Clube de Braga,Brazil,1,47,48,63,72,70,70,74,62,68,78,64,64,83,70,80,71,55,59,68,68,76,74,13,14,13,8,8
269262,M. Oyedele,Maximillian Oyedele,"CM, CDM, CAM",70,20,07-11-2004,16,Ligue 1,76,RC Strasbourg Alsace,Poland,1,53,56,58,74,66,72,71,68,71,70,71,67,68,63,68,73,66,68,70,66,73,65,8,13,7,13,6
248857,M. Felici,Mattia Felici,"LM, LB, LW",71,24,17-04-2001,31,Serie A,1842,Cagliari,Italy,1,68,64,47,66,74,57,72,84,86,85,67,71,62,65,51,52,67,65,64,45,48,46,13,11,12,6,11
250955,J. Stanišić,Josip Stanišić,"CB, RB, LB, RM",78,25,02-04-2000,19,Bundesliga,21,FC Bayern München,Croatia,1,72,44,77,74,68,60,73,68,77,66,76,52,82,71,75,78,53,58,66,80,79,81,11,6,10,9,12
277878,Santi García,Santiago García González,"CM, CDM, CAM",69,23,29-08-2001,308,Primeira Liga,1888,Gil Vicente FC,Spain,1,63,60,56,73,69,68,72,67,66,64,73,71,67,74,66,55,68,65,64,48,62,56,13,13,13,6,8
248695,W. Fofana,Wesley Fofana,CB,79,24,17-12-2000,13,Premier League,5,Chelsea,France,3,42,38,77,75,71,69,72,69,78,65,77,48,78,67,81,81,40,60,76,79,81,80,14,12,9,14,6
233414,João Graça,João Pedro Salazar da Graça,"CM, RW, RM",67,30,18-06-1995,308,Primeira Liga,744,Rio Ave FC,Portugal,1,62,55,56,71,71,67,68,66,70,66,64,68,65,64,61,65,65,68,70,67,60,56,11,12,12,12,11
255185,Y. Suzuki,Yuito Suzuki鈴木 唯人,"CAM, ST",71,23,25-10-2001,19,Bundesliga,25,SC Freiburg,Japan,1,62,69,46,68,73,66,72,84,83,83,67,72,59,81,45,49,69,66,68,45,50,48,15,12,8,13,6
243669,J. Anthony,Jaidon Kya Denley Anthony,"LM, RM, LW",74,25,01-12-1999,13,Premier League,1796,Burnley,England,1,73,69,52,71,75,60,77,78,80,71,69,66,69,84,64,29,69,73,73,38,48,24,8,9,7,13,15
236506,M. Senesi,Marcos Nicolás Senesi Barón,CB,78,28,10-05-1997,13,Premier League,1943,AFC Bournemouth,Argentina,2,63,32,76,76,73,81,75,62,51,65,76,55,82,63,78,79,32,75,76,79,79,79,10,13,11,7,8
74473,L. Leroux,Louis Leroux,"CM, LB, LM",70,19,23-01-2006,16,Ligue 1,71,FC Nantes,France,1,67,58,48,72,72,68,75,71,64,64,69,68,58,77,54,63,68,67,68,61,71,68,5,10,10,12,14
221713,D. Lovitz,Daniel Harry Lovitz,"LB, CB, LM",68,33,27-08-1991,39,Major League Soccer,114162,Nashville SC,United States,1,71,49,68,65,61,62,61,67,79,60,62,61,71,76,66,62,57,59,58,63,64,64,15,8,15,12,10
274722,G. Gocholeishvili,Giorgi Gocholeishviliგიორგი გოჩოლეიშვილი,"RB, RM",70,24,14-02-2001,19,Bundesliga,28,Hamburger SV,Georgia,1,67,49,49,66,69,61,66,84,85,78,65,64,71,78,68,65,63,59,59,58,64,66,10,9,6,10,12
231985,K. Rosenberry,Keegan Rosenberry,"RB, LB, RM, LM",70,31,11-12-1993,39,Major League Soccer,694,Colorado Rapids,United States,1,60,48,65,65,62,62,63,68,68,77,67,66,71,86,68,68,59,57,68,69,69,67,14,15,13,6,9
268116,T. Rothe,Tom Alexander Rothe,"LB, LM, CB",74,20,29-10-2004,19,Bundesliga,1831,1. FC Union Berlin,Germany,1,84,52,75,69,68,70,74,66,56,57,74,58,82,77,79,73,63,66,68,73,68,69,8,9,13,9,8
263773,T. Beelen,Thomas Beelen,CB,74,24,11-06-2001,10,Eredivisie,246,Feyenoord,Netherlands,1,58,36,74,70,68,67,69,75,78,59,71,60,88,69,84,72,45,60,74,75,75,73,11,11,10,7,10
266096,Tomás Araújo,Tomás Lemos Araújo,"CB, RB, RM",78,23,16-05-2002,308,Primeira Liga,234,SL Benfica,Portugal,1,58,25,74,78,72,79,76,81,83,63,78,40,89,75,82,78,52,71,74,75,80,74,12,11,7,9,13
208260,D. Kourbelis,Dimitrios KourbelisΔημήτριος Κουρμπέλης,"CDM, CM, CB",72,31,02-11-1993,350,Pro League,112883,Al Khaleej,Greece,1,56,45,58,72,64,75,69,73,76,67,70,65,75,74,74,72,34,54,70,69,72,71,7,7,13,12,11
206222,Bigas,Pedro Bigas Rigo,CB,74,34,15-09-1990,53,La Liga,468,Elche CF,Spain,1,67,49,74,75,64,69,67,57,57,62,69,62,80,72,82,72,61,45,69,75,74,71,15,14,9,13,11
272783,A. Atta,Arthur Atta,"CM, RM, CAM",69,22,14-01-2003,31,Serie A,55,Udinese,France,1,52,54,60,74,70,69,72,70,73,71,68,70,71,64,70,61,69,71,75,59,68,60,8,13,12,14,13
74896,F. Ivanović,Franjo Ivanović,"ST, CAM",75,21,01-10-2003,308,Primeira Liga,234,SL Benfica,Croatia,1,64,83,64,68,78,54,72,70,74,66,76,74,75,70,74,19,81,71,76,25,31,24,7,8,6,15,10
263603,O. Targhalline,Oussama Targhallineأسامة ترجملين,"CM, CDM, CB",73,23,20-05-2002,10,Eredivisie,246,Feyenoord,Morocco,1,56,60,62,76,73,75,74,50,49,69,72,70,62,68,60,71,64,75,74,65,72,63,6,7,5,9,8
257504,B. El Khannouss,Bilal El Khannoussبلال الخنوص,"CAM, LM, CM",76,21,10-05-2004,19,Bundesliga,36,VfB Stuttgart,Morocco,1,70,65,44,78,82,78,80,79,74,88,74,65,61,71,56,41,68,79,80,34,39,37,10,6,14,13,10
264220,Y. Baas,Youri Baas,"CB, LB",75,22,17-03-2003,10,Eredivisie,245,Ajax,Netherlands,1,67,39,69,78,70,70,75,69,73,71,76,42,83,71,72,77,55,65,74,78,77,75,9,12,14,12,7
276007,P. Katseris,Panos KatserisΠάνος Κατσέρης,"RM, RB",70,23,05-07-2001,16,Ligue 1,217,FC Lorient,Greece,1,69,59,54,70,69,62,73,79,79,72,65,64,67,84,56,63,60,57,59,58,64,61,8,15,6,6,12
244263,A. Rrahmani,Amir Kadri Rrahmani,CB,83,31,24-02-1994,31,Serie A,48,Napoli,Kosovo,3,49,43,81,74,59,68,71,54,82,48,80,60,81,71,80,85,49,48,70,87,82,80,12,8,13,8,7
259399,R. Højlund,Rasmus Winther Højlund,ST,76,22,04-02-2003,31,Serie A,48,Napoli,Denmark,1,38,77,71,73,75,49,73,84,86,64,73,84,90,70,82,28,75,60,72,32,28,19,12,8,9,14,7
246099,K. Goudmijn,Kenzo Goudmijn,"CM, CDM, CAM",68,23,18-12-2001,10,Eredivisie,100632,Go Ahead Eagles,Netherlands,1,60,56,48,72,71,69,72,78,77,85,66,64,57,70,47,62,64,69,70,68,60,56,13,6,13,9,8
213134,L. Öztunalı,Levin Mete Öztunali,"RW, CM, RM",67,29,15-03-1996,19,Bundesliga,28,Hamburger SV,Germany,1,63,62,54,65,68,60,66,74,74,72,66,68,71,64,71,54,67,67,67,43,48,49,10,16,13,15,9
221331,L. Mazzitelli,Luca Mazzitelli,"CM, CDM",71,29,15-11-1995,31,Serie A,1842,Cagliari,Italy,1,68,54,55,78,70,76,73,44,36,58,68,74,58,65,63,66,59,74,71,62,68,66,12,7,8,8,10
247463,F. Balogun,Folarin Jolaoluwa Jerry Balogun,"ST, CAM",77,23,03-07-2001,16,Ligue 1,69,AS Monaco,United States,1,58,79,75,69,78,57,77,82,85,76,76,79,86,65,73,18,78,62,77,18,15,16,10,12,12,13,10
234679,P. Sandler,Philippe Sandler,CB,74,28,10-02-1997,10,Eredivisie,1910,NEC Nijmegen,Netherlands,1,49,34,72,78,71,75,74,62,73,57,66,63,83,48,87,73,40,73,77,74,76,72,12,13,15,13,11
244725,E. Linthorst,"Henricus Gerardus Hubertus Maria ""Evert"" Linthorst","CDM, CM",69,25,03-03-2000,10,Eredivisie,100632,Go Ahead Eagles,Netherlands,1,46,60,66,68,65,69,69,66,66,65,68,67,77,80,78,67,66,65,67,65,63,61,6,10,12,10,13
236037,P. Clement,Pelle Clement,"CM, CDM, LM, CB",67,29,19-05-1996,10,Eredivisie,100646,Sparta Rotterdam,Netherlands,1,66,62,55,74,65,67,67,74,77,71,64,61,68,77,60,56,64,71,66,57,55,53,6,11,9,11,12
227927,K. Walker-Peters,Kyle Leonardus Walker-Peters,"RB, RM, LB",75,28,13-04-1997,13,Premier League,19,West Ham United,England,1,74,44,64,74,76,64,75,73,78,79,72,52,67,82,53,70,65,67,72,71,73,69,9,8,7,11,12
263268,Y. Cathline,Yoann Cathline,"LW, LM",75,22,22-07-2002,10,Eredivisie,1903,FC Utrecht,France,1,70,70,40,68,80,58,79,81,84,81,71,73,58,71,50,40,76,67,67,41,48,45,12,10,10,13,14
237678,I. Konaté,Ibrahima Konaté,CB,86,26,25-05-1999,13,Premier League,9,Liverpool,France,4,38,29,84,79,68,76,76,69,83,55,85,45,83,75,91,83,44,64,80,87,87,86,9,7,9,9,15
75150,João Simões,João Pedro Arnauth Barrocas Simões,"CM, CAM, CDM",69,18,06-01-2007,308,Primeira Liga,237,Sporting CP,Portugal,1,62,62,46,72,68,72,72,70,72,70,68,62,61,75,64,67,67,68,70,60,60,58,9,10,13,5,9
74649,Gustavo Silva,Gustavo da Silva Cunha,"LM, LW, ST",71,26,01-06-1999,308,Primeira Liga,1887,Vitória SC,Brazil,1,68,74,56,63,66,56,72,84,80,73,74,67,79,74,73,45,73,62,66,42,48,42,6,13,5,8,15
216258,I. Bebou,Ihlas Bebou,"ST, RW, RM",75,31,23-04-1994,19,Bundesliga,10029,TSG 1899 Hoffenheim,Togo,2,74,76,64,74,80,53,77,84,81,76,75,77,79,45,68,31,78,69,73,26,35,33,10,11,12,11,11
233730,Y. Méïté,Yakou Méïté,"ST, RM, RW",69,29,11-02-1996,350,Pro League,113217,Damac FC,Côte d'Ivoire,1,63,67,72,55,67,48,56,73,82,67,63,77,89,71,87,35,68,55,64,43,53,40,6,7,13,11,10
244767,Carlos Vicente,Carlos Vicente Robles,"RM, RW, RB",78,26,23-04-1999,53,La Liga,463,Deportivo Alavés,Spain,1,78,75,56,76,78,73,78,80,79,68,74,73,69,74,58,27,76,74,69,26,30,36,14,15,11,6,8
251464,I. Van der Brempt,Ignace Van der Brempt,"RB, RM",71,23,01-04-2002,31,Serie A,1745,Como,Belgium,1,69,59,56,68,68,65,72,74,73,69,67,62,72,73,70,65,68,66,59,67,72,70,5,14,10,9,14
267873,K. Arriaga,Kervin Fabián Arriaga Villanueva,"CDM, CB, CM",73,27,05-01-1998,53,La Liga,1853,Levante UD,Honduras,1,52,41,80,69,59,68,65,58,64,61,68,68,85,81,84,75,50,61,64,73,75,62,12,15,8,10,6
199562,Ilie Sánchez,Ilie Sánchez Farrés,"CM, CDM",71,34,21-11-1990,39,Major League Soccer,114161,Austin FC,Spain,1,49,45,68,76,68,72,76,50,44,72,74,49,69,85,72,70,63,67,69,71,70,64,6,16,16,12,11
246457,C. Ngonge,Cyril Ngonge,"RM, RW, CAM",72,25,26-05-2000,31,Serie A,54,Torino,Belgium,1,68,71,68,72,77,58,75,87,77,79,66,75,77,54,58,40,70,58,66,22,35,35,15,7,10,7,8
228321,Sergi Palencia,Sergi Palencia Hurtado,"RB, RM, LB, RW",70,29,23-03-1996,39,Major League Soccer,112996,Los Angeles FC,Spain,1,69,51,57,70,70,59,67,78,78,72,65,68,73,79,67,66,65,50,71,68,65,63,9,14,6,11,11
238392,E. Owusu,Elisha Owusu,"CDM, CM",73,27,07-11-1997,16,Ligue 1,57,AJ Auxerre,Ghana,1,60,47,50,75,70,72,72,62,50,68,71,68,63,76,68,73,62,68,68,70,75,71,12,10,5,12,9
276048,M. Fernandez-Pardo,Matias Fernandez-Pardo,"LM, RM, LW",75,20,03-02-2005,16,Ligue 1,65,Lille OSC,Spain,1,69,69,51,73,78,60,75,84,90,76,73,77,69,66,58,36,70,68,74,41,36,32,14,9,6,13,8
247678,J. Araujo,Julián Vicente Araujo Zúñiga,"RB, RM",74,23,13-08-2001,13,Premier League,1943,AFC Bournemouth,Mexico,1,70,25,66,67,68,62,69,86,80,79,70,50,80,73,69,71,65,64,68,72,73,71,14,8,7,14,13
269264,M. Kaars,Martijn Kaars,ST,71,26,05-03-1999,19,Bundesliga,110329,FC St. Pauli,Netherlands,1,70,74,62,66,68,55,72,78,85,69,70,70,74,94,62,52,75,68,73,28,25,29,13,7,6,10,9
276745,Álvaro Núñez,Álvaro Núñez Cobo,"RB, RM",72,24,07-07-2000,53,La Liga,468,Elche CF,Spain,1,69,40,47,71,70,60,69,76,75,78,68,50,69,83,71,68,66,67,63,69,70,69,6,12,7,9,12
250918,S. Bakari,Saïd Riad Bakari,"RB, RM",67,30,22-09-1994,10,Eredivisie,100646,Sparta Rotterdam,Comoros,1,59,56,57,67,67,56,64,81,75,76,62,66,73,79,77,64,62,63,63,59,63,58,12,13,10,9,7
276528,C. Echeverri,Claudio Jeremías Echeverri,"CAM, CM, LW",74,19,02-01-2006,19,Bundesliga,32,Bayer 04 Leverkusen,Argentina,1,70,66,40,71,81,69,74,87,82,92,71,68,53,55,40,39,71,72,74,32,44,37,9,12,6,13,11
243133,J. Scally,Joseph Michael Scally,"RB, CB, LB, RM",74,22,31-12-2002,19,Bundesliga,23,Borussia Mönchengladbach,United States,1,54,49,64,69,68,58,68,80,85,77,69,51,80,85,74,71,62,59,60,71,74,72,12,7,10,10,10
279497,T. Dibling,Tyler-Jay Robert Dibling,"RM, RW, CAM",74,19,17-02-2006,13,Premier League,7,Everton,England,1,75,69,41,72,78,58,76,78,76,78,72,68,65,67,70,44,71,74,75,36,38,26,15,14,12,13,14
229593,M. Pjaca,Marko Pjaca,"LM, RM, CAM, LW",71,30,06-05-1995,10,Eredivisie,1908,FC Twente,Croatia,1,67,66,67,69,78,68,80,72,72,76,64,76,78,62,74,30,65,65,62,39,39,34,11,5,10,9,12
266751,H. Jung,Ho-yeon Jung정호연,"CM, CDM, CB",70,24,28-09-2000,39,Major League Soccer,111138,Minnesota United FC,Korea Republic,1,42,51,47,71,70,64,72,66,66,85,72,53,64,91,71,67,73,71,74,57,66,56,15,7,11,9,7
239379,V. Jensen,Victor Christoffer Jensen,"CAM, CM",69,25,08-02-2000,10,Eredivisie,1903,FC Utrecht,Denmark,1,57,64,47,68,69,65,73,73,68,74,67,69,58,93,54,56,67,68,66,56,56,50,6,12,6,15,5
271132,Gabriel Silva,Gabriel Silva Vieira,"LW, ST, RM, LM",74,23,20-03-2002,308,Primeira Liga,1438,Santa Clara,Brazil,1,67,71,57,65,73,65,74,95,97,88,71,65,77,72,62,26,71,70,72,27,24,23,10,7,7,10,10
221479,D. Calvert-Lewin,Dominic Nathaniel Calvert-Lewin,ST,74,28,16-03-1997,13,Premier League,8,Leeds United,England,1,62,74,80,70,69,47,74,66,76,61,73,79,86,62,80,35,76,64,74,38,31,23,12,12,8,7,11
219693,Diego Carlos,Diego Carlos Santos Silva,CB,78,32,15-03-1993,31,Serie A,1745,Como,Brazil,2,35,32,77,73,65,72,71,54,70,62,74,73,83,50,87,78,52,63,75,79,79,77,7,10,14,7,11
262221,L. Valente,Luciano Valente,"CAM, CM",72,21,04-10-2003,10,Eredivisie,246,Feyenoord,Netherlands,1,55,64,67,75,74,68,74,63,73,76,72,70,68,78,61,30,71,75,73,39,59,48,14,15,7,14,9
72808,Paulo Moreira,Paulo Daniel Valente Moreira,"CM, CAM, CDM",67,25,17-02-2000,308,Primeira Liga,718,Estrela da Amadora,Portugal,1,67,62,56,74,64,73,64,68,69,65,66,69,63,72,56,34,68,68,71,52,64,60,13,6,11,14,13
262025,A. Engwanda,Alonzo Tim Engwanda-Ongena,"CDM, CM",70,22,27-01-2003,10,Eredivisie,1903,FC Utrecht,Belgium,1,44,48,51,69,66,68,66,80,76,85,69,57,74,76,72,71,32,61,67,68,70,69,11,14,9,12,9
245388,J. Todibo,Jean-Clair Dimitri Roger Todibo,CB,78,25,30-12-1999,13,Premier League,19,West Ham United,France,2,49,44,78,76,69,72,72,70,79,54,77,60,79,54,81,80,45,58,78,78,80,77,7,13,11,8,13
208592,M. Delgado,Marco Antonio Delgado,"CDM, CM",72,30,16-05-1995,39,Major League Soccer,112996,Los Angeles FC,United States,1,60,50,55,75,62,68,70,71,63,75,70,66,68,87,62,70,57,64,66,65,73,70,9,7,13,11,15
236498,S. Lammers,Sam Adrianus Martinus Lammers,"ST, CAM",73,28,30-04-1997,10,Eredivisie,1908,FC Twente,Netherlands,1,62,75,69,72,78,47,77,76,56,75,73,76,72,76,72,36,76,74,74,37,28,24,13,12,5,8,15
232148,D. Sallói,Dániel Sallói,"LW, LM",71,28,19-07-1996,39,Major League Soccer,696,Sporting Kansas City,Hungary,1,72,69,60,69,71,63,70,76,75,72,72,76,74,79,66,27,71,70,71,38,30,28,11,6,6,8,9
71651,J. Acheampong,Joshua Kofi Acheampong,"RB, CB, CDM, RM",70,19,05-05-2006,13,Premier League,5,Chelsea,England,1,65,44,65,69,70,64,70,75,76,66,67,60,80,67,76,65,60,64,69,66,67,65,5,15,13,9,10
258316,E. Dinkçi,Eren Sami Dinkçi,"CAM, RM, CM",74,23,13-12-2001,19,Bundesliga,25,SC Freiburg,Türkiye,1,60,71,64,72,77,69,75,86,86,72,69,74,76,78,59,27,74,72,75,30,28,19,7,15,10,9,5
70415,E. Lepaul,Estéban Lepaul,"ST, CAM, CM",75,25,18-04-2000,16,Ligue 1,74,Stade Rennais FC,France,1,43,79,72,69,73,50,78,77,73,72,71,70,81,81,69,35,79,69,73,34,32,22,12,7,6,12,11
260952,A. Schjelderup,Andreas Rædergård Schjelderup,"LW, CAM, LM",75,21,01-06-2004,308,Primeira Liga,234,SL Benfica,Norway,1,69,70,39,70,81,65,79,83,77,84,73,72,58,77,50,36,70,73,74,35,37,35,13,10,10,15,11
243034,Alfon,Alfonso González Martínez,"LM, LW, CAM",76,26,04-05-1999,53,La Liga,481,Sevilla FC,Spain,1,73,73,58,74,77,66,75,78,76,78,75,71,72,76,63,32,73,74,74,41,19,15,12,8,8,5,8
266624,T. Allende,Tadeo Allende,"RM, LM, ST, RW",72,26,20-02-1999,39,Major League Soccer,112893,Inter Miami,Argentina,1,64,69,70,68,71,65,73,77,83,65,65,85,82,81,75,27,71,68,56,29,37,35,8,5,13,12,11
270517,D. Luna,Diego Ángel Luna,"LM, CAM, LW",72,21,07-09-2003,39,Major League Soccer,111065,Real Salt Lake,United States,1,65,66,48,70,78,62,74,83,76,80,66,63,76,64,79,45,68,69,62,35,47,34,14,14,7,11,8
229582,G. Mancini,Gianluca Mancini,CB,83,29,17-04-1996,31,Serie A,52,Roma,Italy,3,34,48,84,70,59,72,76,65,74,35,85,51,85,84,79,85,36,56,83,87,84,78,13,12,8,6,8
225028,N. Radoja,Nemanja RadojaНемања Радоја,"CDM, CM, CB",73,32,06-02-1993,39,Major League Soccer,696,Sporting Kansas City,Serbia,1,57,59,51,78,70,74,75,52,34,59,69,63,65,66,76,71,63,69,73,69,70,66,11,13,12,9,7
183569,E. Choupo-Moting,Jean-Eric Maxim Choupo-Moting,"ST, CAM",75,36,23-03-1989,39,Major League Soccer,689,New York Red Bulls,Cameroon,2,67,75,80,73,79,62,77,45,72,72,73,78,79,55,81,40,77,71,75,31,36,20,9,9,9,16,6
263194,I. Gharbi,Ismaël Gharbi Álvarez,"LM, CAM, LW",73,21,10-04-2004,19,Bundesliga,100409,FC Augsburg,Tunisia,1,68,66,45,71,79,64,79,81,75,86,66,74,61,70,50,40,65,73,73,37,45,38,7,9,13,15,8
277797,Marcos Leonardo,Marcos Leonardo Santos Almeida,"ST, CAM, CM",79,22,02-05-2003,350,Pro League,605,Al Hilal,Brazil,1,56,83,79,69,75,57,76,76,79,77,80,78,87,75,75,26,84,65,70,22,17,20,6,9,8,13,6
189221,João Aurélio,João Miguel Coimbra Aurélio,"RB, RM",66,36,17-08-1988,308,Primeira Liga,1891,CD Nacional,Portugal,1,68,54,59,67,66,62,67,66,54,65,68,65,67,68,66,65,70,68,66,62,65,62,10,15,8,9,13
258378,M. Godts,Mika Marcel Godts,"LW, LM",74,20,07-06-2005,10,Eredivisie,245,Ajax,Belgium,1,69,64,44,71,83,62,80,80,81,84,69,68,64,72,63,33,69,69,70,30,49,47,8,10,14,14,7
242542,A. Herrera,Aarón Joseph Herrera,"RB, RM, CB",71,28,06-06-1997,39,Major League Soccer,688,DC United,Guatemala,1,71,44,57,71,72,74,70,70,72,67,68,52,74,76,76,64,69,67,64,69,69,69,14,8,12,13,5
241775,J. El Yamiq,Jawad El Yamiqجواد اليميق,CB,73,33,29-02-1992,350,Pro League,115892,Al-Najma SC,Morocco,1,38,43,75,67,61,75,63,83,86,68,71,71,92,74,84,71,60,37,68,71,72,70,15,12,10,10,8
262300,I. Chaira,Ilyas Chaira Oihiإلياس شيرا أويهي,"LM, RM, CAM, LW",72,24,02-02-2001,53,La Liga,110827,Real Oviedo,Morocco,1,67,70,60,71,73,63,72,80,78,85,69,69,75,73,65,46,69,71,66,34,36,39,12,15,5,6,7
193440,N. Viergever,Nick Viergever,CB,73,35,03-08-1989,10,Eredivisie,1903,FC Utrecht,Netherlands,1,59,54,71,71,64,67,68,62,72,62,75,63,82,69,83,71,54,62,72,74,73,74,8,9,11,7,11
197891,Juanmi,Juan Miguel Jiménez López,"ST, LM, CAM",74,32,20-05-1993,53,La Liga,1860,Getafe CF,Spain,1,73,73,77,74,75,62,76,75,73,76,71,75,78,67,56,23,77,65,70,25,28,25,11,6,9,12,9
246548,O. Sahraoui,Osame Sahraoui,"LM, CAM, LW",76,24,11-06-2001,16,Ligue 1,65,Lille OSC,Morocco,1,68,66,30,70,82,67,80,88,78,93,72,62,52,76,43,50,68,72,75,45,46,47,14,14,9,14,8
251926,R. Ndiaye,Rassoul Ndiaye,"CM, CDM",70,23,11-12-2001,16,Ligue 1,1738,Le Havre AC,Senegal,1,48,55,63,74,66,72,71,74,64,74,70,59,75,76,70,69,65,69,69,65,70,65,10,6,5,14,15
269186,O. Óskarsson,Orri Steinn Óskarsson,ST,74,20,29-08-2004,53,La Liga,457,Real Sociedad,Iceland,1,52,74,73,72,68,58,74,73,74,66,74,75,84,72,76,26,76,65,66,29,25,25,14,14,12,15,7
194209,Y. El Arabi,Youssef El Arabiيوسف العربي,ST,73,38,03-02-1987,16,Ligue 1,71,FC Nantes,Morocco,1,58,77,72,68,72,60,75,58,60,70,72,74,76,49,75,44,78,68,69,25,30,42,6,16,11,6,11
274105,Manu Silva,Manuel Jorge Silva,"CDM, CB",72,24,12-06-2001,308,Primeira Liga,234,SL Benfica,Portugal,1,57,38,68,73,64,75,67,62,57,53,71,66,79,82,84,68,52,65,66,66,73,68,13,14,7,14,9
222429,A. Cubas,Adrián Andrés Cubas,"CDM, CM, CB",74,29,22-05-1996,39,Major League Soccer,101112,Vancouver Whitecaps FC,Paraguay,1,59,40,53,74,64,70,72,70,68,89,74,56,49,86,31,73,50,66,74,74,77,73,9,12,11,13,7
221664,W. Cartagena,Wilder José Cartagena Mendoza,"CDM, CM, CB",69,30,23-09-1994,39,Major League Soccer,112606,Orlando City SC,Peru,1,47,49,65,67,62,68,68,77,70,76,56,73,80,80,73,70,48,55,54,65,66,65,15,13,8,8,14
263908,B. Locko,Bradley Locko Banzouzi,"LB, LM",75,23,06-05-2002,16,Ligue 1,378,Stade Brestois 29,France,1,71,47,68,71,72,58,74,69,77,67,68,58,72,67,66,75,56,52,66,73,75,76,13,11,7,9,12
244480,H. Magnetti,Hugo Magnetti,"CDM, CM",76,27,30-05-1998,16,Ligue 1,378,Stade Brestois 29,France,1,53,41,50,77,75,77,78,49,39,60,72,68,62,75,74,74,62,71,76,68,75,71,10,14,15,10,12
254247,M. Mohamed,Mostafa Mohamed Ahmed Abdallaمصطفى محمد,ST,73,27,28-11-1997,16,Ligue 1,71,FC Nantes,Egypt,1,52,72,79,64,65,50,70,68,72,68,67,81,89,71,86,38,77,57,64,33,31,27,13,7,8,14,7
259427,Patrick de Paula,Patrick de Paula Carreiro,"CDM, CM",71,25,08-09-1999,308,Primeira Liga,10020,GD Estoril Praia,Brazil,1,50,49,58,76,73,73,78,73,68,65,64,65,69,79,62,61,48,54,53,68,74,72,11,14,14,13,9
268719,B. Aguilera,Brandon Aguilera Zamora,"CM, CAM, CDM",69,22,28-06-2003,308,Primeira Liga,744,Rio Ave FC,Costa Rica,1,61,57,40,71,72,70,70,69,72,70,66,74,58,71,68,63,62,70,59,55,61,56,5,10,8,9,13
253130,Robert Navarro,Robert Navarro Muñoz,"RM, LM, RW",74,23,12-04-2002,53,La Liga,448,Athletic Club,Spain,1,67,73,49,74,79,63,77,73,74,75,71,68,64,66,63,40,68,73,68,24,34,38,11,9,12,15,14
248805,Sergio Camello,Sergio Camello Pérez,ST,73,24,10-02-2001,53,La Liga,480,Rayo Vallecano,Spain,1,55,72,73,74,74,64,74,70,70,72,75,75,75,73,62,26,75,75,75,33,29,23,13,8,13,11,11
226539,Y. Namli,Younes Namliيونس نملي,"RM, CAM, RW",71,31,20-06-1994,16,Ligue 1,1738,Le Havre AC,Denmark,1,66,63,44,69,74,68,76,72,64,81,66,67,59,73,60,52,64,77,67,40,44,40,11,9,15,16,9
259070,Pau Víctor,Pau Víctor Delgado,"ST, RW, RM",70,23,26-11-2001,308,Primeira Liga,1896,Sporting Clube de Braga,Spain,1,58,71,66,67,69,57,72,73,70,76,67,72,74,59,66,48,71,64,65,40,51,48,11,13,10,6,10
70671,Chissumba,Francisco Edgar Chissumba Rodrigues,"LB, LM",70,20,29-05-2005,308,Primeira Liga,717,Alverca,Portugal,1,70,40,50,65,68,65,72,80,82,77,64,47,71,77,69,64,73,70,74,64,68,60,13,15,8,11,14
69997,A. Avom Ebong,Arthur Avom Ebong,CM,71,20,15-12-2004,16,Ligue 1,217,FC Lorient,Cameroon,1,59,52,55,74,72,69,78,71,69,72,66,58,68,81,63,64,68,67,71,58,73,67,14,9,5,10,13
256420,M. Fofana,Malick Martin Fofana,"LM, LW",78,20,31-03-2005,16,Ligue 1,66,Olympique Lyonnais,Belgium,1,71,74,32,74,84,64,79,87,86,89,75,64,51,69,36,35,74,71,77,41,43,41,11,6,13,11,9
276398,A. Camara,Adama Mohamed Camara,"CM, CDM, RB",71,28,18-10-1996,16,Ligue 1,111817,Paris FC,France,1,59,66,56,73,69,70,73,62,60,73,73,68,59,70,54,70,66,71,71,66,68,62,12,5,14,10,9
263099,M. de Wit,Mees De Wit,LB,69,27,17-04-1998,10,Eredivisie,1906,AZ Alkmaar,Netherlands,1,69,48,58,68,72,65,69,76,72,54,64,47,77,78,74,61,67,64,62,60,66,65,6,10,14,7,14
276412,Hevertton,Hevertton Ciriaco Santos,"RM, RB",68,24,01-02-2001,308,Primeira Liga,1888,Gil Vicente FC,Brazil,1,61,52,51,68,67,70,72,79,79,70,63,73,73,73,71,66,60,54,58,57,66,64,6,11,6,6,15
235526,D. Geiger,Dennis Geiger,"CDM, CM",73,27,10-06-1998,19,Bundesliga,10029,TSG 1899 Hoffenheim,Germany,1,69,46,29,79,76,77,78,57,54,84,79,57,42,59,49,69,59,79,73,67,69,69,7,8,12,10,5
214606,S. Pérez,Sebastián Pérez Cardona,"CDM, CM",71,32,29-03-1993,308,Primeira Liga,114510,Casa Pia,Colombia,1,46,59,34,73,68,70,72,65,66,62,68,66,56,71,69,69,69,65,62,67,70,71,14,14,7,9,16
259921,V. Edvardsen,Victor Kaj Edvardsen,"ST, CAM, CM",72,29,14-01-1996,10,Eredivisie,100632,Go Ahead Eagles,Sweden,1,65,71,62,68,71,61,68,80,89,69,68,75,72,84,74,12,75,66,68,15,40,27,6,14,7,10,5
258906,W. Gnonto,Degnand Wilfried Gnonto,"RM, LM, RW",74,21,05-11-2003,13,Premier League,8,Leeds United,Italy,1,63,72,54,72,79,64,77,87,88,86,69,80,74,69,67,29,72,64,73,37,21,19,11,9,10,10,13
229217,Y. Yeboah,Yaw Yeboah,"LM, LW",67,28,28-03-1997,39,Major League Soccer,112996,Los Angeles FC,Ghana,1,61,61,56,63,66,50,66,88,87,87,64,64,73,67,59,58,65,58,60,56,60,56,7,13,13,11,6
274288,O. Gloukh,Oscar Gloukh,"CAM, LW, CM",76,21,01-04-2004,10,Eredivisie,245,Ajax,Israel,1,67,72,52,75,84,64,82,87,78,87,61,71,59,74,36,28,67,76,78,42,32,28,6,8,13,13,5
242554,B. Bye,Brandon Scott Bye,"RB, RM",70,29,29-11-1995,39,Major League Soccer,691,New England Revolution,United States,1,69,55,67,62,64,57,65,74,78,69,65,68,78,78,73,65,62,58,63,65,68,64,7,10,8,7,10
267974,M. Meerdink,Mexx Meerdink,ST,73,21,24-07-2003,10,Eredivisie,1906,AZ Alkmaar,Netherlands,1,38,74,74,67,72,55,74,69,72,73,70,78,84,78,82,32,74,68,69,24,29,30,11,8,6,10,14
259563,D. Rots,Daan Rots,"RM, RW",74,23,25-07-2001,10,Eredivisie,1908,FC Twente,Netherlands,1,68,65,51,74,75,68,74,83,77,85,69,68,65,74,52,46,68,75,63,36,38,28,15,6,14,12,9
244513,I. Sadiq,Ibrahim Sadiq,"RM, RW",72,25,07-05-2000,10,Eredivisie,1906,AZ Alkmaar,Ghana,1,64,69,60,65,74,53,72,91,81,91,70,66,80,77,67,36,72,63,63,34,28,28,13,9,14,12,14
248870,B. Ojeda,Braian Óscar Ojeda Rodríguez,"CDM, CM",70,25,27-06-2000,39,Major League Soccer,111065,Real Salt Lake,Paraguay,1,55,47,59,71,73,69,71,72,63,76,65,69,71,77,67,65,60,68,61,66,69,67,7,6,9,9,14
255036,R. Königsdörffer,Ransford Yeboah Königsdörffer,"ST, CAM, RW, CM",71,23,13-09-2001,19,Bundesliga,28,Hamburger SV,Ghana,1,61,72,68,68,74,59,73,85,77,81,69,70,79,74,64,40,69,67,66,37,42,35,15,10,9,6,7
275545,Alan,Alan de Souza Guimarães,"CAM, CM",74,25,08-03-2000,308,Primeira Liga,1900,Moreirense FC,Brazil,1,57,67,36,76,77,71,75,79,74,86,70,63,46,80,31,56,71,79,71,46,54,47,12,6,8,8,7
232120,S. Moore,Shaquell Kwame Moore,"RB, RM",69,28,02-11-1996,39,Major League Soccer,695,FC Dallas,United States,1,70,55,55,64,64,53,66,80,79,79,64,60,79,82,76,62,65,56,66,60,65,64,6,15,11,13,12
244948,C. Protesoni,Carlos Nahuel Benavidez Protesoni,"CDM, CM",73,27,30-03-1998,53,La Liga,463,Deportivo Alavés,Uruguay,1,60,38,68,74,69,68,72,67,64,61,71,68,72,69,69,73,45,65,73,74,74,73,14,9,14,12,13
194846,F. Hanin,Florent Olivier Sylvain Hanin,"LB, LM",72,35,04-02-1990,16,Ligue 1,1530,Angers SCO,France,1,68,38,63,66,65,65,68,72,73,72,70,59,76,78,71,72,58,66,69,69,70,66,6,11,12,11,12
271916,Bryan Zaragoza,Bryan Zaragoza Martínez,"LM, LW, RM",77,23,09-09-2001,53,La Liga,450,RC Celta,Spain,1,80,72,42,76,84,69,80,85,79,91,67,78,52,61,33,23,70,62,58,25,32,38,10,11,5,12,9
242503,E. Williamson,Eryk Tyrek Williamson,CM,67,28,11-06-1997,39,Major League Soccer,114640,Charlotte FC,United States,1,63,62,50,68,68,66,70,71,70,70,69,65,70,67,74,65,67,67,67,65,65,62,5,8,10,9,10
244067,M. Lacroix,Guy Maxence Lacroix,CB,79,25,06-04-2000,13,Premier League,1799,Crystal Palace,France,2,35,29,75,71,66,72,69,82,93,64,80,75,83,77,84,82,32,55,75,80,80,78,14,7,12,12,11
256887,T. Booth,Taylor Anthony Booth,"RM, CAM, LM, RW",70,24,31-05-2001,10,Eredivisie,1908,FC Twente,United States,1,67,63,40,67,70,65,71,78,80,81,64,67,53,69,48,56,63,64,66,48,60,56,14,12,14,11,10
190456,N. Clyne,Nathaniel Edwin Clyne,"RB, CB, RM",70,34,05-04-1991,13,Premier League,1799,Crystal Palace,England,1,73,54,68,69,67,63,73,54,64,65,72,73,71,38,58,74,62,57,72,71,73,74,10,11,13,15,7
256800,J. Breum,Jakob Breum Martinsen,"CAM, LM, CM",74,21,17-11-2003,10,Eredivisie,100632,Go Ahead Eagles,Denmark,1,69,74,47,75,75,70,75,78,64,87,70,77,54,92,54,33,73,71,72,39,39,33,11,9,10,5,14
251954,C. Summerville,Crysencio Jilbert Sylverio Summerville,"LM, LW",76,23,30-10-2001,13,Premier League,19,West Ham United,Netherlands,1,69,76,41,72,80,47,78,91,88,88,71,71,59,74,46,18,74,71,72,44,38,26,9,9,15,11,10
273459,C. Rigg,Christopher John Rigg,"CAM, CM",70,18,18-06-2007,13,Premier League,106,Sunderland,England,1,66,62,47,73,71,67,72,67,69,77,70,61,57,73,57,61,69,69,70,62,62,58,7,8,8,6,14
177569,J. de Guzmán,Jonathan Alexander de Guzmán,"CM, CDM",66,37,13-09-1987,10,Eredivisie,100646,Sparta Rotterdam,Netherlands,1,71,62,52,70,70,70,71,51,44,65,58,74,65,58,60,64,64,67,68,54,54,50,10,8,12,6,10
251810,B. Brobbey,Brian Ebenezer Adjei Brobbey,ST,77,23,01-02-2002,13,Premier League,106,Sunderland,Netherlands,1,36,75,71,73,68,53,77,82,85,65,78,79,93,61,93,26,82,55,78,28,23,24,10,11,15,8,13
205995,J. Willems,Jetro Danovich Sexer Willems,"CB, LB, LM",66,31,30-03-1994,10,Eredivisie,1910,NEC Nijmegen,Netherlands,1,70,58,65,67,59,66,60,59,56,57,59,70,74,62,76,64,59,59,59,66,64,64,9,14,16,7,10
256442,J. Matete,Jay Matete,"CM, CDM",64,24,11-02-2001,13,Premier League,106,Sunderland,England,1,58,56,52,65,70,61,65,74,73,85,65,59,63,75,57,64,63,63,64,59,67,65,13,13,14,9,12
236246,O. Ejaria,Oviemuno Dominic Ejaria,"CM, LM, CAM",67,27,18-11-1997,53,La Liga,110827,Real Oviedo,England,1,62,59,52,69,74,63,75,64,52,82,62,62,62,60,64,66,58,68,70,63,64,68,15,9,11,14,10
217585,B. Kuipers,Bas Edo Kuipers,"LB, LM",70,30,17-08-1994,10,Eredivisie,1908,FC Twente,Netherlands,1,71,37,58,71,65,67,67,68,67,74,64,64,79,80,73,68,60,45,67,68,67,68,10,8,15,14,15
246785,Bryan Gil,Bryan Gil Salvatierra,"LM, LW, RM",78,24,11-02-2001,53,La Liga,110062,Girona FC,Spain,1,78,73,34,76,81,72,79,86,82,88,75,69,50,54,32,30,75,75,81,31,32,30,13,10,14,6,6
213795,Kiki,Christian Neiva Afonso,"LB, LM",70,30,10-12-1994,308,Primeira Liga,131463,AVS Futebol SAD,Portugal,1,67,41,58,64,60,61,62,83,84,63,67,57,76,73,68,70,60,54,61,69,65,63,15,12,12,14,16
198200,B. Stambouli,Benjamin Fernand Lucien Francois Stambouli,"CDM, CM",73,34,13-08-1990,16,Ligue 1,68,FC Metz,France,1,52,56,66,74,70,72,74,42,50,62,70,65,65,67,71,74,64,70,73,71,73,67,8,13,11,15,15
276295,T. Barry,Thierno Barry,ST,77,22,21-10-2002,13,Premier League,7,Everton,France,1,55,78,74,76,75,51,76,77,82,78,75,78,86,66,79,14,77,69,74,25,18,19,10,12,6,14,11
276583,L. Burcu,Livan Baha Burcu,"LM, LW, RW",70,20,28-09-2004,19,Bundesliga,1831,1. FC Union Berlin,Türkiye,1,65,68,56,69,73,67,71,80,77,83,64,61,66,72,52,56,65,60,65,45,55,53,15,12,7,14,5
261243,A. Di Pardo,Alessandro Di Pardo,"RM, RB",67,25,18-07-1999,31,Serie A,1842,Cagliari,Italy,1,70,51,56,68,68,60,68,76,74,76,62,63,68,71,56,66,65,58,63,62,65,64,12,8,10,11,13
275867,S. Resink,Stije Resink,"CDM, CM, CB",69,22,28-05-2003,10,Eredivisie,1915,FC Groningen,Netherlands,1,54,56,62,72,65,67,69,66,71,66,68,62,68,91,63,64,55,68,68,64,63,54,11,6,7,5,7
271289,Joel Silva,Joel Filipe Organista da Silva,"CM, CDM, LM",70,22,11-02-2003,308,Primeira Liga,1891,CD Nacional,Portugal,1,53,59,38,72,71,65,72,74,75,70,74,72,60,77,67,63,71,69,59,61,67,63,8,10,10,8,7
240319,T. Tillman,Timothy Justin Tillman,"CM, CAM, LW",71,26,04-01-1999,39,Major League Soccer,112996,Los Angeles FC,United States,1,56,59,42,78,77,70,78,75,75,74,67,62,65,75,72,60,65,70,68,55,58,55,15,6,6,14,12
202695,J. Tarkowski,James Alan Tarkowski,CB,80,32,19-11-1992,13,Premier League,7,Everton,England,1,59,40,82,66,55,73,64,41,49,52,79,69,80,68,86,78,43,62,75,81,83,84,14,8,12,9,7
226777,C. Larin,Cyle Christopher Larin,ST,77,30,17-04-1995,10,Eredivisie,246,Feyenoord,Canada,1,69,78,77,75,74,55,73,66,74,62,76,80,87,72,88,22,78,67,65,21,25,20,12,9,8,12,7
248811,Bruno Lourenço,Bruno Miguel Ponces Lourenço,"RM, CAM, CM, RW",70,27,02-02-1998,308,Primeira Liga,131463,AVS Futebol SAD,Portugal,1,69,68,47,72,70,68,70,76,75,79,64,66,66,67,64,38,65,67,65,41,54,55,14,7,5,5,9
273663,Pedro Santos,Pedro Carvalho Santos,"CM, CAM, CDM",68,24,12-10-2000,308,Primeira Liga,112513,FC Arouca,Portugal,1,57,53,32,70,67,68,69,71,74,75,64,61,60,80,55,70,67,68,63,70,69,65,11,14,14,12,10
229894,Lucas Ahijado,Lucas Ahijado Quintana,"RB, LB, RM",67,30,30-01-1995,53,La Liga,110827,Real Oviedo,Spain,1,63,53,53,62,65,60,64,74,73,74,60,65,67,78,63,64,62,62,53,61,63,64,14,7,12,10,14
266032,J. Gittens,Jamie Jermaine Bynoe-Gittens,"LM, LW",78,20,08-08-2004,13,Premier League,5,Chelsea,England,1,69,75,42,71,87,57,80,94,90,90,77,79,64,79,54,29,77,64,73,26,22,30,6,5,12,7,8
202814,N. Byrne,Nathan William Byrne,"RB, LB, LM",69,33,05-06-1992,39,Major League Soccer,114640,Charlotte FC,England,1,68,48,59,69,69,64,69,82,75,74,60,54,76,80,69,63,62,66,60,64,66,63,8,8,7,10,11
262740,M. Pašalić,Marco Pašalić,"RM, RW, CAM",71,24,14-09-2000,39,Major League Soccer,112606,Orlando City SC,Croatia,1,73,67,41,65,75,56,73,78,74,79,67,81,59,65,57,32,66,65,68,31,38,37,9,8,13,14,9
261478,T. Douvikas,Anastasios DouvikasΑναστάσιος Δουβίκας,ST,73,25,02-08-1999,31,Serie A,1745,Como,Greece,1,60,75,69,69,73,63,74,82,77,74,70,74,80,76,70,38,78,57,71,28,28,27,9,11,12,13,8
267894,J. Solís,Jhon Elmer Solís Romero,"CDM, CM",71,20,03-10-2004,53,La Liga,110062,Girona FC,Colombia,1,53,62,62,72,69,68,69,59,61,51,70,66,73,78,76,70,65,65,60,68,70,66,13,15,7,11,6
261249,É. Michut,Edouard Oscar Michut,"CDM, CM, RM",68,22,04-03-2003,10,Eredivisie,634,Fortuna Sittard,France,1,59,55,54,73,73,70,72,64,64,78,66,65,53,74,45,67,61,70,70,66,64,59,9,13,11,8,9
73617,C. Nadje,Chris-Kévin Nadje,"CM, CAM",68,23,14-08-2001,10,Eredivisie,1971,Excelsior,Côte d'Ivoire,1,49,53,65,73,69,69,70,77,75,63,68,64,85,69,84,63,63,67,65,63,66,58,15,6,10,7,14
263582,M. Peart-Harris,Myles Spencer Peart-Harris,"RM, LM, RW",67,22,18-09-2002,13,Premier League,1925,Brentford,England,1,60,62,63,67,66,64,66,69,69,70,66,61,74,81,73,57,64,65,62,54,58,54,6,7,12,13,13
216774,W. Hoedt,Wesley Theodorus Hoedt,CB,74,31,06-03-1994,350,Pro League,111674,Al Shabab,Netherlands,1,64,30,74,72,60,81,68,60,48,34,70,72,81,66,81,75,29,71,69,73,75,73,15,10,13,8,11
255730,T. Galletto,Tiago Galletto López,"CDM, CM, CB",66,23,11-05-2002,308,Primeira Liga,131463,AVS Futebol SAD,Uruguay,1,67,61,70,66,63,60,58,67,68,74,68,62,76,65,72,68,65,65,60,61,72,60,6,11,7,7,8
239956,M. Boadu,Myron Boadu,ST,74,24,14-01-2001,10,Eredivisie,247,PSV,Netherlands,1,52,76,65,67,78,54,76,82,75,84,73,76,78,73,68,23,76,66,73,29,22,18,9,15,14,6,11
212613,W. Saïd,Wesley Saïd,ST,74,30,19-04-1995,16,Ligue 1,64,RC Lens,France,1,64,76,69,71,78,65,76,72,74,83,74,77,71,65,59,23,78,69,78,28,25,23,11,9,12,12,14
259478,M. Kjølø,Mathias Ullereng Kjølø,"CDM, CM",71,24,27-06-2001,10,Eredivisie,1908,FC Twente,Norway,1,55,56,57,76,66,76,69,65,37,72,67,61,65,83,62,70,63,69,67,66,64,62,9,8,13,9,14
212153,R. Gagliardini,Roberto Gagliardini,"CDM, CM",72,31,07-04-1994,31,Serie A,206,Hellas Verona FC,Italy,1,64,50,70,75,66,72,74,39,39,58,69,76,62,49,65,72,68,70,72,72,72,68,12,6,8,7,9
236993,N. Lima,Nicholas Lima,"RB, LB, RM",66,30,17-11-1994,39,Major League Soccer,111928,San Jose Earthquakes,United States,1,60,52,53,63,66,59,64,76,80,73,62,75,73,75,71,60,58,60,61,62,62,62,9,12,14,8,11
262394,S. Beukema,Sam Beukema,CB,78,26,17-11-1998,31,Serie A,48,Napoli,Netherlands,1,42,50,80,73,59,74,67,42,54,52,79,67,74,79,74,81,57,57,72,80,80,76,12,11,7,6,13
270587,Rafael Brito,Rafael Alexandre de Sousa Gancho de Brito,"CM, CDM",66,23,19-01-2002,308,Primeira Liga,114510,Casa Pia,Portugal,1,64,56,58,70,65,70,68,65,65,63,64,67,71,65,74,67,55,64,65,68,69,64,9,11,7,12,7
238095,N. Milenković,Nikola Milenković,CB,83,27,12-10-1997,13,Premier League,14,Nottingham Forest,Serbia,3,66,38,85,73,60,67,70,62,53,40,83,60,88,77,90,82,33,55,78,85,86,81,8,7,13,7,14
204684,M. Seuntjens,Mats Seuntjens,"LM, ST, CM, LW",67,33,17-04-1992,10,Eredivisie,1915,FC Groningen,Netherlands,1,62,65,59,70,65,67,68,69,77,65,58,73,61,64,68,49,66,65,67,50,54,43,13,7,9,9,10
269729,Y. Belkhdim,Yassin Belkhdimياسين بلخديم,"CM, CDM",70,23,14-02-2002,16,Ligue 1,1530,Angers SCO,France,1,58,50,57,74,69,73,73,56,53,65,66,63,62,72,62,69,60,70,69,66,70,68,12,14,7,14,13
210864,E. Hysaj,Elseid Gëzim Hysaj,"LB, RB",72,31,02-02-1994,31,Serie A,46,Lazio,Albania,1,73,47,65,71,72,68,71,69,72,69,72,68,70,62,62,71,63,59,74,71,72,71,12,6,14,9,11
268511,W. Cheddira,Walid Cheddira,ST,72,27,22-01-1998,31,Serie A,111974,Sassuolo,Morocco,1,66,72,67,67,67,62,68,78,80,68,72,75,85,70,83,29,73,66,67,41,41,34,5,6,14,10,14
269922,D. Huseinbašić,Denis Huseinbašić,"CM, CDM, CAM",72,23,03-07-2001,19,Bundesliga,31,1. FC Köln,Bosnia and Herzegovina,1,48,67,53,75,73,69,75,67,67,68,71,61,65,77,67,67,69,73,72,64,65,62,10,5,14,9,15
234640,B. Jatta,Bakery Jatta,"RW, RM",69,27,06-06-1998,19,Bundesliga,28,Hamburger SV,Gambia,1,71,68,58,67,69,58,64,83,75,67,64,72,82,75,77,39,72,71,68,39,57,37,6,11,8,9,9
271539,Danilo Veiga,Danilo Filipe de Melo Veiga,"RB, RM",69,22,25-09-2002,31,Serie A,347,Lecce,Portugal,1,63,56,65,63,70,58,66,73,72,68,64,63,77,58,71,67,52,59,63,65,72,69,13,9,14,12,9
219848,David Costas,David Costas Cordal,CB,72,30,26-03-1995,53,La Liga,110827,Real Oviedo,Spain,1,62,42,72,67,67,64,69,67,71,65,69,58,82,68,79,71,50,59,70,72,71,70,10,15,10,14,6
272604,A. Ahmed,Ali Ahmed,"CM, RM, LM, CAM",68,24,10-10-2000,39,Major League Soccer,101112,Vancouver Whitecaps FC,Canada,1,61,60,48,71,72,65,72,78,78,76,65,61,66,75,62,64,66,66,71,60,65,62,11,10,13,14,6
228591,C. Arcus,Carlens Jean Fedlaire Ruby Arcus,"RB, RM",71,29,28-06-1996,16,Ligue 1,1530,Angers SCO,Haiti,1,70,38,63,69,65,64,67,73,76,66,67,58,77,79,74,65,65,63,66,62,70,68,8,10,6,15,11
264432,Abde,Abdessamad Ezzalzouliعبد الصمد الزلزولي,"LM, LW",77,23,17-12-2001,53,La Liga,449,Real Betis Balompié,Morocco,1,72,70,50,72,84,65,80,87,87,83,73,73,69,70,57,18,73,72,70,25,32,28,7,5,6,12,9
261987,Antonio Blanco,Antonio Blanco Conde,"CDM, CM",74,24,23-07-2000,53,La Liga,463,Deportivo Alavés,Spain,1,61,56,49,76,65,75,73,51,42,58,73,63,51,73,54,73,67,76,73,69,74,72,11,7,13,12,9
240503,T. Okou,Teddy Léo Junior Okou,"RW, RM, ST",70,27,15-05-1998,350,Pro League,113037,Al Riyadh,France,1,57,66,52,62,71,57,70,90,90,90,67,70,70,83,56,22,67,60,68,33,29,30,12,13,7,11,15
248729,G. Isaksen,Gustav Tang Isaksen,"RM, RW",76,24,19-04-2001,31,Serie A,46,Lazio,Denmark,1,71,74,55,70,79,61,77,84,92,82,73,75,59,74,33,35,74,67,69,42,40,29,7,5,15,7,6
218066,A. Samatta,Mbwana Ally Samatta,ST,72,32,23-12-1992,16,Ligue 1,1738,Le Havre AC,Tanzania,1,60,70,74,67,67,52,69,73,76,70,68,76,83,69,75,28,75,61,66,34,34,33,12,14,9,7,9
226035,J. Morris,Jordan Perry Morris,"ST, LM, LW",72,30,26-10-1994,39,Major League Soccer,111144,Seattle Sounders FC,United States,1,60,71,74,64,68,58,64,75,83,68,73,78,88,73,84,33,75,66,68,42,30,27,15,9,8,14,8
268790,G. Piccinini,Gabriele Piccinini,CM,68,24,06-04-2001,31,Serie A,110738,Pisa,Italy,1,60,56,55,72,68,70,72,66,65,66,68,66,67,75,69,62,59,70,66,60,64,62,13,15,11,7,9
202316,T. Chandler,Timothy Chandler,"RB, RM",64,35,29-03-1990,19,Bundesliga,1824,Eintracht Frankfurt,United States,1,71,65,77,71,65,70,67,43,34,52,65,75,78,35,76,67,64,65,68,69,70,66,12,7,8,11,12
70786,J. King,Joshua David Steven King,"CM, CDM, CAM",68,18,03-01-2007,13,Premier League,144,Fulham FC,England,1,63,61,43,70,72,69,70,67,67,72,66,68,51,67,54,64,65,68,68,59,66,62,7,9,11,12,8
251790,H. Rafia,Hamza Rafiaحمزة رفيعة,"CM, CAM",68,26,22-04-1999,31,Serie A,347,Lecce,Tunisia,1,61,62,42,70,75,64,74,65,55,71,67,74,53,67,57,58,68,71,63,48,48,34,13,12,5,9,11
246960,M. Ihattaren,Mohamed Amine Ihattaren,"CAM, RM, CM",71,23,12-02-2002,10,Eredivisie,634,Fortuna Sittard,Morocco,1,74,64,52,69,78,70,77,61,51,70,67,69,66,69,74,40,65,77,71,38,42,36,9,9,9,13,6
210386,K. Peterson,Kristoffer Paul Peterson,"LM, RM, LW",69,30,28-11-1994,10,Eredivisie,634,Fortuna Sittard,Sweden,1,63,67,59,65,71,61,72,79,77,81,65,76,70,71,58,39,66,62,66,30,29,32,16,15,9,6,11
260056,T. Segovia,Telasco José Segovia Pérez,"CM, LM",69,22,02-04-2003,39,Major League Soccer,112893,Inter Miami,Venezuela,1,60,68,40,70,68,66,71,71,71,70,75,68,59,71,65,68,68,70,65,55,60,58,12,8,15,9,7
245341,C. Bassett,Cole John Bassett,"CAM, CM, CDM",70,23,28-07-2001,39,Major League Soccer,694,Colorado Rapids,United States,1,55,67,63,72,68,67,72,71,65,73,64,60,72,73,63,54,71,78,50,60,60,57,14,15,11,12,5
212602,Diego Llorente,Diego Javier Llorente Ríos,CB,80,31,16-08-1993,53,La Liga,449,Real Betis Balompié,Spain,2,55,39,77,75,65,72,76,65,64,60,80,45,82,65,78,82,43,60,70,81,83,78,8,12,11,9,7
220085,L. Waldschmidt,Gian-Luca Waldschmidt,"CAM, ST, CM",72,29,19-05-1996,19,Bundesliga,31,1. FC Köln,Germany,1,64,71,56,69,75,65,74,73,63,77,69,81,68,67,61,28,70,72,70,33,19,18,14,10,7,9,16
272599,T. Ollila,Tuomas Ollila,"LB, LM",68,25,25-04-2000,16,Ligue 1,111817,Paris FC,Finland,1,66,54,68,69,60,62,67,78,80,62,64,68,77,69,66,59,59,56,60,58,68,64,6,12,6,14,14
256782,S. Nanasi,Algot Sebastian Nanasi,"CAM, LM, CM",76,23,16-05-2002,16,Ligue 1,76,RC Strasbourg Alsace,Sweden,1,66,67,37,78,79,75,79,77,64,85,74,62,61,77,61,32,72,78,75,38,25,33,12,7,10,6,8
274448,M. Tielemans,Mathijs Tielemans,"CM, CDM",68,23,26-04-2002,10,Eredivisie,1971,Excelsior,Netherlands,1,56,55,51,71,66,71,70,69,67,60,64,67,63,80,61,62,63,68,67,60,58,60,9,8,12,12,6
251191,J. Allevinah,Jim Émilien Ngowet Allevinah,"RM, LM, RW",72,30,27-02-1995,16,Ligue 1,1530,Angers SCO,Gabon,1,74,70,43,66,73,48,74,84,81,75,65,74,53,67,42,46,66,69,68,48,53,36,13,15,14,13,8
225100,J. Gomez,Joseph Dave Gomez,"CB, RB, LB, RM",79,28,23-05-1997,13,Premier League,9,Liverpool,England,2,73,20,76,77,71,75,75,72,76,61,78,51,85,57,78,79,56,65,75,79,81,78,8,13,14,7,7
192678,Kike García,Enrique García Martínez,ST,76,35,25-11-1989,53,La Liga,452,RCD Espanyol,Spain,1,56,81,79,75,76,53,77,42,42,58,76,81,76,53,78,52,81,71,80,45,34,21,7,9,8,13,13
73964,S. 't Zand,Shiloh Kiesar 't Zand,"CAM, LW, CM",67,22,14-05-2003,10,Eredivisie,246,Feyenoord,Suriname,1,58,64,49,65,71,61,71,74,54,74,64,75,65,67,65,46,62,66,63,51,54,55,8,10,11,6,6
266253,Fresneda,Iván Fresneda Corraliza,"RB, RM, LB",74,20,20-09-2004,308,Primeira Liga,237,Sporting CP,Spain,1,65,57,60,69,75,53,77,78,79,71,67,43,75,80,67,70,58,53,60,72,76,71,14,5,12,6,11
246809,Marc Aguado,Marc Aguado Pallarés,"CDM, CM",70,25,22-02-2000,53,La Liga,468,Elche CF,Spain,1,59,49,52,72,60,70,70,61,69,69,66,60,60,72,60,68,56,72,72,70,70,68,12,14,7,9,10
278567,João Costa,João Gabriel e Costa Cesco,"RM, LM, LB, RB",71,20,28-03-2005,350,Pro League,112096,Al Ettifaq,Brazil,1,66,64,48,64,74,57,75,88,86,71,63,74,68,68,58,45,68,62,66,39,43,39,9,12,7,10,11
258781,I. Zabarnyi,Illia ZabarnyiЗабарний Ілля Борисович,CB,79,22,01-09-2002,16,Ligue 1,73,Paris Saint-Germain,Ukraine,1,55,33,77,76,60,76,67,76,84,64,79,50,88,73,80,79,35,57,72,81,80,79,14,11,10,11,13
236532,R. Koch,Robin Leon Koch,CB,82,28,17-07-1996,19,Bundesliga,1824,Eintracht Frankfurt,Germany,3,41,40,86,81,60,73,75,59,72,61,82,58,85,77,82,78,52,64,82,84,86,75,9,6,15,8,6
246263,M. Weigandt,Marcelo Alexis Weigandt,"RB, RM, RW",69,25,11-01-2000,39,Major League Soccer,112893,Inter Miami,Argentina,1,61,40,62,63,67,52,62,75,81,73,65,59,77,82,73,63,65,52,69,61,69,68,8,9,14,10,15
262666,P. Treu,Philipp Treu,"LB, LM, RB",74,24,03-12-2000,19,Bundesliga,25,SC Freiburg,Germany,1,73,47,42,75,77,62,74,79,83,86,72,41,58,93,54,68,62,62,60,69,67,68,7,7,8,8,9
261145,D. Špikić,Dario Špikić,"RW, RM, LW",69,26,22-03-1999,308,Primeira Liga,744,Rio Ave FC,Croatia,1,64,63,49,64,74,61,77,81,85,72,59,69,69,67,64,64,60,58,59,47,52,45,13,8,6,14,7
70289,Sidny Cabral,Sidny Lopes Cabral,"RB, LB, RM",66,22,18-09-2002,308,Primeira Liga,718,Estrela da Amadora,Cabo Verde,1,63,42,60,64,68,59,66,81,82,75,66,71,77,61,65,63,60,62,61,57,62,55,7,14,14,11,10
237254,K. Denkey,Steeve Kévin Denkey Ahoueke,ST,77,24,30-11-2000,39,Major League Soccer,113149,FC Cincinnati,Togo,1,37,83,72,61,74,41,75,73,76,63,73,83,88,81,90,18,76,66,75,33,22,17,5,14,13,7,7
238049,P. Pomykal,Paxton Jones Pomykal,"CM, CDM, CAM",65,25,17-12-1999,39,Major League Soccer,695,FC Dallas,United States,1,65,51,42,71,71,67,67,76,69,78,61,62,60,50,61,51,65,70,73,71,64,57,10,6,13,6,11
264418,J. Gorby,Jean-Baptiste Gorby,"CDM, CM, CB",72,22,25-07-2002,308,Primeira Liga,1896,Sporting Clube de Braga,France,1,54,50,56,73,67,70,70,53,55,57,71,64,63,72,70,68,66,66,69,73,71,69,11,13,12,14,12
243456,B. White,Brian White,ST,75,29,03-02-1996,39,Major League Soccer,101112,Vancouver Whitecaps FC,United States,1,44,79,74,55,65,45,73,75,78,61,77,78,87,78,81,48,79,58,68,42,47,23,10,11,10,9,5
221986,J. Hardeveld,Jeff Hardeveld,"LM, LB, LW",66,30,27-02-1995,10,Eredivisie,100638,Telstar,Netherlands,1,73,49,58,64,65,71,67,64,70,60,64,61,70,75,73,62,58,55,64,64,65,65,13,6,12,14,6
74566,S. Mbangula,Samuel-Germain Kinduelu Mbangula Tshifunda,"LM, LW",72,21,16-01-2004,19,Bundesliga,38,SV Werder Bremen,Belgium,1,70,69,59,68,76,60,75,75,80,70,68,73,61,73,46,26,69,61,61,33,33,35,14,10,14,15,11
270674,Alberto Costa,Alberto Oliveira Baio,"RB, RM",69,21,29-09-2003,308,Primeira Liga,236,FC Porto,Portugal,1,70,54,62,65,70,59,72,70,67,54,72,74,74,59,71,60,65,66,61,68,68,69,13,8,12,5,8
206171,Júnior Urso,Ocimar de Almeida Júnior,"CDM, CM",67,36,10-03-1989,39,Major League Soccer,698,Houston Dynamo,Brazil,1,51,60,69,68,66,67,66,60,66,60,66,74,74,67,74,64,60,65,70,64,66,61,9,11,14,9,12
220534,S. Luperto,Sebastiano Luperto,CB,76,28,06-09-1996,31,Serie A,1842,Cagliari,Italy,1,58,42,77,68,58,61,66,65,63,65,77,62,81,74,74,76,48,53,74,82,78,74,12,6,12,11,6
261264,D. Affengruber,David Leopold Affengruber,CB,75,24,19-03-2001,53,La Liga,468,Elche CF,Austria,1,30,38,75,71,68,71,68,74,72,71,74,46,87,89,83,75,56,53,74,76,74,73,8,15,5,11,12
188621,A. Meijers,Aaron Meijers,"LB, LM",64,37,28-10-1987,10,Eredivisie,645,FC Volendam,Netherlands,1,57,47,64,62,61,64,59,59,63,58,64,66,77,66,70,62,60,61,69,64,62,64,7,15,7,10,15
272602,V. Carboni,Valentín Carboni,"CAM, ST, RM, CM",72,20,05-03-2005,31,Serie A,110556,Genoa,Argentina,1,68,70,67,76,75,72,75,60,62,63,75,73,59,42,46,33,70,72,70,47,50,37,13,8,11,13,7
197860,Ivo Pinto,Ivo Daniel Ferreira Mendonça Pinto,"RB, RM",69,35,07-01-1990,10,Eredivisie,634,Fortuna Sittard,Portugal,1,70,38,59,64,63,63,66,76,80,68,68,61,76,74,72,63,52,57,70,64,65,65,10,11,14,12,16
256097,Javi López,Javier López Carballo,"LB, LM",73,23,25-03-2002,53,La Liga,110827,Real Oviedo,Spain,1,71,45,65,69,70,62,70,71,72,74,70,55,74,74,68,71,68,67,63,71,72,69,11,13,14,14,11
277869,M. Kayode,Michael Olabode Kayode,"RB, RM",73,20,10-07-2004,13,Premier League,1925,Brentford,Italy,1,71,32,65,67,74,50,74,71,76,58,72,52,74,64,70,74,71,64,67,73,73,72,9,8,8,14,14
247668,K. N'Dri,Konan Ignace Jocelyn N'Dri,"RM, RW, ST",67,24,27-10-2000,31,Serie A,347,Lecce,Côte d'Ivoire,1,60,64,62,63,71,62,68,89,85,84,56,71,76,53,58,54,62,53,63,55,54,53,6,11,5,14,6
259205,N. Ahamada,Naouirou Mohamed Ahamada,"CM, CAM, RM",68,23,29-03-2002,13,Premier League,1799,Crystal Palace,France,1,57,62,56,71,72,64,70,74,61,75,70,70,67,64,58,64,65,72,62,55,67,59,13,9,7,5,9
224921,Adrián Marín,Adrián Marín Gómez,"LB, LM",71,28,09-01-1997,39,Major League Soccer,112606,Orlando City SC,Spain,1,68,43,66,67,64,65,68,68,74,70,70,63,74,72,71,72,58,57,64,68,69,65,9,14,14,8,8
271541,V. Vanat,Vladyslav VanatВанат Владислав Андрійович,"ST, LW, RW",76,23,04-01-2002,53,La Liga,110062,Girona FC,Ukraine,1,46,81,68,69,75,53,73,78,79,74,79,76,76,75,63,24,82,67,72,19,23,20,13,14,9,9,13
268728,A. Salah-Eddine,Anass Salah-Eddine,"LB, LM",71,23,18-01-2002,10,Eredivisie,247,PSV,Netherlands,1,66,38,53,74,74,68,72,80,84,79,68,50,68,71,59,66,67,68,72,65,67,65,14,8,15,14,12
237256,J. Ebobisse,Jeremy Edward Nirina Ebobisse Ebolo,ST,71,28,13-02-1997,39,Major League Soccer,112996,Los Angeles FC,Cameroon,1,50,70,72,67,65,63,69,76,78,77,72,71,89,83,82,35,72,65,64,24,32,28,7,7,12,6,14
251105,D. Joveljić,Dejan JoveljićДејан Јовељић,ST,75,25,07-08-1999,39,Major League Soccer,696,Sporting Kansas City,Serbia,1,54,81,76,66,68,60,71,76,76,74,71,75,89,71,78,28,79,66,67,22,31,29,9,13,6,7,5
247138,Fran Navarro,Francisco José Navarro Aliaga,ST,74,27,03-02-1998,308,Primeira Liga,1896,Sporting Clube de Braga,Spain,1,43,75,74,70,70,53,72,74,76,72,72,79,84,79,76,33,75,48,73,31,33,30,7,8,5,8,7
266872,F. Gatti,Federico Gatti,CB,80,27,24-06-1998,31,Serie A,45,Juventus,Italy,3,38,30,80,68,62,61,68,73,78,56,79,68,88,74,81,80,45,40,78,82,83,78,6,11,11,11,6
270465,B. Bouanani,Badredine Bouananiبدر الدين بوعناني,"RW, CAM, RM",75,20,08-12-2004,19,Bundesliga,36,VfB Stuttgart,Algeria,1,75,70,45,77,80,71,79,72,69,78,69,68,61,71,59,28,71,77,70,33,34,30,10,7,9,14,15
279709,Lucas Beraldo,Lucas Lopes Beraldo,"CB, LB, LM",78,21,24-11-2003,16,Ligue 1,73,Paris Saint-Germain,Brazil,1,59,34,76,78,66,72,72,61,70,60,77,56,81,63,76,77,35,59,70,80,82,77,11,14,15,12,8
236518,A. Nordin,Arnaud Dominique Nordin,"RM, LM, ST, RW",73,27,17-06-1998,19,Bundesliga,169,1. FSV Mainz 05,France,1,70,71,68,74,74,69,74,78,75,76,71,74,76,53,64,34,71,70,68,37,32,26,14,6,13,10,13
253193,Jefferson Encada,Jefferson Anilson Silva Encada,"RB, RM, RW",66,27,17-04-1998,308,Primeira Liga,718,Estrela da Amadora,Guinea-Bissau,1,65,53,60,64,71,60,69,85,85,74,66,57,84,64,77,55,64,55,56,53,64,59,15,6,8,12,6
254258,Nilton Varela,Nilton Varela Lopes,"LB, LM",69,24,25-05-2001,308,Primeira Liga,718,Estrela da Amadora,Portugal,1,72,47,58,58,68,48,66,79,75,72,65,56,77,67,71,67,58,55,69,68,65,66,14,12,11,10,14
267860,V. Gómez,Diego Valentín Gómez,"CB, LB",76,22,26-06-2003,53,La Liga,449,Real Betis Balompié,Argentina,1,57,25,75,73,66,70,74,79,81,78,75,50,83,81,70,77,32,64,74,75,77,78,11,12,7,9,7
275029,I. Maza,Ibrahim Maza,"CAM, CM",71,19,24-11-2005,19,Bundesliga,32,Bayer 04 Leverkusen,Algeria,1,63,64,52,70,81,63,77,74,76,84,67,82,66,70,62,41,65,68,70,35,42,31,11,11,6,12,15
276314,R. Belghali,Rafik Belghaliرفيق بلغالي,"RB, CB, RM",66,23,07-06-2002,31,Serie A,206,Hellas Verona FC,Algeria,1,63,60,56,63,67,58,64,79,83,71,66,64,72,60,62,59,62,61,64,58,65,62,11,8,13,12,6
256127,W. Bøving,William Bøving Wick,"ST, CAM, LM",71,22,01-03-2003,19,Bundesliga,169,1. FSV Mainz 05,Denmark,1,66,70,64,70,68,58,73,81,81,90,72,71,76,74,61,28,73,68,65,28,28,28,6,8,5,9,6
260479,J. McGlynn,Jack Ryan McGlynn,"CM, RM, CDM, RW",71,21,07-07-2003,39,Major League Soccer,698,Houston Dynamo,United States,1,61,50,48,76,70,75,70,71,69,69,70,65,60,77,57,55,65,74,69,55,65,58,5,7,12,13,5
257020,M. Guilavogui,Morgan Guilavogui,"ST, RW, LW, CAM",73,27,10-03-1998,16,Ligue 1,64,RC Lens,Guinea,1,64,74,73,68,73,59,71,77,71,78,73,72,85,74,74,34,74,71,73,33,40,26,10,7,10,8,5
231448,R. Nelson,Reiss Luke Nelson,"RM, LM, RW",75,25,10-12-1999,13,Premier League,1925,Brentford,England,1,72,70,39,73,79,66,78,78,75,82,73,69,57,64,53,42,70,72,60,31,37,37,12,12,11,11,15
72997,Rodrigo Mora,Rodrigo Mora de Carvalho,"CAM, LW, CM, ST",76,18,05-05-2007,308,Primeira Liga,236,FC Porto,Portugal,1,72,70,40,78,78,70,79,80,74,83,78,59,48,59,32,33,75,78,73,42,44,36,8,14,11,6,8
268868,Tiago Gouveia,Tiago Maria Antunes Gouveia,"RM, RW, LM",73,24,18-06-2001,16,Ligue 1,72,OGC Nice,Portugal,1,67,71,28,68,76,63,75,84,82,81,68,67,55,64,50,46,66,74,73,44,48,41,12,13,14,8,15
234875,L. Höler,Lucas Höler,"ST, CAM",73,30,10-07-1994,19,Bundesliga,25,SC Freiburg,Germany,1,47,74,79,66,64,45,59,63,71,65,78,79,85,80,80,41,78,58,59,49,54,39,8,7,12,10,10
263602,B. Nadir,Bilal Nadirبلال نذير,"CM, CAM",71,21,28-11-2003,16,Ligue 1,219,Olympique de Marseille,Morocco,1,54,65,53,74,73,71,75,59,53,68,73,68,61,65,62,63,62,73,71,57,62,53,8,12,7,7,13
211395,A. Al Salem,Abdullah Al Salemعبدالله السالم,"ST, CAM, CM",67,32,19-12-1992,350,Pro League,112391,Al Qadsiah FC,Saudi Arabia,1,46,69,61,64,64,61,72,68,63,61,63,70,78,74,82,54,66,66,65,45,55,53,15,13,12,10,15
238303,K. Velde,Kristoffer Velde,"LM, LW",70,25,09-09-1999,39,Major League Soccer,111140,Portland Timbers,Norway,1,64,69,52,69,72,61,70,78,82,86,58,74,66,77,58,42,68,63,61,38,47,36,8,5,12,9,11
225859,M. Niakhaté,Moussa Niakhaté,CB,77,29,08-03-1996,16,Ligue 1,66,Olympique Lyonnais,Senegal,2,63,49,75,72,65,65,64,55,78,50,76,49,73,75,83,76,49,59,75,76,79,77,9,14,6,8,7
266400,T. Hume,Trai Hume,"RB, CB",74,23,18-03-2002,13,Premier League,106,Sunderland,Northern Ireland,1,70,38,70,66,68,57,69,77,83,69,70,35,82,83,76,68,61,57,63,70,72,74,9,11,7,13,12
261032,J. Hodge,Joseph Shaun Hodge,"CDM, CM, CAM",65,22,14-09-2002,308,Primeira Liga,112516,CD Tondela,Republic of Ireland,1,53,51,48,65,66,60,66,83,67,77,67,66,73,70,71,61,57,63,64,65,63,61,12,8,5,15,8
231627,U. Sadiq,Umar Sadiq Mesbah,"ST, CAM",77,28,02-02-1997,53,La Liga,457,Real Sociedad,Nigeria,2,54,76,76,72,74,53,74,79,85,66,73,81,93,74,89,19,75,63,67,37,20,19,11,9,13,11,9
277708,Unai Gómez,Unai Gómez Etxebarria,"CAM, CM, LM",73,22,25-05-2003,53,La Liga,448,Athletic Club,Spain,1,64,68,67,76,74,70,75,68,66,73,72,69,72,59,68,26,74,76,69,41,35,42,9,13,10,7,10
270301,Peque,Gerard Fernández Castellano,"CAM, LW, ST, CM",73,22,04-10-2002,53,La Liga,481,Sevilla FC,Spain,1,65,75,50,73,73,66,74,79,76,77,71,68,57,72,43,20,72,70,63,36,38,42,13,8,15,12,8
256044,Pedro Amador,Pedro Miguel Santos Amador,"LB, LM",69,26,18-12-1998,39,Major League Soccer,112885,Atlanta United,Portugal,1,72,37,48,68,65,70,70,74,74,73,64,60,63,75,60,66,64,65,62,64,67,64,8,10,11,12,7
204121,J. Brabec,Jakub Brabec,CB,72,32,06-08-1992,308,Primeira Liga,744,Rio Ave FC,Czechia,1,54,42,69,68,59,70,64,66,66,63,66,67,78,66,78,73,52,65,70,73,73,72,10,12,6,16,7
189303,Nélson Oliveira,Nélson Miguel Castro Oliveira,ST,71,33,08-08-1991,308,Primeira Liga,1887,Vitória SC,Portugal,1,64,71,67,62,68,59,72,64,68,65,71,77,68,68,77,36,74,69,73,27,40,29,8,7,7,7,10
274559,K. Páez,Ray Kendry Páez Andrade,"CAM, RW, CM",73,18,04-05-2007,16,Ligue 1,76,RC Strasbourg Alsace,Ecuador,1,61,70,48,72,75,70,74,77,81,82,69,68,58,70,49,57,71,72,72,34,42,41,10,11,9,15,6
226720,Witi,Witiness Chimoio João Quembo,"LW, RW, LB, LM",68,28,26-08-1996,308,Primeira Liga,1891,CD Nacional,Mozambique,1,61,66,49,63,65,56,67,91,89,86,62,67,55,85,32,51,65,65,59,54,60,54,9,7,12,16,12
74207,K. Nedeljković,Kosta NedeljkovicКоста Недељковић,"RB, RM",72,19,16-12-2005,19,Bundesliga,112172,RB Leipzig,Serbia,1,69,42,61,68,69,61,71,82,80,64,67,45,76,70,64,69,60,61,64,68,69,66,6,9,6,13,13
262414,André Franco,André Filipe Russo Franco,"RM, CAM, CM, RW",72,27,12-04-1998,39,Major League Soccer,693,Chicago Fire,Portugal,1,67,71,53,73,72,72,73,67,74,72,69,71,63,66,61,40,68,76,69,42,38,35,12,12,12,12,7
247335,W. Isidor,Wilson Isidor,ST,72,24,27-08-2000,13,Premier League,106,Sunderland,France,1,55,73,68,64,71,53,70,77,84,70,70,72,80,68,73,29,72,65,71,26,28,25,12,11,11,13,12
262311,B. van Rooij,Bart van Rooij,RB,74,24,26-05-2001,10,Eredivisie,1908,FC Twente,Netherlands,1,75,35,45,73,69,58,71,79,85,70,72,56,64,78,75,69,57,69,69,69,69,70,10,12,13,9,10
234927,R. Edwards,Raheem Nathaniel Anfernee Edwards,"LM, LB",66,29,15-07-1995,39,Major League Soccer,689,New York Red Bulls,Canada,1,62,51,60,64,71,61,68,78,76,78,56,56,75,75,67,59,59,60,62,60,64,62,7,14,10,10,9
267446,D. Kasius,Denso Kasius,"RB, RM",70,22,06-10-2002,10,Eredivisie,1906,AZ Alkmaar,Netherlands,1,67,53,50,68,67,61,67,86,90,78,66,62,64,74,63,60,67,60,66,61,64,65,10,6,10,7,7
260290,M. Pieringer,Marvin Pieringer,"ST, CAM",75,25,04-10-1999,19,Bundesliga,111235,1. FC Heidenheim 1846,Germany,1,49,75,81,68,67,43,75,63,66,69,77,77,88,77,83,30,77,67,75,38,27,23,10,10,12,6,8
256970,A. Karabec,Adam Karabec,"CAM, RM, CM",71,21,02-07-2003,16,Ligue 1,66,Olympique Lyonnais,Czechia,1,65,64,49,73,75,66,72,74,73,79,68,66,65,76,64,29,69,73,74,33,32,38,14,14,8,7,13
270086,António Silva,António João Pereira de Albuquerque Tavares da Silva,CB,78,21,30-10-2003,308,Primeira Liga,234,SL Benfica,Portugal,2,45,31,76,77,69,76,73,78,81,57,75,60,83,83,83,74,34,68,77,80,81,77,12,10,8,6,8
210450,A. Touré,Abdoulaye Touré,"CDM, CM",75,31,03-03-1994,16,Ligue 1,1738,Le Havre AC,Guinea,1,48,57,63,75,68,72,72,41,43,32,75,76,70,75,86,73,48,69,75,74,74,65,8,15,9,9,7
231485,A. Tuanzebe,Axel Tuanzebe,"RB, CB",73,27,14-11-1997,13,Premier League,1796,Burnley,Congo DR,1,61,26,71,71,66,69,68,74,77,65,74,53,84,68,76,73,55,63,77,73,74,72,5,8,5,13,12
260943,J. Casimir,Josué Casimir,"RM, ST, RW",71,23,24-09-2001,16,Ligue 1,57,AJ Auxerre,France,1,67,70,63,69,72,49,72,80,84,68,70,68,77,75,68,45,69,64,67,41,39,37,8,5,6,9,5
235619,M. Edwards,Marcus Edwards,"RM, RW",76,26,03-12-1998,13,Premier League,1796,Burnley,England,1,70,70,37,73,80,60,79,86,83,91,73,70,52,72,39,30,72,73,72,32,28,24,7,12,15,15,6
243849,P. Maghoma,Edmond-Paris Maghoma,"CM, CDM",66,24,08-05-2001,13,Premier League,1925,Brentford,England,1,60,62,46,68,69,67,69,67,62,72,67,63,60,63,66,59,63,67,68,61,64,62,11,7,12,11,10
275343,B. Rodríguez,Baltasar Luis Gallego Rodríguez,"CM, CAM, LW",70,21,09-07-2003,39,Major League Soccer,112893,Inter Miami,Argentina,1,69,59,39,73,74,70,74,78,71,77,68,61,55,57,36,67,67,72,70,37,63,62,5,14,13,5,14
237715,P. Cutrone,Patrick Cutrone,ST,75,27,03-01-1998,31,Serie A,50,Parma,Italy,1,62,76,74,72,78,56,79,72,73,63,74,74,81,70,71,14,76,62,74,36,20,18,10,7,7,10,5
158625,Dante,Dante Bonfim da Costa Santos,CB,78,41,18-10-1983,16,Ligue 1,72,OGC Nice,Brazil,3,58,47,77,79,61,77,77,32,32,35,78,62,74,61,82,81,43,65,79,85,78,75,14,8,10,6,13
216497,M. Philipp,Maximilian Marcus Philipp,"ST, CAM",69,31,01-03-1994,19,Bundesliga,25,SC Freiburg,Germany,1,64,70,50,69,75,59,76,71,56,74,70,76,66,53,64,39,72,69,68,39,48,34,8,12,10,10,9
231108,S. Hefti,Silvan Hefti,"RB, RM",69,27,25-10-1997,19,Bundesliga,28,Hamburger SV,Switzerland,1,65,38,67,67,63,63,66,74,66,71,67,68,81,61,77,66,52,59,65,68,66,68,11,12,12,6,8
264173,Iván Romero,Iván Romero de Ávila Araque,"ST, RM, LM, CAM",71,24,10-04-2001,53,La Liga,1853,Levante UD,Spain,1,61,72,64,64,75,52,77,85,84,82,66,70,75,74,59,30,73,57,72,40,41,48,10,9,8,5,15
272453,Pablo Durán,Pablo Durán Fernández,"ST, LM, CAM",74,24,15-05-2001,53,La Liga,450,RC Celta,Spain,1,58,77,68,71,75,58,75,71,72,66,75,73,74,72,67,33,77,65,73,38,28,26,7,9,7,9,7
276066,D. Marczuk,Dominik Marczuk,"RM, RW",70,21,01-11-2003,39,Major League Soccer,113149,FC Cincinnati,Poland,1,68,66,45,67,70,63,70,70,71,68,65,64,55,80,53,58,69,65,57,58,60,57,11,5,6,14,11
260977,F. Al Ghamdi,Faisal Abdulrahman Saeed Al Marq Al Ghamdiفيصل الغامدي,"CDM, CM",68,23,13-08-2001,350,Pro League,607,Al Ittihad,Saudi Arabia,1,55,53,55,69,70,69,71,68,65,67,66,55,68,78,85,64,62,60,74,60,67,62,12,13,8,9,12
245685,O. Valakari,Onni Johannes Simonpoika Valakari,"ST, CAM",66,25,18-08-1999,39,Major League Soccer,131439,San Diego FC,Finland,1,60,65,58,75,65,60,66,69,72,56,68,65,72,76,73,66,69,70,66,45,62,52,6,9,14,9,6
263133,Antoniu Roca,Antoniu Roca Vives,"RM, LM, RW",73,22,05-09-2002,53,La Liga,452,RCD Espanyol,Spain,1,71,64,58,72,76,67,75,78,81,82,70,64,70,62,58,40,70,70,70,39,40,33,11,6,12,15,11
242418,T. Lamptey,Tariq Kwame Nii-Lante Lamptey,"RB, LB, RM",73,24,30-09-2000,31,Serie A,110374,Fiorentina,Ghana,1,73,47,54,72,76,62,71,89,80,90,71,48,59,61,34,71,55,59,69,68,71,73,15,13,12,5,13
270077,K. Koulierakis,Konstantinos KoulierakisΚωνσταντίνος Κουλιεράκης,CB,77,21,28-11-2003,19,Bundesliga,175,VfL Wolfsburg,Greece,1,42,24,75,70,62,70,70,71,68,52,73,75,84,76,78,78,45,41,66,77,77,77,8,8,13,10,11
189250,S. Rondón,José Salomón Rondón Giménez,ST,74,35,16-09-1989,53,La Liga,110827,Real Oviedo,Venezuela,1,60,74,75,71,70,53,74,52,50,58,74,80,80,56,86,25,82,70,77,29,33,23,13,13,7,5,14
69967,Isaac Romero,Isaac Romero Bernal,"ST, LW, RW, LM",74,25,18-05-2000,53,La Liga,481,Sevilla FC,Spain,1,68,73,74,72,74,67,75,77,79,69,73,73,85,72,74,22,72,65,63,23,12,10,5,12,11,8,12
273748,J. Panichelli,Joaquín Panichelli,ST,74,22,07-10-2002,16,Ligue 1,76,RC Strasbourg Alsace,Argentina,1,55,76,80,65,70,56,73,62,73,63,71,78,87,74,85,11,75,69,68,35,16,18,9,15,6,7,10
276969,L. Avdullahu,Leon Avdullahu,"CDM, CM, CB",70,21,23-02-2004,19,Bundesliga,10029,TSG 1899 Hoffenheim,Kosovo,1,69,51,44,75,69,76,74,64,57,59,66,74,58,88,67,65,48,74,63,63,64,62,10,13,12,7,6
80911,Patati,Weslley Pinto Batista,"RM, LM, RW",72,21,01-10-2003,10,Eredivisie,1906,AZ Alkmaar,Brazil,1,62,70,46,66,76,54,73,87,88,84,67,71,70,72,64,25,69,65,63,28,30,31,12,15,9,14,8
258608,O. Bukari,Osman Bukari,"RW, ST, RM",72,26,13-12-1998,39,Major League Soccer,114161,Austin FC,Ghana,1,60,67,48,67,77,49,72,87,83,85,66,67,70,73,63,28,70,67,69,21,56,38,13,6,14,7,7
74317,Izeta,Urko Iruretagoiena Lertxundi,"ST, LW, LM",71,25,29-09-1999,53,La Liga,448,Athletic Club,Spain,1,52,72,77,65,66,60,66,72,65,71,65,74,88,71,79,20,74,65,59,17,18,23,6,8,9,13,14
73316,J. Vertrouwd,Jozhua Tomayo Vertrouwd,"CB, LB, LM",67,20,21-08-2004,53,La Liga,480,Rayo Vallecano,Netherlands,1,60,51,68,63,62,59,65,74,72,66,65,63,76,72,70,66,53,59,59,66,65,66,8,15,13,15,13
257896,N. Patterson,Nathan Kenneth Patterson,"RB, RM",71,23,16-10-2001,13,Premier League,7,Everton,Scotland,1,69,41,62,66,70,63,69,68,73,73,68,62,71,66,68,69,55,54,58,70,74,72,7,13,9,7,8
278928,Álex Jiménez,Alejandro Jiménez Sánchez,"RB, LB, RM",71,20,08-05-2005,13,Premier League,1943,AFC Bournemouth,Spain,1,61,55,61,68,70,61,71,87,81,77,68,45,69,66,46,67,65,55,58,69,68,65,9,8,6,10,7
210603,Y. Al Shahrani,Yasser Gharsan Saeed Al Mohammadi Al Shahraniياسر غرسان الشهراني,"LB, RB, LM",66,33,25-05-1992,350,Pro League,112391,Al Qadsiah FC,Saudi Arabia,1,58,42,55,65,65,60,64,81,67,84,62,68,68,67,54,65,63,61,61,64,64,64,13,15,14,9,8
228783,A. Lajami,Ali Mohammed Ali Lajamiعلي محمد لاجامي,CB,70,29,24-04-1996,350,Pro League,605,Al Hilal,Saudi Arabia,1,47,48,65,67,53,71,62,78,74,79,66,56,80,78,74,71,48,50,58,66,67,72,9,14,9,14,12
212401,S. Moreira,Steven Moreira,"CB, RB",72,30,13-08-1994,39,Major League Soccer,687,Columbus Crew,Cabo Verde,1,65,26,68,75,71,65,69,74,73,76,72,43,78,81,71,70,63,67,68,74,73,69,10,14,9,15,9
252960,I. Jansson,Isak Jansson,"LW, ST, CAM, LM",71,23,31-01-2002,16,Ligue 1,72,OGC Nice,Sweden,1,61,72,58,64,76,55,74,87,84,84,63,62,76,84,63,38,68,63,63,36,43,42,7,8,10,14,10
265788,Z. Iqbal,Zidane Iqbal,"CDM, CM, CB",68,22,27-04-2003,10,Eredivisie,1903,FC Utrecht,Iraq,1,55,59,46,70,72,66,70,68,60,83,66,62,57,76,56,66,60,67,69,63,68,58,6,10,9,8,5
237385,I. Harkes,Ian Andrew Harkes,"CM, CDM, CB",65,30,30-03-1995,39,Major League Soccer,111928,San Jose Earthquakes,United States,1,54,52,53,66,63,65,65,67,66,64,60,65,65,84,68,59,60,65,63,59,63,60,7,11,13,6,9
277594,Óscar Aranda,Óscar Aranda Subiela,"LM, ST, RM, LW",74,23,29-04-2002,308,Primeira Liga,112809,Famalicão,Spain,1,66,74,58,69,82,64,83,76,79,74,67,69,77,53,75,25,72,69,73,24,26,29,5,6,11,6,8
260779,S. Adingra,Simon Adingra,"RM, LM, RW",76,23,01-01-2002,13,Premier League,106,Sunderland,Côte d'Ivoire,1,70,71,32,73,80,65,77,88,87,88,72,73,55,70,45,27,70,73,79,30,32,30,8,13,6,14,10
269248,D. Murkin,Derry John Murkin,"LB, LW, LM",68,25,27-07-1999,10,Eredivisie,1903,FC Utrecht,England,1,68,33,59,66,65,67,64,84,81,70,64,83,72,85,74,60,57,54,55,57,62,61,11,14,6,5,11
269258,C. Twigt,Calvin Twigt,"CDM, CM",66,22,30-01-2003,10,Eredivisie,100632,Go Ahead Eagles,Netherlands,1,70,54,53,68,65,66,68,47,60,58,67,72,57,77,67,66,62,60,66,57,62,60,13,8,8,5,11
276682,C. Ndour,Cher Ndour,"CM, CAM, CDM",70,20,27-07-2004,31,Serie A,110374,Fiorentina,Italy,1,60,59,61,74,73,72,75,49,60,57,70,74,69,57,78,58,68,73,71,55,59,56,10,13,11,7,13
252162,A. Ueda,Ayase Ueda上田 綺世,ST,74,26,28-08-1998,10,Eredivisie,246,Feyenoord,Japan,1,47,78,78,65,65,43,69,75,73,76,76,73,91,72,70,23,78,64,79,22,22,22,7,12,14,15,6
220763,R. Thomas,Ryan Jared Thomas,"CM, CDM",66,30,20-12-1994,10,Eredivisie,1914,PEC Zwolle,New Zealand,1,65,55,42,68,68,67,69,72,44,72,66,66,59,69,63,67,62,73,76,64,52,50,10,12,6,8,9
278902,A. Koné,Amadou Koné,"CDM, CM, CB",69,20,14-05-2005,350,Pro League,131798,NEOM SC,Côte d'Ivoire,1,54,55,57,74,65,68,67,64,66,62,68,65,70,69,72,65,61,66,65,64,72,63,14,12,7,13,14
201895,D. Fagúndez,Diego Santiago Fagúndez Pepe,"LM, RM, CAM, LW",70,30,14-02-1995,39,Major League Soccer,697,LA Galaxy,Uruguay,1,67,60,48,68,74,64,72,75,76,86,65,70,61,68,57,30,67,66,68,35,49,33,6,11,7,14,8
208330,A. Januzaj,Adnan Januzaj,"RW, RM, LM",74,30,05-02-1995,53,La Liga,481,Sevilla FC,Belgium,1,76,66,42,78,79,71,78,69,70,79,70,75,56,55,59,36,71,75,75,30,23,22,15,10,11,12,7
265726,César Tárrega,César Tárrega Requeni,CB,75,23,26-02-2002,53,La Liga,461,Valencia CF,Spain,1,45,31,78,71,66,68,69,60,65,61,73,68,86,74,86,73,31,53,61,77,73,73,14,11,11,7,5
267920,A. Freeman,Alexander Michael Freeman,RB,65,20,09-08-2004,39,Major League Soccer,112606,Orlando City SC,United States,1,64,60,58,65,67,61,66,83,82,75,58,60,82,76,77,50,59,60,56,60,61,58,12,11,10,10,6
277672,O. Braude,Oliver Johansen Braude,"RB, LB, RM",68,21,21-02-2004,10,Eredivisie,1913,SC Heerenveen,Norway,1,65,41,52,69,64,68,66,67,77,77,64,57,62,78,61,61,62,61,65,63,62,64,11,12,14,14,11
238545,F. Al Birekan,Firas Tariq Nasser Al Buraikanفراس طارق ناصر البريكان,"LM, ST, CAM, LW",75,25,14-05-2000,350,Pro League,112387,Al Ahli SFC,Saudi Arabia,1,65,79,73,70,74,57,76,71,83,69,79,70,82,87,75,31,83,61,75,31,34,35,8,10,7,5,6
243154,A. Benedyczak,Adrian Dawid Benedyczak,"LM, LW",71,24,24-11-2000,31,Serie A,50,Parma,Poland,1,67,71,68,69,70,60,69,85,84,67,64,73,84,61,75,29,68,65,53,33,24,24,12,15,13,7,12
263653,Miguel Maga,Miguel Ângelo Gomes Ferreira Magalhães,"RB, RM, CB",71,22,16-11-2002,308,Primeira Liga,1887,Vitória SC,Portugal,1,68,51,48,65,66,62,71,77,78,73,69,66,54,72,44,68,55,64,57,67,69,67,13,9,7,6,11
276207,H. Ojediran,Hamzat-Basit Ojediran,"CDM, CM",70,21,14-11-2003,16,Ligue 1,64,RC Lens,Nigeria,1,52,52,59,69,63,65,68,65,60,52,68,66,71,67,75,70,53,64,65,65,73,68,15,14,10,9,7
262412,L. Rosier,Loreintz Rosier,"CDM, CB, CM",68,26,14-08-1998,350,Pro League,113222,Al Hazem FC,France,1,58,57,68,68,67,68,66,52,64,51,68,65,76,73,86,64,65,65,67,61,68,66,7,12,10,13,9
272718,Joel Roca,Joel Roca Casals,"ST, CAM, LW",69,20,07-06-2005,53,La Liga,110062,Girona FC,Spain,1,62,71,58,71,74,64,74,84,82,84,68,68,71,58,55,46,70,66,63,42,45,42,8,14,9,11,8
241002,E. Sabbi,Emmanuel Afriyie Mario Sabbi,"RW, RM, ST",70,27,24-12-1997,39,Major League Soccer,101112,Vancouver Whitecaps FC,United States,1,62,64,57,63,70,51,73,90,90,89,68,67,73,68,56,40,64,63,67,36,35,29,14,13,8,10,7
243828,M. Longstaff,Matthew Ben Longstaff,"CM, CDM, CAM",66,25,21-03-2000,39,Major League Soccer,111139,CF Montréal,England,1,59,62,44,68,72,65,74,69,63,75,64,68,54,59,58,58,66,64,71,50,57,51,12,12,10,13,6
271248,E. Mayenda,Eliezer Mayenda Dossou,"ST, RM, LM, RW",71,20,08-05-2005,13,Premier League,106,Sunderland,Spain,1,59,71,65,65,69,55,69,85,85,71,68,72,80,75,70,30,71,61,65,26,30,30,10,15,10,8,13
207877,J. Martínez,Josef Alexander Martínez Mencia,ST,73,32,19-05-1993,39,Major League Soccer,111928,San Jose Earthquakes,Venezuela,1,49,74,71,67,71,59,72,79,77,76,72,79,82,50,69,18,74,60,69,15,21,15,12,14,14,12,8
270107,L. Langoni,Luca Daniel Langoni,"RM, ST, RW",71,23,09-02-2002,39,Major League Soccer,691,New England Revolution,Argentina,1,63,68,44,64,72,52,69,90,90,89,69,66,65,90,58,22,69,59,62,45,29,33,13,9,11,8,7
271659,A. Kemlein,Aljoscha Kemlein,"CM, CDM",70,20,02-08-2004,19,Bundesliga,1831,1. FC Union Berlin,Germany,1,53,59,61,74,69,69,72,66,39,68,71,62,70,71,68,69,59,69,73,64,70,62,9,8,14,14,8
242998,Klauss,João Klauss de Mello,ST,72,28,01-03-1997,39,Major League Soccer,113018,St. Louis CITY SC,Brazil,1,58,72,78,67,66,61,71,57,70,57,70,78,87,83,90,33,72,65,73,39,26,22,11,5,7,7,13
235890,M. Saadane,Marwane Saadaneمروان سعدان,CB,72,33,17-01-1992,350,Pro League,112390,Al Fateh,Morocco,1,54,47,72,69,56,78,70,55,54,63,65,61,80,86,84,68,36,49,64,69,71,69,7,10,14,15,5
240777,L. Ranieri,Luca Ranieri,CB,76,26,23-04-1999,31,Serie A,110374,Fiorentina,Italy,1,62,37,78,68,66,61,76,62,73,61,76,54,74,68,59,78,57,42,65,80,78,77,14,8,7,8,9
212692,Rony Lopes,Marcos Paulo Mesquita Lopes,"RM, RW",73,29,28-12-1995,308,Primeira Liga,112516,CD Tondela,Portugal,1,73,71,38,74,76,69,75,75,70,77,67,76,57,67,57,29,70,71,72,30,28,27,11,10,12,12,11
244186,Luquinhas,Lucas Lima Linhares,"LM, LW",70,28,28-09-1996,308,Primeira Liga,1438,Santa Clara,Brazil,1,63,64,56,64,71,64,71,81,78,85,68,70,70,73,56,38,70,67,73,28,35,31,6,12,8,12,13
256526,F. Cáseres,Facundo Agustín Cáseres,"CDM, CM, CB",69,24,28-05-2001,308,Primeira Liga,1888,Gil Vicente FC,Argentina,1,45,61,64,72,71,68,73,68,66,69,67,60,61,72,49,68,48,70,57,62,69,67,12,7,7,7,9
259170,Rodrigo Gomes,Rodrigo Martins Gomes,"RW, LW, RM",72,21,07-07-2003,13,Premier League,110,Wolverhampton Wanderers,Portugal,1,60,73,52,70,75,64,73,79,79,82,74,69,57,63,42,54,70,65,66,54,49,51,10,13,10,14,10
235885,T. Muyumba,Tristan Muyumba Nkita,"CDM, CM",68,28,07-03-1997,39,Major League Soccer,112885,Atlanta United,France,1,50,52,51,69,70,67,69,74,70,72,65,51,68,83,67,65,60,66,68,64,67,66,6,11,6,6,14
252059,S. Abdul Samed,Salis Abdul Samed,"CDM, CM",73,25,26-03-2000,16,Ligue 1,72,OGC Nice,Ghana,1,48,51,67,72,66,70,72,61,56,65,70,49,73,80,73,71,58,70,74,71,72,70,11,14,8,11,7
274616,S. Kılıçsoy,Semih Kılıçsoy,"ST, LW, LM",70,19,15-08-2005,31,Serie A,1842,Cagliari,Türkiye,1,60,71,62,67,73,60,71,78,76,74,62,73,78,69,71,26,71,63,65,29,29,26,12,6,5,8,5
274913,C. Bonsu Baah,Christopher Bansu Baah,"LM, RM, LW",73,20,14-12-2004,350,Pro League,112391,Al Qadsiah FC,Ghana,1,67,61,29,68,79,53,76,89,85,89,72,74,64,72,65,30,67,65,69,29,44,32,8,5,12,5,8
74774,U. Raghouber,Ugo Raghouber,"CDM, CM",69,21,13-07-2003,16,Ligue 1,65,Lille OSC,France,1,48,58,67,74,74,70,73,69,74,63,62,69,72,74,67,67,51,56,66,59,71,57,12,5,10,8,13
245270,K. Finnsson,Kolbeinn Birgir Finnsson,"LB, LM",66,25,25-08-1999,10,Eredivisie,1903,FC Utrecht,Iceland,1,64,49,57,62,61,60,64,74,74,68,65,65,74,75,71,60,59,58,63,63,62,60,14,14,14,10,9
225600,A. Al Ammar,Abdullah Khalid Mohammed Al Ammarعبدالله العمار,"LB, LM",66,31,01-03-1994,350,Pro League,112387,Al Ahli SFC,Saudi Arabia,1,65,44,52,66,69,66,65,72,77,75,66,63,68,77,69,57,65,63,60,58,62,60,16,12,10,16,15
213331,J. Tah,Jonathan Glao Tah,CB,87,29,11-02-1996,19,Bundesliga,21,FC Bayern München,Germany,4,39,32,87,78,60,68,70,53,71,49,85,60,85,76,91,84,36,57,79,88,89,84,11,8,7,9,14
278661,Yarek,Yarek Gąsiorowski Hernandis,"CB, LB",73,20,12-01-2005,10,Eredivisie,247,PSV,Spain,1,53,50,75,74,63,68,70,60,68,69,71,59,73,66,64,75,40,66,68,75,75,71,9,8,10,6,11
273840,Beni,Benedito Mambuene Mukendi,"CM, CDM",68,23,21-05-2002,308,Primeira Liga,1887,Vitória SC,Angola,1,51,55,44,69,68,65,70,67,67,66,64,61,56,70,62,67,70,70,55,63,72,70,9,7,11,12,11
266183,J. Njinmah,Justin Gideon Njinmah,"ST, RM, RW",73,24,15-11-2000,19,Bundesliga,38,SV Werder Bremen,Germany,1,56,73,56,66,74,60,72,90,86,78,74,87,76,74,62,33,73,68,60,27,25,18,12,9,10,7,6
260082,Jesús Vázquez,Jesús Vázquez Alcalde,"LB, LM",70,22,02-01-2003,53,La Liga,461,Valencia CF,Spain,1,68,41,64,71,68,70,63,67,71,65,68,66,68,63,60,65,59,58,61,66,71,70,15,10,11,11,13
265544,T. Le Bris,Théo Le Bris,"LM, RM, LB",69,22,01-10-2002,16,Ligue 1,217,FC Lorient,France,1,64,50,64,76,68,72,72,65,63,62,70,60,54,71,38,63,72,71,74,57,67,65,8,11,12,8,13
73049,Pedro Lima,Pedro Henrique Cardoso de Lima,"RB, RM",68,19,01-07-2006,308,Primeira Liga,236,FC Porto,Brazil,1,67,44,56,70,72,73,68,77,75,81,63,53,66,59,54,68,68,63,67,64,65,66,8,13,13,11,5
261245,Dani Pereira,Daniel Pereira Gil,"CM, CDM, CB",67,24,14-07-2000,39,Major League Soccer,114161,Austin FC,Venezuela,1,49,50,38,73,73,68,69,82,79,75,64,59,59,72,56,61,64,66,72,65,61,59,13,7,10,7,12
255380,I. Soro,Ismaila Wafougossani Soro,"CDM, CM",71,27,07-05-1998,350,Pro League,113037,Al Riyadh,Côte d'Ivoire,1,48,48,51,70,59,65,66,69,66,75,68,63,66,76,69,73,45,59,63,68,74,71,10,5,6,9,8
242596,T. Blackmon,Tristan Michael Blackmon,CB,70,28,12-08-1996,39,Major League Soccer,101112,Vancouver Whitecaps FC,United States,1,59,41,68,66,68,65,64,89,90,68,71,50,90,77,84,68,55,48,63,70,66,64,13,10,7,11,13
74939,Igor Jesus,Igor Jesus Lima,"CM, CDM",68,22,07-03-2003,39,Major League Soccer,112996,Los Angeles FC,Brazil,1,46,42,56,73,70,70,73,76,72,70,71,52,73,66,68,66,60,67,71,67,67,67,7,11,9,13,14
273616,R. Esse,Romain Joy Kouakou Esse,"RW, CAM, LW, RM",70,20,13-05-2005,13,Premier League,1799,Crystal Palace,England,1,68,68,48,69,72,57,71,79,76,85,67,64,63,66,55,53,68,66,69,25,52,44,10,14,5,13,9
239360,P. Struijk,Pascal Augustus Struijk,CB,76,25,11-08-1999,13,Premier League,8,Leeds United,Netherlands,1,42,42,77,75,62,70,70,60,59,58,75,67,84,77,82,75,44,56,75,76,76,75,14,8,8,10,14
255272,K. Paredes,Kevin Alexander Paredes,"LW, LM, LB",73,22,07-05-2003,19,Bundesliga,175,VfL Wolfsburg,United States,1,68,65,36,70,79,62,76,85,80,87,71,64,49,48,34,58,69,68,57,59,63,60,8,11,13,9,10
202107,A. Morales,Alfredo Eloy Galo Morales,"CM, CDM, CB",66,35,12-05-1990,39,Major League Soccer,113018,St. Louis CITY SC,United States,1,61,56,55,68,63,65,69,51,40,62,64,67,67,71,76,65,61,65,67,63,62,61,9,13,13,16,12
269725,L. Mouton,Louis Mouton,"CM, CDM",70,23,03-06-2002,16,Ligue 1,1530,Angers SCO,France,1,60,47,53,73,69,71,72,67,65,62,69,56,66,85,70,66,65,68,66,63,69,65,8,8,15,10,13
239795,C. Ekuban,Caleb Ansah Ekuban,ST,71,31,23-03-1994,31,Serie A,110556,Genoa,Ghana,1,64,71,68,65,69,60,69,79,82,71,67,70,84,66,78,29,69,67,66,22,22,19,8,13,9,11,6
274102,O. Scarles,Oliver Scarles,"LB, LM",70,19,12-12-2005,13,Premier League,19,West Ham United,England,1,69,42,62,67,67,57,66,74,71,72,68,60,73,67,66,67,58,59,64,67,69,66,14,6,7,13,6
232166,F. Herbers,Fabian Herbers,"CM, CDM, RM, CAM",63,31,17-08-1993,39,Major League Soccer,111139,CF Montréal,Germany,1,60,61,65,68,64,60,64,59,64,64,64,69,68,74,67,58,62,60,61,58,60,50,14,10,9,14,9
223979,Paolo Fernandes,Paolo Fernándes Cantin,"RW, RM, CAM",71,26,09-08-1998,350,Pro League,112883,Al Khaleej,Spain,1,67,65,38,66,81,56,77,80,74,83,68,69,56,65,52,38,58,66,73,41,36,28,14,15,7,15,8
276216,E. Banzuzi,Ezechiel Banzuzi,"CM, CDM",70,20,16-02-2005,19,Bundesliga,112172,RB Leipzig,Netherlands,1,48,60,69,75,71,71,73,67,66,56,69,71,76,74,74,64,66,67,58,53,66,57,14,5,14,6,12
261386,M. Balard,Maximilien Balard,"CM, CDM",67,24,20-11-2000,10,Eredivisie,1904,NAC Breda,Australia,1,46,51,49,70,62,70,70,65,69,80,69,55,64,74,71,65,61,69,68,63,61,57,5,8,14,10,7
278399,Gonzalo,Gonzalo García Torres,ST,69,21,24-03-2004,53,La Liga,243,Real Madrid,Spain,1,58,70,67,65,69,60,70,67,69,66,68,73,75,66,73,44,70,60,63,42,40,50,6,13,12,7,7
207762,Jota,João Tiago Serrão Garcês,CM,64,32,07-03-1993,308,Primeira Liga,1891,CD Nacional,Portugal,1,61,51,53,66,67,64,67,66,65,77,64,65,59,65,55,57,65,68,69,61,57,54,7,11,14,10,7
233885,E. Cömert,Eray Ervin Cömert,CB,72,27,04-02-1998,53,La Liga,461,Valencia CF,Switzerland,1,49,30,74,69,41,67,67,61,70,68,71,76,80,75,77,70,33,59,62,71,73,70,6,8,5,7,6
247249,J. Piroe,Joël Mohammed Ramzan Piroe,ST,75,25,02-08-1999,13,Premier League,8,Leeds United,Netherlands,1,53,79,71,73,72,61,74,62,66,65,74,80,79,76,78,21,78,72,77,20,29,27,10,13,9,7,11
241173,L. Foster,Lyle Brent Foster,"ST, LM, CAM",72,24,03-09-2000,13,Premier League,1796,Burnley,South Africa,1,62,74,70,65,69,51,71,79,82,65,68,76,83,71,76,24,73,63,68,36,33,31,5,6,10,9,12
248342,T. Heggem,Torbjørn Lysaker Heggem,"CB, LB, LM",73,26,12-01-1999,31,Serie A,189,Bologna,Norway,1,58,44,72,68,66,61,67,70,75,61,71,54,84,79,82,72,48,61,68,73,73,71,13,6,7,9,6
246310,C. Cappis,Christian Jaeger Cappis,"CM, LB",66,25,13-08-1999,39,Major League Soccer,695,FC Dallas,United States,1,60,59,55,68,65,66,66,75,74,64,66,56,74,74,73,64,63,64,64,57,63,58,5,13,11,12,5
253114,K. Sibo,Kwasi Sibo,"CDM, CM, CB",69,27,24-06-1998,53,La Liga,110827,Real Oviedo,Ghana,1,49,48,62,66,65,63,68,59,66,62,65,66,74,80,80,67,57,57,55,69,68,66,14,10,8,6,15
78784,M. Chávez,Mateo Chávez García,"LB, LM",72,21,12-05-2004,10,Eredivisie,1906,AZ Alkmaar,Mexico,1,69,41,50,68,71,59,70,81,83,79,67,59,67,80,58,67,53,61,63,66,67,71,13,6,7,8,5
256564,T. Lemperle,Tim Lemperle,"ST, CAM",73,23,05-02-2002,19,Bundesliga,10029,TSG 1899 Hoffenheim,Germany,1,62,75,69,68,75,55,75,77,74,69,70,81,81,78,75,30,74,54,68,39,33,30,9,10,8,7,7
257118,I. Kebbal,Ilan Kais Kebbal,"RM, RW, CAM",76,26,10-07-1998,16,Ligue 1,111817,Paris FC,Algeria,1,71,72,32,74,79,69,77,83,71,92,70,68,50,83,40,17,70,73,76,32,20,21,9,11,12,11,11
76739,Pablo García,Pablo García Fernández,"RM, ST, LM, RW",68,18,15-08-2006,53,La Liga,449,Real Betis Balompié,Spain,1,61,66,51,66,68,60,68,76,75,74,64,78,66,59,59,24,65,68,64,55,29,32,13,15,15,6,10
244694,C. Sabaly,Cheikh Tidiane Sabaly,"ST, LM, CAM",72,26,04-03-1999,16,Ligue 1,68,FC Metz,Senegal,1,66,75,59,71,74,63,73,84,88,90,69,73,67,66,49,19,75,67,68,16,25,26,15,14,14,11,15
268504,A. Daghim,Adam Daghimآدم دغيم,"RW, ST, RM",66,19,28-09-2005,19,Bundesliga,175,VfL Wolfsburg,Denmark,1,56,66,56,58,67,54,69,81,83,72,61,62,75,61,67,52,66,59,62,45,53,51,9,10,9,10,7
248820,Mateu Morey,Mateu Jaume Morey Bauzà,"RB, RM",73,25,02-03-2000,53,La Liga,453,RCD Mallorca,Spain,1,71,49,41,75,75,64,75,75,75,80,72,51,55,68,51,75,62,59,63,69,69,73,6,13,7,7,5
79107,A. Maksimović,Andrija Maksimović,"RW, CAM, RM",71,18,05-06-2007,19,Bundesliga,112172,RB Leipzig,Serbia,1,73,72,40,75,70,68,70,70,71,71,70,68,58,71,65,42,69,71,70,41,31,30,10,9,11,5,7
259139,David da Costa,David Pereira da Costa,"CAM, LW, CM",75,24,05-01-2001,39,Major League Soccer,111140,Portland Timbers,Portugal,1,76,66,42,75,80,68,75,78,74,86,73,74,51,60,40,32,71,74,77,36,30,35,6,8,9,10,10
275163,R. Belahyane,Reda Belahyaneرضا بلحياني,"CM, CDM, CB",68,21,01-06-2004,31,Serie A,46,Lazio,Morocco,1,48,42,52,74,75,68,76,69,63,77,67,59,49,67,38,67,53,64,65,67,69,67,7,9,13,6,13
265693,J. Kiwior,Jakub Piotr Kiwior,"CB, LB, LM",77,25,15-02-2000,308,Primeira Liga,236,FC Porto,Poland,1,65,29,76,73,64,68,69,63,70,54,78,62,82,68,76,77,57,64,71,78,78,77,7,7,6,13,14
266237,P. Wanner,Paul Wanner,"CAM, RW, CM",72,19,23-12-2005,10,Eredivisie,247,PSV,Germany,1,60,60,51,76,75,71,75,77,73,76,70,70,55,73,38,49,68,74,64,42,41,43,7,12,13,11,13
273932,G. Gineitis,Gvidas Gineitis,CM,68,21,15-04-2004,31,Serie A,54,Torino,Lithuania,1,60,47,62,74,68,70,72,53,53,51,66,71,65,64,66,58,60,70,58,56,62,58,12,9,13,10,5
264209,L. Bogarde,Lamare Trenton Chansey Bogarde,"CDM, CM, RB, RM",71,21,05-01-2004,13,Premier League,2,Aston Villa,Netherlands,1,53,44,60,73,67,71,71,65,68,58,70,67,70,65,70,70,50,68,68,68,72,67,9,10,11,13,10
237331,T. De Smet,Thibault De Smet,"LB, LM",72,27,05-06-1998,16,Ligue 1,111817,Paris FC,Belgium,1,72,46,69,72,65,62,73,63,68,61,71,68,71,80,68,67,55,53,65,66,71,70,6,6,12,8,13
274465,João Marques,João Miguel Vieira Freitas da Silva Marques,"LW, CAM, CM, LM",71,23,13-02-2002,308,Primeira Liga,1896,Sporting Clube de Braga,Portugal,1,65,72,48,69,73,72,73,74,67,76,68,69,58,64,50,28,69,72,72,43,45,42,8,11,15,12,11
253490,D. Yongwa,Darlin Zidane Yongwa Ngameni,"LB, LM",72,24,22-09-2000,16,Ligue 1,217,FC Lorient,Cameroon,1,69,41,48,67,64,57,69,81,88,86,66,35,70,78,70,66,57,57,63,67,73,70,7,11,12,14,13
235842,A. Pinamonti,Andrea Pinamonti,ST,75,26,19-05-1999,31,Serie A,111974,Sassuolo,Italy,1,48,78,78,67,70,52,76,71,69,68,75,79,82,81,68,16,74,45,62,15,30,24,14,10,15,7,11
247648,K. Miller,Kamal Anthony Miller,CB,71,28,16-05-1997,39,Major League Soccer,111140,Portland Timbers,Canada,1,50,46,67,66,64,65,65,74,75,62,68,54,83,81,82,69,60,61,64,68,68,70,8,11,12,7,12
269962,D. Elfadli,Daniel Elfadliدانيال الفضلي,"CB, CDM, CM",72,28,06-04-1997,19,Bundesliga,28,Hamburger SV,Libya,1,57,53,64,69,59,63,62,67,64,58,68,59,76,84,76,77,40,44,65,74,72,72,11,14,12,10,14
264349,J. McAtee,James John McAtee,"RM, CM, RW",73,22,18-10-2002,13,Premier League,14,Nottingham Forest,England,1,70,71,42,72,75,67,77,72,72,77,72,69,60,65,62,33,72,71,72,44,42,43,12,6,6,10,11
268474,L. Lucca,Lorenzo Lucca,ST,76,24,10-09-2000,31,Serie A,48,Napoli,Italy,1,56,80,81,65,70,55,74,54,70,40,74,85,87,73,90,30,79,56,70,29,31,20,11,12,10,5,12
278228,E. Baum,Elias Niklas Baum,"RB, RM",72,19,26-10-2005,19,Bundesliga,1824,Eintracht Frankfurt,Germany,1,70,43,58,68,68,62,69,76,75,71,68,82,72,91,65,66,51,48,57,67,69,67,5,6,12,7,15
270820,M. Farsi,Mohamed Ramzdine Farsi,"RM, RB, RW",70,25,16-12-1999,39,Major League Soccer,687,Columbus Crew,Algeria,1,68,52,49,69,69,55,69,83,85,78,63,60,62,78,50,64,68,61,66,64,66,64,11,6,10,11,14
199915,L. Dunk,Lewis Carl Dunk,CB,77,33,21-11-1991,13,Premier League,1808,Brighton & Hove Albion,England,2,41,42,79,76,65,76,71,33,41,34,75,72,76,62,84,77,30,67,79,78,78,77,15,16,9,12,6
261875,P. Yazbek,Patrick Yazbek,"CDM, CM, CAM",66,23,05-04-2002,39,Major League Soccer,114162,Nashville SC,Australia,1,60,56,60,66,59,63,63,67,69,69,62,55,70,81,70,61,60,64,61,61,63,61,9,14,11,14,14
257270,T. Pembélé,Timothée Joseph Pembélé,"RB, CB, RM",70,22,09-09-2002,13,Premier League,106,Sunderland,France,1,66,48,64,68,69,59,73,78,79,78,67,58,74,66,60,66,65,63,68,64,68,67,11,14,9,10,8
239875,Bebeto,Roberto de Jesus Machado,"RB, CM, RM",70,35,01-01-1990,308,Primeira Liga,112516,CD Tondela,Brazil,1,67,41,58,66,67,55,65,70,70,78,69,58,64,77,57,68,57,52,64,68,67,68,5,11,10,14,12
262430,Kiko Bondoso,Francisco Miguel Ribeiro Tomé Tavares Bondoso,"LM, LW, RM",71,29,17-11-1995,308,Primeira Liga,1900,Moreirense FC,Portugal,1,68,70,61,68,74,62,71,78,77,73,69,68,65,67,47,30,68,68,70,28,32,26,8,11,15,6,5
231512,L. Kelly,Lloyd Casius Kelly,"CB, LB, LM",74,26,06-10-1998,31,Serie A,45,Juventus,England,1,62,34,75,73,67,68,73,64,69,55,69,50,82,79,80,72,57,60,72,72,75,72,7,8,8,11,12
260547,Q. Sullivan,Quinn Krippendorff Sullivan,"CM, ST, LM, CAM",67,21,27-03-2004,39,Major League Soccer,112134,Philadelphia Union,United States,1,56,68,54,68,76,67,73,77,76,75,63,64,75,57,58,43,70,74,59,44,54,51,11,12,6,14,13
263701,O. Vargas,Obed Gómez Vargas,"CM, CDM, RM, CAM",69,19,05-08-2005,39,Major League Soccer,111144,Seattle Sounders FC,Mexico,1,57,51,48,69,71,64,72,76,73,79,79,55,53,78,43,68,70,69,70,65,65,60,6,9,11,7,8
224069,K. Toko Ekambi,Karl Louis Brillant Toko Ekambi,"LW, RW, ST, LM",69,32,14-09-1992,350,Pro League,112390,Al Fateh,Cameroon,1,65,62,67,68,69,62,70,80,79,75,67,72,81,75,71,21,70,70,75,23,14,18,10,12,12,8,14
242263,M. Amundsen,Malte Meineche Amundsen,"CB, LB, LM",68,27,11-02-1998,39,Major League Soccer,687,Columbus Crew,Denmark,1,69,39,63,69,66,64,64,72,75,64,68,60,79,73,77,69,63,60,66,69,67,65,9,14,5,6,10
274535,M. Arfsten,Maximilian Arfsten,"LM, RM, CAM, LW",67,24,19-04-2001,39,Major League Soccer,687,Columbus Crew,United States,1,63,66,57,64,70,57,69,73,76,77,62,66,72,69,70,60,63,58,60,60,62,59,13,9,5,7,11
256118,Y. Keitel,Yannik Keitel,"CDM, CM, CB",71,25,15-02-2000,19,Bundesliga,36,VfB Stuttgart,Germany,1,49,44,75,72,62,70,71,63,63,66,70,58,79,65,73,68,49,65,64,64,74,67,13,8,11,10,7
231391,João Carvalho,João António Antunes Carvalho,"CAM, LW, CM",72,28,09-03-1997,308,Primeira Liga,10020,GD Estoril Praia,Portugal,1,71,65,38,74,75,72,75,73,67,81,66,78,50,60,45,40,62,73,74,21,41,28,9,7,8,10,12
241130,I. Ganago,Ignatius Kpene Ganago,ST,72,26,16-02-1999,39,Major League Soccer,691,New England Revolution,Cameroon,1,62,71,65,67,74,54,74,79,80,77,67,79,81,56,75,45,71,56,70,39,17,14,9,10,8,8,13
269558,B. Domínguez,Benjamín Domínguez,"LM, LW",73,21,19-09-2003,31,Serie A,189,Bologna,Argentina,1,64,71,43,69,76,67,76,83,84,77,64,65,53,74,42,45,67,70,65,39,41,36,12,6,10,6,11
258626,D. Sinani,Danel Sinani,"CAM, RW, RM, CM",69,28,05-04-1997,19,Bundesliga,110329,FC St. Pauli,Luxembourg,1,66,65,38,72,70,65,73,67,56,68,70,72,57,60,70,44,63,69,65,38,43,42,10,14,8,10,12
278172,E. Mbappé,Ethan Mbappé Lottin,"CM, RM",69,18,29-12-2006,16,Ligue 1,65,Lille OSC,France,1,62,61,54,73,72,68,73,70,75,65,67,64,56,67,48,62,63,69,69,56,63,57,9,8,13,12,13
237732,O. Velanas,Odysseus VelanasΟδυσσέας Βελάνας,"LM, CAM, CM, LW",66,27,05-06-1998,10,Eredivisie,1914,PEC Zwolle,Netherlands,1,56,64,55,62,63,58,65,73,77,72,65,69,58,78,58,38,67,69,70,41,45,43,14,12,9,6,15
79608,João Veloso,João Miguel Fins Veloso,CM,65,20,26-06-2005,308,Primeira Liga,234,SL Benfica,Portugal,1,62,59,55,67,69,66,68,66,65,68,63,67,66,67,66,55,59,65,67,54,63,53,6,6,6,6,14
270657,E. Iannoni,Edoardo Iannoni,CM,67,24,11-04-2001,31,Serie A,111974,Sassuolo,Italy,1,58,56,59,74,66,68,69,61,61,57,66,68,65,69,64,58,64,66,58,56,60,61,15,14,10,14,6
212592,A. Farrell,Andrew Mikobi Farrell,CB,66,33,03-04-1992,39,Major League Soccer,691,New England Revolution,United States,1,58,38,58,65,65,61,65,69,67,69,66,61,76,74,81,64,55,56,64,64,65,64,15,16,12,10,15
235658,V. Nelsson,Victor Enok Nelsson,CB,75,26,14-10-1998,31,Serie A,206,Hellas Verona FC,Denmark,1,46,36,65,69,63,67,68,60,62,61,72,60,82,68,79,76,47,59,74,73,79,78,10,6,12,7,14
232658,D. Doekhi,Danilho Raimundo Doekhi,CB,78,27,30-06-1998,19,Bundesliga,1831,1. FC Union Berlin,Netherlands,1,46,39,83,70,60,68,69,57,68,64,76,61,86,80,86,75,49,57,75,79,79,74,9,9,10,13,14
254680,Y. Oukili,Yassin Oukiliياسين وكيلي,"CM, CDM",67,24,03-01-2001,308,Primeira Liga,114510,Casa Pia,Morocco,1,49,60,43,71,66,67,68,54,66,52,63,83,62,79,85,61,58,67,66,57,64,58,9,8,8,14,9
237086,Kim Min Jae,Min-jae Kim김민재 金敏在,CB,82,28,15-11-1996,19,Bundesliga,21,FC Bayern München,Korea Republic,3,35,23,80,76,57,64,67,73,73,65,81,51,82,79,85,88,48,57,66,80,84,81,13,7,11,14,11
257090,I. Doukouré,Ismaël Landry Doukouré,"CB, CDM, CM",76,21,24-07-2003,16,Ligue 1,76,RC Strasbourg Alsace,France,1,45,33,73,76,62,72,69,59,68,55,75,59,79,70,80,76,56,66,73,74,78,77,9,14,14,11,12
243834,L. Ilić,Luka IlićЛука Илић,"CAM, CM",70,25,02-07-1999,53,La Liga,110827,Real Oviedo,Serbia,1,68,60,48,70,72,65,71,75,73,76,69,71,62,62,59,44,68,74,70,46,47,40,7,10,7,10,13
211856,K. Akpoguma,Kevin John Ufuoma Akpoguma,"CB, RB, RM",74,30,19-04-1995,19,Bundesliga,10029,TSG 1899 Hoffenheim,Nigeria,1,65,45,73,68,73,62,73,76,76,54,76,70,79,65,80,74,45,46,60,75,76,71,14,13,10,12,7
275102,S. Magassa,Soungoutou Magassa,"CDM, CM, CB",73,21,08-10-2003,13,Premier League,19,West Ham United,France,1,55,48,71,74,62,70,70,51,57,52,71,59,75,68,77,72,55,67,68,71,74,72,7,10,8,15,10
269471,J. Baas,Julian Baas,"CM, CDM",67,23,16-04-2002,10,Eredivisie,100646,Sparta Rotterdam,Netherlands,1,70,47,52,67,65,69,71,67,34,64,67,72,67,85,72,68,56,64,64,52,59,48,9,6,15,12,7
241835,J. Hornkamp,Jizz Hornkamp,ST,68,27,07-03-1998,10,Eredivisie,100634,Heracles Almelo,Netherlands,1,53,74,67,60,61,55,66,67,64,67,66,76,64,59,70,59,67,52,63,52,55,54,13,6,7,12,11
275411,T. Land,Tygo Land,"CM, CDM",68,19,11-01-2006,10,Eredivisie,1915,FC Groningen,Netherlands,1,64,52,50,74,74,74,76,71,75,82,62,58,59,61,38,56,56,72,64,53,50,55,11,6,15,11,14
251870,J. Cabal,Juan David Cabal Murillo,"LB, CB, LM",74,24,08-01-2001,31,Serie A,45,Juventus,Colombia,1,70,37,73,74,63,75,70,71,73,67,69,42,82,54,74,72,46,62,55,70,77,81,10,7,8,6,7
245286,J. Žambůrek,Jan Žambůrek,"CDM, CM",66,24,13-02-2001,10,Eredivisie,100634,Heracles Almelo,Czechia,1,54,58,58,69,64,67,65,65,43,79,66,58,66,79,65,63,64,66,63,58,62,59,6,9,11,13,7
221491,N. Elvedi,Nico Elvedi,CB,77,28,30-09-1996,19,Bundesliga,23,Borussia Mönchengladbach,Switzerland,2,65,30,77,71,62,61,68,68,71,64,73,50,84,70,79,78,53,60,70,78,79,76,9,15,10,12,9
199745,E. Sviatchenko,Erik Sviatchenko,CB,71,33,04-10-1991,39,Major League Soccer,698,Houston Dynamo,Denmark,1,44,41,72,68,51,66,65,48,64,64,68,67,87,74,89,69,67,65,72,68,68,66,14,15,7,11,16
255339,J. Nelson,Jayden Nelson,"LW, RW, LM",68,22,26-09-2002,39,Major League Soccer,101112,Vancouver Whitecaps FC,Canada,1,57,59,46,61,75,54,68,93,92,91,59,61,68,69,56,49,61,57,70,48,53,36,14,11,12,13,6
252021,T. Dallinga,Thijs Dallinga,ST,76,24,03-08-2000,31,Serie A,189,Bologna,Netherlands,1,49,79,81,73,70,58,76,69,73,53,78,75,81,64,65,29,83,74,80,23,24,23,11,6,15,10,13
220028,S. Adekugbe,Samuel Ayomide Adekugbe,"LB, LM",68,30,16-01-1995,39,Major League Soccer,101112,Vancouver Whitecaps FC,Canada,1,62,44,48,64,69,56,67,84,82,84,63,62,74,82,74,64,59,58,65,61,61,62,11,13,7,12,9
225696,Murilo,Murilo de Souza Costa,"RM, LM, RW",71,30,31-10-1994,308,Primeira Liga,1888,Gil Vicente FC,Brazil,1,65,67,58,67,70,57,74,86,84,84,62,75,77,78,67,23,67,65,68,21,21,23,13,11,8,9,7
274355,Iker Muñoz,Iker Muñoz Cameros,"CM, CDM",71,22,05-11-2002,53,La Liga,479,CA Osasuna,Spain,1,48,64,62,74,71,69,75,51,58,58,70,63,62,65,60,72,68,68,58,63,71,69,10,11,13,5,11
199897,N. Höfler,Nicolas Höfler,"CDM, CM",73,35,09-03-1990,19,Bundesliga,25,SC Freiburg,Germany,1,52,41,65,75,64,67,67,51,51,67,74,58,66,74,70,77,52,63,72,75,76,69,6,13,13,10,9
76509,D. Karim,Dermane Karim,"CDM, CM",69,21,26-12-2003,16,Ligue 1,217,FC Lorient,Togo,1,48,51,31,70,68,65,72,73,68,86,60,69,58,75,68,70,37,61,64,59,68,71,11,8,6,8,12
230144,A. Dioussé,Assane Dioussé El Hadji,"CDM, CM, CB",69,27,20-09-1997,16,Ligue 1,57,AJ Auxerre,Senegal,1,50,37,60,71,71,67,72,64,51,79,69,62,66,70,60,67,50,69,62,64,70,67,9,11,12,11,8
239136,N. Cozza,Nicolas Louis Marcel Cozza,"LB, LM",73,26,08-01-1999,16,Ligue 1,71,FC Nantes,France,1,62,39,67,69,68,62,68,72,67,69,73,49,74,67,66,75,49,55,67,75,75,74,6,10,8,14,13
277031,A. Khusanov,Abdukodir Khusanov,CB,77,21,29-02-2004,13,Premier League,10,Manchester City,Uzbekistan,1,47,34,73,69,61,64,69,78,90,59,75,49,86,64,79,77,44,58,69,76,78,76,12,7,9,8,5
214622,J. Toljan,Jeremy Isaiah Richard Toljan,RB,73,30,08-08-1994,53,La Liga,1853,Levante UD,Germany,1,75,39,49,71,69,65,73,84,81,72,68,49,67,75,59,66,56,55,61,64,71,70,10,13,10,11,12
234122,Artur,José Artur de Lima Júnior,"CDM, CM",71,29,11-03-1996,39,Major League Soccer,698,Houston Dynamo,Brazil,1,51,34,61,69,66,73,70,57,66,74,68,54,70,76,73,66,48,62,69,69,71,69,6,6,10,13,5
273564,G. Orban,Gift Emmanuel Orban,"ST, CAM",74,22,17-07-2002,31,Serie A,206,Hellas Verona FC,Nigeria,1,58,81,58,61,73,58,71,78,74,73,75,83,73,60,67,17,75,63,78,10,17,10,10,6,14,12,10
219585,M. Valjent,Martin Valjent,CB,77,29,11-12-1995,53,La Liga,453,RCD Mallorca,Slovakia,2,39,25,77,75,62,67,69,66,59,69,68,49,86,82,85,70,52,53,60,79,81,79,8,15,13,9,10
260343,S. Al Nasser,Saad Fahad Al Nasserسعد الناصر,"LB, LM, CM, LW",65,24,08-01-2001,350,Pro League,112139,Al Nassr,Saudi Arabia,1,60,60,54,61,66,54,68,84,83,79,61,63,65,75,67,57,61,55,56,54,62,57,6,6,11,11,13
256281,K. Fischer,Kilian Fischer,"RB, RM",74,24,12-10-2000,19,Bundesliga,175,VfL Wolfsburg,Germany,1,67,35,59,72,68,63,70,83,84,70,67,44,76,84,69,71,55,59,58,70,65,72,7,13,10,13,10
238379,N. Nartey,Nikolas Terkelsen Nartey,"CM, CAM, LB",68,25,22-02-2000,19,Bundesliga,36,VfB Stuttgart,Denmark,1,65,55,60,73,73,65,74,69,65,74,71,51,74,55,74,66,63,70,67,67,68,61,13,9,13,6,12
246592,Algobia,Ángel Algobia Esteves,"CM, CDM",70,26,23-06-1999,308,Primeira Liga,131463,AVS Futebol SAD,Spain,1,54,64,59,74,69,68,73,52,53,57,62,62,59,66,59,72,67,70,59,62,70,70,9,15,7,12,10
248385,R. Piccoli,Roberto Piccoli,ST,75,24,27-01-2001,31,Serie A,110374,Fiorentina,Italy,1,43,78,76,66,66,50,72,66,79,56,76,78,85,77,82,25,77,55,68,23,38,34,14,13,13,10,11
275328,C. Uzun,Can Yılmaz Uzun,"CAM, ST, CM",74,19,11-11-2005,19,Bundesliga,1824,Eintracht Frankfurt,Türkiye,1,53,77,61,73,79,64,76,75,52,80,73,75,73,67,66,25,75,69,70,19,21,20,5,7,15,10,9
72374,Y. Zouaoui,Yanis Zouaoui,"LB, LM",70,27,28-04-1998,16,Ligue 1,1738,Le Havre AC,France,1,73,51,61,68,65,59,70,67,60,68,70,54,68,73,62,66,58,61,68,65,68,67,6,10,12,8,11
212419,T. Mings,Tyrone Deon Mings,CB,78,32,13-03-1993,13,Premier League,2,Aston Villa,England,2,70,37,77,75,68,75,67,49,66,34,75,61,80,51,85,76,53,57,71,78,78,80,7,10,13,7,15
277811,M. de Amorim,Mathias de Amorim,"CM, CAM, CDM",69,20,10-12-2004,308,Primeira Liga,112809,Famalicão,Portugal,1,55,46,49,74,75,68,74,73,68,68,73,51,64,69,62,60,66,68,72,59,65,62,9,7,5,6,11
251469,Pedro Amaral,Pedro Miguel Gaspar Amaral,"LB, LM, CB",70,27,25-08-1997,308,Primeira Liga,10020,GD Estoril Praia,Portugal,1,65,51,59,62,67,53,70,71,74,64,69,73,62,73,63,67,64,51,65,70,70,65,7,10,6,8,8
257886,A. Pyrka,Arkadiusz Pyrka,RB,68,22,20-09-2002,19,Bundesliga,110329,FC St. Pauli,Poland,1,62,64,48,64,63,56,69,83,85,80,59,56,66,78,59,60,60,58,58,60,64,65,10,14,12,9,15
250724,N. Ngoumou,Nathan Ngoumou Minpole,"RM, RW, LM",72,25,14-03-2000,19,Bundesliga,23,Borussia Mönchengladbach,Cameroon,1,64,69,46,67,73,60,72,83,94,67,69,77,69,70,67,17,75,64,67,41,31,34,9,11,9,12,11
271495,M. Dorgeles,Maho Yepie Dorgeles Guy-Mario Bocha,"CM, CAM",69,20,07-08-2004,308,Primeira Liga,1896,Sporting Clube de Braga,Côte d'Ivoire,1,63,59,40,73,72,69,74,76,75,78,69,63,58,70,57,60,65,66,68,58,61,59,6,14,10,8,11
236947,J. Torunarigha,Jordan Torunarigha,CB,75,27,07-08-1997,19,Bundesliga,28,Hamburger SV,Nigeria,1,56,42,77,72,60,73,66,79,84,65,66,42,87,72,89,73,50,54,71,71,75,73,5,7,13,5,11
259522,B. Dárdai,Bence Dárdai,"CAM, CM",72,19,24-01-2006,19,Bundesliga,175,VfL Wolfsburg,Hungary,1,56,66,57,76,75,69,78,65,66,73,73,59,63,66,57,44,64,74,69,40,46,39,6,14,11,14,7
255434,J. Enciso,Julio César Enciso Espínola,"CAM, LM, RM, ST",73,21,23-01-2004,16,Ligue 1,76,RC Strasbourg Alsace,Paraguay,1,68,69,40,73,79,65,77,77,72,81,67,79,50,61,42,30,69,70,72,28,38,32,10,7,9,13,11
79390,M. Sauer,Mario Sauer,"CM, CAM",68,21,15-05-2004,16,Ligue 1,1809,Toulouse FC,Slovakia,1,54,64,53,70,70,74,72,74,70,67,58,78,64,73,57,51,59,69,64,38,58,48,8,14,9,14,10
70726,A. Hadj-Moussa,Anis Hadj Moussaأنيس حاج موسى,"RW, RM",76,23,11-02-2002,10,Eredivisie,246,Feyenoord,Algeria,1,69,73,47,69,87,60,82,83,77,92,68,66,62,69,50,21,69,64,64,29,29,36,7,5,15,12,6
237407,C. Durkin,Christopher James Durkin,"CM, CDM, RM",66,25,08-02-2000,39,Major League Soccer,113018,St. Louis CITY SC,United States,1,64,57,52,70,64,66,69,49,62,53,64,64,56,82,63,63,55,62,61,65,64,60,11,8,12,9,15
226220,M. Rodríguez,José Guillermo Rodríguez,"CM, LM, CDM, CAM",66,29,27-12-1995,39,Major League Soccer,696,Sporting Kansas City,United States,1,67,60,53,68,66,63,67,64,62,74,62,72,56,72,51,65,64,65,64,56,58,50,13,13,9,10,8
256725,Fábio Carvalho,Fábio Leandro Freitas Gouveia Carvalho,"CAM, CM, RM",74,22,30-08-2002,13,Premier League,1925,Brentford,Portugal,1,60,73,43,73,76,69,78,77,74,82,71,66,50,62,39,39,75,71,73,49,54,32,14,5,8,10,10
259543,K. Cabrera,Kenji Giovanni Cabrera Nakamura,"CAM, LM, CM",71,22,27-01-2003,39,Major League Soccer,101112,Vancouver Whitecaps FC,Peru,1,60,71,46,73,73,70,74,68,69,67,68,50,48,74,43,61,71,72,55,51,58,55,14,13,9,14,14
223710,V. Muriqi,Vedat Muriqi,ST,79,31,24-04-1994,53,La Liga,453,RCD Mallorca,Kosovo,2,35,82,88,77,75,64,81,34,63,36,82,82,82,71,91,18,80,66,75,23,25,22,8,9,14,9,10
271297,Adriano Firmino,Adriano Firmino dos Santos da Silva,"CDM, CM, CB",70,25,04-11-1999,308,Primeira Liga,1438,Santa Clara,Brazil,1,58,50,60,70,60,68,67,58,53,57,70,62,70,60,74,71,62,64,67,71,72,71,6,13,15,11,10
202716,Abdón Prats,Abdón Prats Bastidas,ST,73,32,07-12-1992,53,La Liga,453,RCD Mallorca,Spain,1,65,77,69,66,73,58,74,60,69,76,67,75,74,63,75,25,77,45,65,29,23,18,10,11,16,15,11
233216,P. Tietz,Phillip Tietz,ST,75,27,09-07-1997,19,Bundesliga,100409,FC Augsburg,Germany,1,37,76,78,68,66,50,74,64,54,63,77,79,86,77,84,25,81,63,72,26,36,23,10,7,5,11,7
262416,Chiquinho,Francisco Jorge Tavares Oliveira,"LM, LW, RW",72,25,05-02-2000,308,Primeira Liga,717,Alverca,Portugal,1,71,71,52,67,76,59,75,80,84,77,64,74,70,58,64,31,68,61,64,36,30,32,14,12,7,15,12
235026,O. Richards,Omar Tyrell Crawford Richards,"LB, LM",72,27,15-02-1998,308,Primeira Liga,744,Rio Ave FC,England,1,68,56,56,69,73,58,74,79,72,76,69,44,64,66,49,69,64,59,62,69,72,73,11,9,13,10,11
234333,M. Maolida,Myziane Maolida,"LM, ST, LW",74,26,14-02-1999,350,Pro League,131735,Al Kholood,Comoros,1,63,76,61,69,84,57,74,82,83,85,69,71,80,59,72,24,72,69,68,21,17,21,9,10,7,13,8
222104,T. Adarabioyo,Abdul-Nasir Oluwatosin Oluwadoyinsolami Adarabioyo,CB,78,27,24-09-1997,13,Premier League,5,Chelsea,England,1,43,40,76,77,62,73,75,63,76,42,76,60,84,68,84,77,35,60,77,78,80,77,14,11,11,8,9
73162,Cristo Muñoz,Cristobal Muñoz López,"CAM, CM",65,20,01-02-2005,31,Serie A,46,Lazio,Spain,1,59,58,54,66,67,65,65,69,67,75,63,64,57,51,50,59,66,65,74,56,59,56,10,14,5,12,7
242453,S. van den Berg,Sepp van den Berg,"CB, RB",77,23,20-12-2001,13,Premier League,1925,Brentford,Netherlands,1,61,29,83,72,64,67,69,66,77,64,76,51,87,69,79,76,52,62,74,78,80,72,11,14,5,9,14
259111,J. Fory,Jimer Esteban Fory Mejía,"LB, LM, LW",69,23,24-05-2002,39,Major League Soccer,111140,Portland Timbers,Colombia,1,71,58,57,68,65,62,69,76,74,72,69,49,77,81,75,63,58,55,60,68,63,58,12,11,11,7,5
268622,J. Belocian,Jeanuël Belocian,"CB, LB, LM",70,20,17-02-2005,19,Bundesliga,32,Bayer 04 Leverkusen,France,1,61,34,69,71,63,68,68,65,69,67,66,54,75,54,72,68,48,56,64,69,72,70,13,15,13,15,7
73350,Serginho,Sérgio Miguel Araújo Lobo,CM,68,25,01-12-1999,308,Primeira Liga,1438,Santa Clara,Portugal,1,55,54,59,74,65,70,73,67,64,60,67,62,66,66,62,60,67,66,63,60,63,60,6,14,11,10,13
263657,Þ. Helgason,Thórir Jóhann HelgasonÞórir Jóhann Helgason,"CM, CAM",69,24,28-09-2000,31,Serie A,347,Lecce,Iceland,1,60,63,42,72,69,69,70,68,66,62,69,75,54,71,58,62,68,68,63,47,62,55,11,14,9,13,12
251892,Beto,Norberto Bercique Gomes Betuncal,ST,76,27,31-01-1998,13,Premier League,7,Everton,Guinea-Bissau,1,40,78,77,68,73,58,70,73,75,52,73,84,92,70,91,18,76,59,72,17,20,21,15,11,9,6,13
230978,T. Awoniyi,Taiwo Michael Awoniyi,ST,75,27,12-08-1997,13,Premier League,14,Nottingham Forest,Nigeria,1,57,76,75,69,72,56,70,65,75,55,75,82,85,54,88,33,76,53,63,25,27,23,10,7,9,8,10
275028,Arthur,Arthur Augusto de Matos Soares,"RB, RM",71,22,01-03-2003,19,Bundesliga,32,Bayer 04 Leverkusen,Brazil,1,74,35,60,73,72,51,76,80,85,78,71,43,66,65,49,65,63,65,60,62,64,64,12,5,7,10,12
275048,C. Talbi,Chemsdine Talbi,"RM, LM, RW",73,20,09-05-2005,13,Premier League,106,Sunderland,Morocco,1,72,62,36,65,80,50,77,92,88,87,60,63,63,74,55,57,65,68,70,60,37,33,5,6,12,8,10
277864,D. Kwakman,Dave Kwakman,"LM, CM, CDM, LB",66,20,07-08-2004,10,Eredivisie,1906,AZ Alkmaar,Netherlands,1,58,52,54,70,67,66,69,76,62,74,67,64,68,70,61,60,62,62,67,65,62,59,14,13,12,12,13
264325,M. Satriano,Martín Adrián Satriano Costa,"ST, CAM",74,24,20-02-2001,16,Ligue 1,66,Olympique Lyonnais,Uruguay,1,56,76,73,71,75,51,76,64,62,58,74,74,78,65,73,22,77,65,69,27,36,31,11,8,13,13,7
266636,A. Obert,Adam Obert,"LB, CB",70,22,23-08-2002,31,Serie A,1842,Cagliari,Slovakia,1,69,46,67,68,63,63,67,68,64,68,68,60,72,63,68,72,54,52,61,69,71,69,6,7,13,10,14
269495,F. Buonanotte,Facundo Valentín Buonanotte,"RM, CAM, RW",75,20,23-12-2004,13,Premier League,5,Chelsea,Argentina,1,70,74,50,76,74,71,77,77,74,78,75,72,63,69,52,25,74,75,77,28,30,25,8,9,7,14,9
258526,S. Elisor,Simon Tom Elisor,ST,69,25,22-07-1999,308,Primeira Liga,112809,Famalicão,France,1,53,70,73,62,69,56,71,74,74,66,61,70,83,72,71,31,70,58,59,35,31,32,14,15,9,11,11
270579,W. Odobert,Wilson Serge Eric Odobert,"LW, RW, LM",75,20,28-11-2004,13,Premier League,18,Tottenham Hotspur,France,1,71,67,44,69,79,61,77,87,85,82,71,74,56,67,43,23,73,72,72,29,30,28,5,10,12,11,7
246011,Víctor García,Víctor García Raja,"RM, RW",69,28,01-01-1997,53,La Liga,1853,Levante UD,Spain,1,69,70,68,68,70,67,70,69,73,63,61,66,71,74,62,45,64,63,57,40,59,45,11,6,12,7,6
266433,A. Kade,Anton Kade,"RM, LM, RB, RW",70,21,17-01-2004,19,Bundesliga,100409,FC Augsburg,Germany,1,71,70,44,70,74,69,73,76,76,80,60,73,64,64,69,29,62,60,52,50,35,31,9,15,8,11,8
277503,C. Akpa,Clément Akpa,"CB, LB, LM",74,23,24-11-2001,16,Ligue 1,57,AJ Auxerre,Côte d'Ivoire,1,64,42,73,70,64,48,70,71,69,63,73,42,82,67,74,75,57,57,72,72,76,75,6,14,6,6,13
241941,S. Nsoki,Stanley Pierre Nsoki,"CB, LB, LM",72,26,09-04-1999,19,Bundesliga,1831,1. FC Union Berlin,France,1,59,34,74,67,68,65,67,70,84,64,63,47,83,75,78,70,55,63,66,69,74,72,8,12,13,9,10
227911,R. Leal,Randall Enrique Leal Arley,"RM, CM, CAM, RW",68,28,14-01-1997,39,Major League Soccer,688,DC United,Costa Rica,1,68,62,42,67,70,64,69,73,70,81,65,74,53,70,50,45,64,60,67,44,48,35,13,15,12,7,16
274270,Rui Modesto,Rui Manuel Muati Modesto,"RM, RB, RW",69,25,07-10-1999,31,Serie A,55,Udinese,Angola,1,69,58,43,66,68,60,68,84,85,77,60,54,61,68,55,60,68,61,60,58,66,63,10,7,6,10,7
258911,T. Arokodare,Toluwalase Emmanuel Arokodare,ST,79,24,23-11-2000,13,Premier League,110,Wolverhampton Wanderers,Nigeria,1,35,85,78,75,75,52,79,71,79,41,72,79,91,71,91,18,76,52,65,22,35,21,9,8,12,14,9
274536,M. Bombito,Moïse Bombito Lumpungu,CB,76,25,30-03-2000,16,Ligue 1,72,OGC Nice,Canada,1,51,55,77,70,65,59,69,92,93,54,69,50,88,64,81,70,59,55,74,74,79,74,7,5,5,9,10
265577,F. Asllani,Fisnik Asllani,ST,73,22,08-08-2002,19,Bundesliga,10029,TSG 1899 Hoffenheim,Kosovo,1,43,76,71,69,71,48,74,66,65,75,73,77,80,79,76,27,74,65,72,21,24,20,9,7,9,13,14
269184,J. Mwanga,Junior Mwanga,"CDM, CM",72,22,11-05-2003,16,Ligue 1,71,FC Nantes,France,1,38,51,69,73,67,68,72,64,63,61,70,50,74,76,71,71,56,72,73,69,73,69,14,6,6,9,12
264846,Mosquera,Cristhian Andrey Mosquera Ibarguen,CB,77,21,27-06-2004,13,Premier League,1,Arsenal,Spain,1,44,39,77,73,40,70,67,73,74,68,75,65,85,79,74,77,28,58,69,77,80,76,8,6,13,8,7
251380,L. Brassier,Lilian Brassier,CB,76,25,02-11-1999,16,Ligue 1,74,Stade Rennais FC,France,1,61,32,76,73,68,63,74,64,69,60,72,56,83,71,78,73,53,57,71,74,79,77,8,6,7,9,6
253440,A. Yahya,Ayman Yahya Salemأيمن يحيى سالم,"RM, LB, RW",68,24,14-05-2001,350,Pro League,112139,Al Nassr,Saudi Arabia,1,58,65,54,63,68,54,64,83,84,73,66,65,72,70,62,53,66,63,56,48,49,41,14,12,5,11,14
271118,N. Naujoks,Noah Naujoks,"CM, CDM, CAM, ST",65,23,02-05-2002,10,Eredivisie,1971,Excelsior,Netherlands,1,52,60,55,64,61,62,68,68,73,59,67,59,67,90,67,60,67,64,61,57,56,60,11,9,15,10,12
241171,A. Obispo,Armando Maria Obispo,CB,73,26,05-03-1999,10,Eredivisie,247,PSV,Netherlands,1,41,35,74,75,62,73,70,69,70,69,70,64,83,69,80,72,29,47,66,72,70,75,12,14,11,8,8
278292,J. McConnell,James McConnell,"CDM, CM",68,20,13-09-2004,10,Eredivisie,245,Ajax,England,1,60,54,53,75,64,74,72,63,65,67,65,63,62,65,62,62,60,66,66,59,64,59,10,14,8,10,6
224067,J. Tverskov,Jeppe Theis Tverskov,"CM, CDM",73,32,12-03-1993,39,Major League Soccer,131439,San Diego FC,Denmark,1,43,56,70,78,68,75,75,52,47,52,73,50,73,86,79,75,68,68,67,68,72,69,15,7,10,10,13
227916,D. Flores,Deybi Aldair Flores Flores,"CDM, CM, CB",67,29,16-06-1996,350,Pro League,115892,Al-Najma SC,Honduras,1,55,37,50,63,60,62,60,77,77,56,62,60,73,72,74,65,49,58,60,66,70,66,13,7,8,15,10
74071,R. Floriani Mussolini,Romano Floriani Mussolini,"RM, RB",68,22,27-01-2003,31,Serie A,111434,Cremonese,Italy,1,70,51,55,68,69,60,68,68,78,56,66,63,71,78,74,62,68,58,54,61,63,64,12,6,6,11,5
241783,K. Parks,Keaton Alexander Parks,"CDM, CM",72,27,06-08-1997,39,Major League Soccer,112828,New York City FC,United States,1,60,63,67,76,69,71,73,35,33,58,69,68,66,72,77,66,69,67,74,67,70,67,7,8,11,7,12
271246,M. Damar,Muhammed Mehmet Damar,"CAM, LM, RM, CM",71,21,09-04-2004,19,Bundesliga,10029,TSG 1899 Hoffenheim,Germany,1,63,68,49,73,73,67,73,67,68,77,71,67,61,67,63,31,69,72,69,40,36,37,9,5,15,6,6
240271,D. Limnios,Dimitris LimniosΔημήτριος Λημνιός,"LM, RM, LW",69,27,27-05-1998,10,Eredivisie,634,Fortuna Sittard,Greece,1,65,65,56,67,70,55,71,78,71,77,66,69,68,68,55,26,69,67,63,43,39,35,15,8,7,12,5
273582,J. Lukiċ,Jovan LukićЈован Лукић,"CM, CAM",66,23,20-01-2002,39,Major League Soccer,112134,Philadelphia Union,Serbia,1,56,63,58,72,69,68,69,76,76,72,59,65,71,60,61,64,65,64,54,52,62,58,11,6,7,12,9
221284,J. Gradit,Jonathan Gradit,CB,77,32,24-11-1992,16,Ligue 1,64,RC Lens,France,1,63,19,74,74,68,59,71,66,66,64,77,48,81,77,79,77,54,60,75,77,79,78,8,13,11,12,10
225410,A. Masina,Adam Masinaأدم ماسينا,CB,74,31,02-01-1994,31,Serie A,54,Torino,Morocco,1,72,30,75,69,68,70,72,55,68,63,71,63,73,53,68,78,58,60,72,79,74,75,14,14,13,7,6
241809,T. Al Ammar,Turki Marwan Saad Al Ammarتركي مروان سعد العمار,"LB, LM, RM",67,25,24-09-1999,350,Pro League,112391,Al Qadsiah FC,Saudi Arabia,1,67,59,41,66,68,58,66,73,73,80,67,60,60,67,65,66,62,63,65,62,68,57,11,14,9,10,5
256669,F. Moumbagna,Faris Pemi Moumbagna,ST,73,25,01-07-2000,31,Serie A,111434,Cremonese,Cameroon,1,52,74,73,66,65,46,70,82,87,68,65,77,85,65,88,25,73,56,69,23,25,21,8,12,10,8,6
271006,Y. Paz,Yeferson Paz Blandón,"RB, RM",68,23,13-06-2002,31,Serie A,111974,Sassuolo,Colombia,1,72,47,59,68,68,62,69,73,71,67,62,71,67,67,57,63,63,50,58,61,66,64,14,7,8,5,15
260340,Svensson,Max Svensson Río,"ST, LM, LW",66,23,08-11-2001,308,Primeira Liga,114510,Casa Pia,Spain,1,55,64,61,63,65,52,65,79,76,76,62,74,76,76,68,40,65,57,60,43,36,30,6,11,9,11,11
213815,M. Uhre,Mikael Uhre,ST,72,30,30-09-1994,39,Major League Soccer,112134,Philadelphia Union,Denmark,1,47,69,65,56,68,39,69,85,83,75,77,75,87,77,81,25,75,61,68,40,35,30,11,15,9,9,14
275771,Igor Thiago,Igor Thiago Nascimento Rodrigues,ST,75,24,26-06-2001,13,Premier League,1925,Brentford,Brazil,1,29,78,80,67,68,48,74,65,67,58,72,85,88,56,87,23,76,65,73,36,38,23,14,6,14,15,11
247360,L. Stergiou,Leonidas StergiouΛεωνίδας Στεργίου,"CB, RB, RM",71,23,03-03-2002,19,Bundesliga,36,VfB Stuttgart,Switzerland,1,58,39,64,68,64,65,68,77,78,77,72,54,82,76,77,72,53,55,64,70,72,68,7,8,11,6,9
76945,Maroan,Maroan Sannadi Harrouch,ST,73,24,01-02-2001,53,La Liga,448,Athletic Club,Morocco,1,51,72,75,68,69,45,72,68,70,62,68,80,88,69,91,41,71,62,64,29,22,21,10,9,12,5,10
256453,A. Sarr,Amin Sarr,ST,71,24,11-03-2001,31,Serie A,206,Hellas Verona FC,Sweden,1,55,68,64,65,75,52,72,86,84,78,65,74,82,67,71,22,68,63,65,30,32,28,8,9,7,5,15
243169,Y. Begraoui,Yanis Begraouiيانيس بݣراوي,"ST, CAM, RM",72,23,04-07-2001,308,Primeira Liga,10020,GD Estoril Praia,Morocco,1,59,75,63,70,76,57,75,75,75,71,71,70,75,79,70,25,75,68,68,35,21,34,9,9,14,12,5
240439,R. Porteous,Ryan Porteous,CB,71,26,25-03-1999,39,Major League Soccer,112996,Los Angeles FC,Scotland,1,57,34,70,67,60,70,62,59,69,47,62,68,77,74,81,68,54,64,61,67,70,69,7,7,10,13,12
212321,J. Meffert,Jonas Meffert,"CDM, CM",72,30,04-09-1994,19,Bundesliga,28,Hamburger SV,Germany,1,52,42,64,73,64,70,70,53,49,63,65,57,70,77,75,69,43,66,65,72,72,69,8,13,12,15,8
275360,Vinícius Lopes,Vinícius Lopes da Silva,"RW, LW, RM",73,26,07-05-1999,308,Primeira Liga,1438,Santa Clara,Brazil,1,70,75,62,71,75,65,73,77,76,70,70,69,75,65,65,28,73,70,67,23,22,20,8,13,8,5,13
253122,A. Dante,Amadou Dante,"LB, LM",68,24,07-10-2000,308,Primeira Liga,112513,FC Arouca,Mali,1,55,50,60,60,66,59,65,82,81,84,64,55,76,80,62,63,55,60,62,63,65,63,10,12,8,7,10
262149,A. Ba,Abdoullah Ba,"RM, LM, RW",66,21,31-07-2003,13,Premier League,106,Sunderland,France,1,59,58,50,63,68,63,67,78,69,72,64,62,68,73,61,56,61,63,62,57,57,53,5,14,8,7,7
184111,C. Benteke,Christian Benteke Liolo,ST,75,34,03-12-1990,39,Major League Soccer,688,DC United,Belgium,1,58,78,86,66,65,51,72,49,53,59,74,80,87,56,90,29,81,69,72,28,25,18,14,5,12,8,5
262222,T. de Jonge,Tika de Jonge,"CM, CDM, CB",66,22,11-03-2003,10,Eredivisie,1915,FC Groningen,Netherlands,1,68,55,56,70,66,67,67,66,43,72,67,63,63,76,58,65,56,63,59,63,61,54,10,13,11,6,8
253296,M. Laborda,Mathías Nicolás Laborda Malseñido,"CB, RB, RM",70,25,15-09-1999,39,Major League Soccer,101112,Vancouver Whitecaps FC,Uruguay,1,66,50,75,65,61,59,61,71,81,66,68,51,91,69,74,68,49,40,52,69,69,66,6,12,6,13,6
274555,Mario Martín,Mario Martín Rielves,"CM, CDM",68,21,05-03-2004,53,La Liga,1860,Getafe CF,Spain,1,58,53,54,72,70,70,70,62,67,70,68,53,53,67,48,68,63,70,68,57,69,57,11,11,13,9,10
242578,B. Badiashile,Benoît Badiashile Mukinayi,CB,76,24,26-03-2001,13,Premier League,5,Chelsea,France,2,45,40,75,73,60,72,68,51,68,50,75,65,71,65,83,76,40,65,73,76,77,76,8,7,5,15,8
246431,R. Sottil,Riccardo Sottil,"LM, LW",75,26,03-06-1999,31,Serie A,347,Lecce,Italy,1,69,66,42,74,79,62,79,90,87,75,72,68,58,53,45,30,75,72,68,32,35,39,12,13,6,5,14
70335,L. Sanabria,Lucas Agustín Sanabria Magolé,"CDM, CM",69,21,26-12-2003,39,Major League Soccer,697,LA Galaxy,Uruguay,1,55,55,48,69,64,66,70,62,63,62,73,58,59,66,64,68,65,66,68,69,68,67,5,8,9,11,11
251352,J. Shaffelburg,Jacob Everett Shaffelburg,"LM, RM, LB, LW",67,25,26-11-1999,39,Major League Soccer,114162,Nashville SC,Canada,1,68,62,46,61,65,54,62,91,91,80,54,75,70,69,60,47,64,58,55,54,56,45,11,9,7,9,11
242660,J. Beyer,Louis Jordan Beyer,CB,74,25,19-05-2000,13,Premier League,1796,Burnley,Germany,1,61,29,73,73,68,69,71,69,75,68,73,46,82,67,77,74,48,55,74,74,75,74,7,7,13,11,11
73453,Gustavo Garcia,Gustavo Garcia dos Santos,"RB, RM",72,23,04-01-2002,308,Primeira Liga,112809,Famalicão,Brazil,1,71,37,53,66,73,63,74,77,80,81,70,47,61,82,48,74,59,55,58,61,68,66,7,12,12,7,9
210413,A. Romagnoli,Alessio Romagnoli,CB,82,30,12-01-1995,31,Serie A,46,Lazio,Italy,3,36,30,81,73,68,70,73,65,64,52,82,63,84,77,80,84,31,45,77,84,85,83,9,14,12,8,9
222461,Rochinha,Diogo Filipe Costa Rocha,"LM, LW",71,30,03-05-1995,308,Primeira Liga,112809,Famalicão,Portugal,1,64,65,35,67,73,63,75,77,76,78,70,64,47,71,42,30,68,70,71,59,34,30,9,11,15,14,15
273933,K. Ouattara,Kassoum Ouattara,"LB, LM",72,20,14-10-2004,16,Ligue 1,69,AS Monaco,France,1,71,41,59,71,68,62,70,76,78,68,68,55,72,75,65,65,58,59,69,63,70,69,9,10,5,8,11
212267,Ivan Cavaleiro,Ivan Ricardo Neves Abreu Cavaleiro,"LM, CAM, LW",67,31,18-10-1993,308,Primeira Liga,112516,CD Tondela,Portugal,1,66,62,57,65,70,60,70,72,74,71,64,70,71,54,70,32,64,64,62,24,36,33,13,15,12,9,13
262794,O. Sonne,Oliver Sonne Christensen,"RB, LB, CM, RM",70,24,10-11-2000,13,Premier League,1796,Burnley,Peru,1,66,44,52,67,67,64,68,77,77,66,67,64,68,79,62,64,63,57,59,59,67,68,11,14,14,8,11
240289,Calero,Fernando Calero Villa,"CB, CDM",73,29,14-09-1995,53,La Liga,452,RCD Espanyol,Spain,1,59,37,73,71,62,71,69,59,60,67,73,58,76,50,73,73,50,64,64,73,73,73,11,13,7,14,7
238775,S. Kowalczyk,Sebastian Kowalczyk,"RM, CAM, ST, RW",68,26,22-08-1998,39,Major League Soccer,698,Houston Dynamo,Poland,1,58,61,42,64,65,60,68,84,79,92,66,64,48,78,32,31,64,64,65,51,43,44,9,14,13,8,7
233400,J. Glesnes,Jakob Glesnes,CB,73,31,25-03-1994,39,Major League Soccer,112134,Philadelphia Union,Norway,1,44,36,70,64,60,67,66,54,51,41,72,88,84,91,83,74,42,49,75,71,77,71,5,12,6,6,12
239042,H. Al Qahtani,Hussain Massoud Al Monassar Al Qahtaniحسين مسعود آل منصر القحطاني,"CM, CDM, CAM",66,30,20-12-1994,350,Pro League,112391,Al Qadsiah FC,Saudi Arabia,1,55,59,53,71,63,72,65,60,50,67,62,61,61,73,63,60,61,67,70,57,62,57,13,10,13,14,12
79049,Álvaro Martínez,Álvaro Martínez Navarro,"LB, LM",66,23,04-05-2002,308,Primeira Liga,1900,Moreirense FC,Spain,1,68,56,59,63,63,60,64,72,74,66,64,55,71,74,67,60,64,63,65,59,60,62,12,10,6,13,9
253385,F. Viñas,Federico Sebastián Viñas Barboza,ST,72,27,30-06-1998,53,La Liga,110827,Real Oviedo,Uruguay,1,41,71,71,65,68,56,72,71,74,67,72,77,85,71,81,20,73,58,72,14,22,26,6,8,6,12,14
75055,Jesús Rodríguez,Jesús Rodriguez Caraballo,"LM, RM, LW",74,19,21-11-2005,31,Serie A,1745,Como,Spain,1,70,68,55,70,79,65,76,83,78,83,70,72,70,56,56,33,70,74,70,25,30,30,8,11,14,8,7
257946,A. Seidu,Alidu Seidu,"CB, RB, RM",74,25,04-06-2000,16,Ligue 1,74,Stade Rennais FC,Ghana,1,66,35,71,68,69,61,72,64,58,63,75,62,75,51,70,76,52,52,73,77,75,74,11,9,11,14,7
235425,D. Jones,Derrick Jones Amaniampong,"CDM, CM, CB",65,28,03-03-1997,39,Major League Soccer,687,Columbus Crew,United States,1,47,46,61,66,61,62,62,68,68,61,63,69,80,75,87,63,58,59,59,61,60,57,7,5,15,8,14
257204,S. Diomandé,Sinaly Diomandé,CB,73,24,09-04-2001,16,Ligue 1,57,AJ Auxerre,Côte d'Ivoire,1,49,39,75,71,52,61,64,52,71,57,70,77,77,68,78,70,39,59,73,71,75,72,13,7,12,10,8
235454,M. Sarr,Malang Mamadou William Sarr,CB,73,26,23-01-1999,16,Ligue 1,64,RC Lens,France,1,62,40,72,70,62,65,65,53,51,63,72,62,76,55,77,73,51,63,68,72,75,74,6,9,14,12,8
237000,R. Cannon,Reginald Jacob Cannon,"RB, CB, RM",71,27,11-06-1998,39,Major League Soccer,694,Colorado Rapids,United States,1,55,30,60,63,64,61,68,85,87,77,65,48,86,84,82,69,59,54,57,66,67,69,6,14,10,6,11
244680,M. Choinière,Mathieu Choinière,"CM, LM, LW",67,26,07-02-1999,39,Major League Soccer,112996,Los Angeles FC,Canada,1,64,58,32,68,66,67,66,68,54,60,66,60,53,74,62,62,67,68,72,64,69,60,14,11,7,13,14
246860,O. Holm,Odin Thiago Holm,"CM, CDM",64,22,18-01-2003,39,Major League Soccer,112996,Los Angeles FC,Norway,1,53,55,47,70,59,65,62,78,75,80,62,58,62,63,56,57,62,68,64,48,61,59,14,11,10,15,9
277887,M. Finkgräfe,Max Finkgräfe,"LB, LM",69,21,27-03-2004,19,Bundesliga,112172,RB Leipzig,Germany,1,67,36,50,67,75,49,70,75,75,75,67,53,68,59,67,67,57,52,66,62,68,67,14,11,10,6,6
211591,M. Dembélé,Moussa Dembélé,ST,70,28,12-07-1996,350,Pro League,112096,Al Ettifaq,France,1,50,68,76,67,65,50,70,64,69,60,68,73,86,67,82,22,72,66,71,39,14,16,7,13,11,10,8
200122,M. Peersman,Marvin Peersman,"CB, LB, LM",68,34,10-02-1991,10,Eredivisie,1915,FC Groningen,Belgium,1,64,39,59,61,64,60,61,67,74,65,60,63,76,70,81,69,45,46,56,67,69,68,14,11,11,6,15
271373,Fran Pérez,Francisco Pérez Martínez,"RM, LM, RW",72,22,09-09-2002,53,La Liga,480,Rayo Vallecano,Spain,1,69,66,30,72,76,68,73,71,72,76,70,67,52,66,55,42,70,67,59,47,35,31,9,13,8,9,15
239397,B. Manu,Braydon Marvin Manu,"RM, ST, RW",67,28,28-03-1997,10,Eredivisie,1914,PEC Zwolle,Ghana,1,62,64,53,64,62,61,64,88,78,86,63,65,75,68,69,37,64,60,66,37,42,33,8,10,14,8,10
247955,I. Stoica,Ianis Ilie Stoica,"LM, ST, LW",70,22,08-12-2002,308,Primeira Liga,718,Estrela da Amadora,Romania,1,59,68,56,64,68,57,69,87,90,80,68,69,75,76,62,25,68,60,66,28,25,25,7,10,6,12,9
227558,J. Siebatcheu,Theoson-Jordan Siebatcheu,ST,73,29,26-04-1996,308,Primeira Liga,112516,CD Tondela,United States,1,52,76,76,70,70,51,74,54,50,65,74,74,84,74,87,36,78,64,73,27,44,24,14,10,12,14,6
212485,D. Bakker,Danny Bakker,"CB, CDM",67,30,16-01-1995,10,Eredivisie,100638,Telstar,Netherlands,1,51,43,65,61,58,59,63,63,65,69,62,68,73,74,72,69,53,59,64,67,66,68,8,6,10,7,14
267862,N. Veratschnig,Nikolas Konrad Veratschnig,"RB, RM",69,22,24-01-2003,19,Bundesliga,169,1. FSV Mainz 05,Austria,1,60,48,69,64,64,59,67,77,87,72,65,61,77,66,66,63,58,62,53,63,67,64,14,7,8,14,5
246875,O. Kossounou,Odilon Kossounou Kouakou,CB,80,24,04-01-2001,31,Serie A,39,Atalanta,Côte d'Ivoire,3,58,26,79,76,66,74,69,74,84,62,76,52,80,76,79,81,44,57,73,80,83,80,5,8,6,10,6
264880,L. Tchaouna,Loum Tchaouna,"RM, ST, RW",69,21,08-09-2003,13,Premier League,1796,Burnley,France,1,65,72,50,66,71,58,73,71,78,66,65,72,62,54,56,32,67,60,63,37,36,33,14,12,15,8,14
201136,M. Colin,Maxime Jean-Yves Colin,RB,69,33,15-11-1991,16,Ligue 1,68,FC Metz,France,1,62,33,68,64,64,61,67,66,69,69,67,62,72,72,68,65,59,56,65,68,66,67,15,10,9,11,11
247257,Ibañez,Roger Ibañez da Silva,CB,82,26,23-11-1998,350,Pro League,112387,Al Ahli SFC,Brazil,3,34,27,81,66,45,45,76,87,87,69,79,45,95,85,84,85,32,34,74,80,83,86,12,7,10,6,12
261084,B. Dieng,Cheikh Ahmadou Bamba Mbacké Dieng,ST,71,25,23-03-2000,16,Ligue 1,217,FC Lorient,Senegal,1,62,69,69,63,68,47,68,79,78,67,69,83,77,60,65,32,70,64,69,24,31,27,10,14,11,8,15
211999,R. Khedira,Rani Khedira,"CDM, CM",75,31,27-01-1994,19,Bundesliga,1831,1. FC Union Berlin,Germany,1,42,34,75,68,58,63,68,53,60,54,75,58,79,80,83,78,43,59,69,83,78,74,9,13,11,12,8
239138,Jeong Woo Yeong,Woo-yeong Jeong정우영,"CAM, ST, CM",73,25,20-09-1999,19,Bundesliga,1831,1. FC Union Berlin,Korea Republic,1,70,66,61,74,79,61,78,78,74,86,69,59,69,75,54,30,72,72,65,34,32,36,12,6,9,7,7
240453,S. Niakaté,Sikou Niakaté,CB,76,25,10-07-1999,308,Primeira Liga,1896,Sporting Clube de Braga,Mali,1,43,30,78,69,62,56,67,70,74,64,73,63,86,79,80,78,51,41,65,77,76,75,8,10,8,13,10
243787,Y. Ramadani,Ylber Latif Ramadani,"CDM, CM",70,29,12-04-1996,31,Serie A,347,Lecce,Albania,1,49,51,58,70,65,64,65,62,47,57,65,71,66,85,66,70,58,59,64,68,70,65,8,15,12,15,11
245863,V. Gendrey,Valentin André Stanislas Gendrey,"RB, RM",74,25,21-06-2000,19,Bundesliga,10029,TSG 1899 Hoffenheim,France,1,71,40,60,68,63,57,71,82,70,73,71,38,78,78,70,72,48,45,63,71,77,69,12,10,6,10,14
75628,Fer López,Fernando López González,"RW, RM",73,21,24-05-2004,13,Premier League,110,Wolverhampton Wanderers,Spain,1,73,69,52,75,75,69,76,61,70,73,74,69,59,50,56,25,74,74,75,38,43,44,8,7,6,5,10
275054,E. Ocampo,Édier Ocampo Vidal,"RB, RM",68,21,03-10-2003,39,Major League Soccer,101112,Vancouver Whitecaps FC,Colombia,1,65,55,55,62,70,50,67,84,84,87,66,69,68,77,54,60,62,50,63,60,62,58,9,8,9,15,15
269952,Y. Borges Sanches,Yvandro Borges Sanches,"LW, LM",63,21,24-05-2004,10,Eredivisie,100634,Heracles Almelo,Luxembourg,1,64,57,54,67,67,66,54,76,78,75,53,56,62,64,50,52,58,56,57,54,52,52,10,10,5,13,10
218534,S. Adamyan,Sargis AdamyanՍարգիս Ադամյան,"ST, CAM, LM, CM",67,32,23-05-1993,19,Bundesliga,31,1. FC Köln,Armenia,1,58,67,63,69,72,58,68,74,67,79,65,70,74,65,68,22,64,64,62,45,25,26,14,15,10,15,10
252327,Manu Sánchez,Manuel Sánchez de la Peña,"LB, LM",75,24,24-08-2000,53,La Liga,1853,Levante UD,Spain,1,69,42,66,74,70,54,73,71,69,68,70,50,66,74,50,75,62,57,62,69,78,75,6,6,10,12,6
269745,O. El Azzouzi,Oussama El Azzouziأسامة العزوزي,"CDM, CM",68,24,29-05-2001,16,Ligue 1,57,AJ Auxerre,Morocco,1,55,58,67,74,66,70,69,55,55,61,65,70,67,56,64,68,63,64,58,61,66,62,6,7,8,9,8
264160,Pablo Ibáñez,Pablo Ibáñez Lumbreras,"CM, CDM",72,26,20-09-1998,53,La Liga,463,Deportivo Alavés,Spain,1,54,63,53,77,69,69,75,51,51,59,70,53,52,73,50,70,70,72,59,64,69,65,12,13,9,10,11
253713,L. Rivas,Leonardo Daniel Rivas Conge,"LB, LM",65,23,06-12-2001,308,Primeira Liga,131463,AVS Futebol SAD,Paraguay,1,60,45,55,59,60,60,65,75,77,65,56,64,66,74,55,60,60,50,59,59,60,61,10,15,7,14,15
73502,R. Alhassane,Abdel Rahim Alhassane Bonkano,"LB, LM",69,23,01-01-2002,53,La Liga,110827,Real Oviedo,Niger,1,61,35,62,62,61,55,64,82,84,68,64,60,78,80,69,64,58,53,54,65,63,63,6,11,12,13,9
266390,S. Zawadzki,Sean Zawadzki,"CB, CM, CDM",68,25,21-04-2000,39,Major League Soccer,687,Columbus Crew,United States,1,50,44,67,72,66,69,69,70,75,57,67,60,73,73,70,68,54,63,67,68,67,67,6,10,9,15,5
274078,Vasco Sousa,Vasco José Cardoso Sousa,"CAM, CM, CDM",69,22,03-04-2003,308,Primeira Liga,1900,Moreirense FC,Portugal,1,64,52,35,72,70,70,73,73,68,75,76,68,41,68,32,48,64,69,73,50,53,49,12,14,13,12,7
262334,D. Proper,Dirk Wanner Proper,"CDM, CM",71,23,24-02-2002,10,Eredivisie,1910,NEC Nijmegen,Netherlands,1,59,56,52,73,75,72,72,75,41,75,71,64,59,81,49,71,57,65,72,67,67,66,13,7,8,7,10
233732,D. Okereke,David Chidozie Okereke,"ST, LM, LW",74,27,29-08-1997,31,Serie A,111434,Cremonese,Nigeria,1,43,76,71,68,76,45,74,79,86,84,70,74,81,70,67,17,76,64,68,31,17,15,11,14,9,8,8
246047,A. Perea,Andrés Felipe Perea Castañeda,"CDM, CM",65,24,14-11-2000,39,Major League Soccer,112828,New York City FC,United States,1,52,52,68,67,63,69,62,76,69,73,63,51,77,72,66,59,55,53,62,62,65,66,10,12,14,11,14
265774,K. De Winter,Koni De Winter,CB,74,23,12-06-2002,31,Serie A,47,AC Milan,Belgium,1,59,30,76,68,66,65,67,65,69,62,71,52,79,76,70,71,48,42,64,74,79,76,12,8,11,10,8
258104,G. Infantino,Gino Infantino,"RM, CM, RW",66,22,19-05-2003,31,Serie A,110374,Fiorentina,Argentina,1,61,67,48,65,73,63,70,73,69,72,57,65,60,58,57,51,61,57,64,54,63,54,8,11,13,5,7
256325,J. Šutalo,Josip Šutalo,CB,78,25,28-02-2000,10,Eredivisie,245,Ajax,Croatia,1,45,27,74,74,73,75,77,75,79,62,77,43,88,71,87,83,37,64,79,78,78,76,8,15,7,11,14
245336,M. Kilman,Maximilian William Kilman,CB,77,28,23-05-1997,13,Premier League,19,West Ham United,England,1,54,36,68,75,65,76,70,53,65,50,78,51,75,72,85,77,46,65,72,78,79,78,11,11,5,9,12
257396,B. Domingues,Brandon Dominguès,"LM, RM, CAM, LW",70,25,06-06-2000,53,La Liga,110827,Real Oviedo,France,1,66,69,49,67,73,62,71,78,74,77,62,67,60,64,50,34,67,68,64,30,42,38,11,7,6,13,13
236988,E. Nketiah,Edward Keddar Nketiah,ST,74,26,30-05-1999,13,Premier League,1799,Crystal Palace,England,1,43,75,70,73,77,49,74,83,79,79,74,75,79,66,63,20,76,60,70,24,19,15,12,10,11,9,5
212424,W. Trapp,William Alexander Trapp,"CDM, CM, CB",68,32,15-01-1993,39,Major League Soccer,111138,Minnesota United FC,United States,1,53,40,54,70,67,70,68,51,46,66,71,70,59,72,64,65,51,62,71,63,67,62,8,11,9,6,10
276694,J. Manzambi,Johan Manzambi,"CAM, CM, CDM, ST",67,19,14-10-2005,19,Bundesliga,25,SC Freiburg,Switzerland,1,52,65,58,66,72,60,70,80,70,80,65,66,73,60,64,55,66,63,63,57,56,52,8,10,8,13,9
268763,E. Nuamah,Ernest Nuamah Appiah,"RM, RW",75,21,01-11-2003,16,Ligue 1,66,Olympique Lyonnais,Ghana,1,71,71,37,72,80,61,78,85,79,78,72,77,64,62,62,17,71,68,72,29,21,23,11,8,11,9,13
268312,S. Kumbedi,Saël Kumbedi Nseke,"RB, RM",72,20,26-03-2005,19,Bundesliga,175,VfL Wolfsburg,France,1,68,39,54,70,71,57,71,79,81,81,69,50,63,70,50,68,59,59,68,66,69,70,9,6,5,6,11
242000,K. Mavropanos,Konstantinos MavropanosΚωνσταντίνος Μαυροπάνος,CB,76,27,11-12-1997,13,Premier League,19,West Ham United,Greece,2,45,50,76,62,60,74,60,64,76,52,75,77,79,65,88,78,40,44,63,76,77,77,12,11,11,10,7
260178,Juan Iglesias,Juan Antonio Iglesias Sánchez,"RB, LB, RM",74,26,03-07-1998,53,La Liga,1860,Getafe CF,Spain,1,67,36,70,68,67,51,66,76,82,66,70,45,77,75,67,71,58,56,62,68,74,72,10,12,11,12,8
265578,I. Akhomach,Ilias Akhomach Chakkourإلياس أخوماش,"RM, RW, LW",74,21,16-04-2004,53,La Liga,483,Villarreal CF,Morocco,1,71,74,38,72,77,57,77,78,78,80,70,72,57,68,54,23,71,67,62,25,30,35,6,12,9,6,12
259978,Jesús Bueno,Jesús Daniel Bueno Áñez,"CM, CDM",65,26,15-04-1999,39,Major League Soccer,112134,Philadelphia Union,Venezuela,1,48,53,50,69,64,66,68,55,60,64,60,60,63,57,71,64,61,66,50,68,68,62,7,9,10,14,11
75211,Mateo Flores,Mateo Flores Lozano,"CDM, CM",66,21,07-04-2004,308,Primeira Liga,112513,FC Arouca,Spain,1,52,54,55,67,66,66,65,62,67,68,64,64,64,65,63,64,59,65,65,64,65,62,7,12,9,10,10
264159,Iker Benito,Iker Benito Sánchez,"LM, RM, LB, LW",69,22,10-08-2002,53,La Liga,479,CA Osasuna,Spain,1,68,62,45,66,68,62,68,82,78,73,65,63,66,64,60,53,65,65,69,50,50,48,10,8,9,10,6
237884,L. Ritzka,Lars Ritzka,"LB, LM, CB",69,27,07-05-1998,19,Bundesliga,110329,FC St. Pauli,Germany,1,64,38,52,68,62,62,68,73,76,66,62,65,68,77,68,66,54,58,63,67,63,66,13,12,13,11,9
71998,T. George,Tyrique George,"LM, RM, ST, LW",71,19,04-02-2006,13,Premier League,5,Chelsea,England,1,66,66,52,68,72,63,70,80,78,85,68,70,63,67,50,35,68,69,68,35,35,25,5,7,10,12,8
256331,M. Al Harbi,Moteb Saad Al Harbiمتعب سعد الحربي,"LB, LM",67,25,20-02-2000,350,Pro League,605,Al Hilal,Saudi Arabia,1,63,58,41,67,67,56,64,92,93,87,58,58,64,82,56,61,68,64,54,54,58,62,6,9,9,15,14
254578,D. Ayala,Maximiliano David Ayala,"CDM, CM",69,22,26-07-2002,39,Major League Soccer,111140,Portland Timbers,Argentina,1,44,50,51,74,64,71,70,75,66,78,64,63,64,73,57,70,49,63,70,63,67,64,7,8,11,12,8
203725,V. Misidjan,Virgil Roy Misidjan,"LM, CAM, ST, LW",70,31,24-07-1993,10,Eredivisie,1910,NEC Nijmegen,Suriname,1,59,67,44,67,70,56,72,82,80,85,63,57,63,64,59,38,72,67,67,36,28,26,12,7,8,10,7
275162,T. Barbieri,Tommaso Barbieri,"RB, RM",69,22,26-08-2002,31,Serie A,111434,Cremonese,Italy,1,64,40,58,61,64,58,61,80,81,67,68,54,71,75,59,65,54,58,56,65,67,65,6,12,7,12,7
242506,A. Majrashi,Ali Majrashiعلي مجرشي,"RB, RM",70,25,01-10-1999,350,Pro League,112387,Al Ahli SFC,Saudi Arabia,1,61,36,51,60,60,54,63,85,86,82,69,57,76,82,73,68,62,38,50,63,63,64,10,13,11,15,11
75605,Asencio,Raúl Asencio del Rosario,"CB, RB, RM",77,22,13-02-2003,53,La Liga,243,Real Madrid,Spain,1,28,35,78,79,71,79,74,73,74,60,75,54,85,71,74,76,23,33,60,78,78,77,7,15,8,6,13
263522,J. Sarmiento,Jeremy Leonel Sarmiento Morante,"LM, CAM, LW",70,23,16-06-2002,31,Serie A,111434,Cremonese,Ecuador,1,64,64,46,68,75,59,73,80,77,75,60,70,66,58,62,28,67,67,70,37,42,35,12,9,13,14,12
226221,Aritz Elustondo,Aritz Elustondo Irribaria,"CB, RB",77,31,28-03-1994,53,La Liga,457,Real Sociedad,Spain,1,72,35,78,78,48,65,76,55,67,56,77,44,80,69,77,77,38,32,75,75,77,76,7,10,12,15,8
232901,M. Ali,Mukhtar Abdullahi Aliمختار علي,"CDM, CM",67,27,30-10-1997,350,Pro League,112096,Al Ettifaq,Saudi Arabia,1,45,51,38,70,66,68,69,64,67,72,68,59,54,78,63,65,56,70,70,65,61,55,15,9,14,10,10
80593,G. Liavas,Georgios Liavas,"CDM, CM",69,24,12-02-2001,308,Primeira Liga,744,Rio Ave FC,Greece,1,36,57,57,72,64,66,71,59,65,53,62,59,66,78,70,66,60,71,58,64,67,63,13,8,12,8,12
269292,G. Prestianni,Gianluca Prestianni Gross,"RM, CAM, RW",71,19,31-01-2006,308,Primeira Liga,234,SL Benfica,Argentina,1,55,61,26,64,79,57,77,91,83,92,73,62,47,68,33,53,65,64,64,39,44,38,6,7,14,10,15
225293,H. Diallo,Habibou Mouhamadou Diallo,ST,72,30,15-06-1995,16,Ligue 1,68,FC Metz,Senegal,1,51,70,77,71,67,46,71,69,73,66,66,76,87,71,81,19,71,61,61,13,17,17,13,14,14,15,12
240209,G. Koyalipou,Goduine Koyalipou,ST,73,25,15-02-2000,53,La Liga,1853,Levante UD,Central African Republic,1,58,75,71,65,71,54,71,73,76,64,71,74,83,60,76,38,75,58,68,29,21,15,11,9,7,15,6
272726,G. Ambrosino,Giuseppe Ambrosino Di Bruttopilo,"ST, CAM",67,21,10-09-2003,31,Serie A,48,Napoli,Italy,1,58,64,69,66,64,55,68,76,75,72,63,66,82,73,75,36,65,60,57,31,44,35,6,12,6,13,14
278523,Rodri Mendoza,Rodrigo Mendoza Martinez Moya,"CM, RM, CAM",66,20,15-03-2005,53,La Liga,468,Elche CF,Spain,1,61,63,45,69,67,62,68,65,69,67,66,65,55,56,57,65,66,66,64,68,68,64,14,6,8,11,14
239631,D. Namaso,Daniel Namaso Edi-Mesumbe Loader,"ST, CAM",73,24,28-08-2000,16,Ligue 1,57,AJ Auxerre,Cameroon,1,52,73,56,69,76,45,77,79,79,80,74,71,78,72,76,20,77,70,67,23,15,19,9,11,11,9,11
269087,L. Yoro,Leny Yoro,CB,78,19,13-11-2005,13,Premier League,11,Manchester United,France,1,47,38,76,75,60,58,69,65,72,55,79,51,81,69,75,79,41,60,72,77,82,80,13,7,5,14,14
79397,G. Yah,Gibson Yah,"CM, CDM",63,21,27-09-2003,10,Eredivisie,645,FC Volendam,Netherlands,1,64,40,59,69,66,66,68,74,70,63,59,63,79,63,79,66,45,65,66,65,63,59,15,11,13,14,10
234826,Toni Martínez,Antonio Martínez López,ST,74,28,30-06-1997,53,La Liga,463,Deportivo Alavés,Spain,1,50,75,73,69,71,53,72,66,67,66,74,80,83,74,83,23,74,64,65,20,14,23,11,11,12,7,9
269164,M. Abdelmonem,Mohamed Abdelmonemمحمد عبد المنعم,CB,74,26,01-02-1999,16,Ligue 1,72,OGC Nice,Egypt,1,56,34,78,74,58,71,62,63,62,61,68,56,83,63,77,73,48,57,74,73,76,73,14,14,6,14,6
198261,T. Ream,Timothy Michael Ream,"CB, LB",72,37,05-10-1987,39,Major League Soccer,114640,Charlotte FC,United States,1,62,41,74,75,54,71,70,38,39,40,70,53,62,79,73,74,41,69,80,74,74,70,15,14,15,8,10
242052,J. Medina,Jesús Manuel Medina Maldonado,"RM, CAM, RW",70,28,30-04-1997,350,Pro League,113217,Damac FC,Paraguay,1,69,68,66,71,68,66,68,71,71,72,60,69,67,73,52,33,69,73,65,27,32,28,9,12,10,14,6
255894,J. Mosquera,Juan David Mosquera López,"RB, RM, RW",67,22,05-09-2002,39,Major League Soccer,111140,Portland Timbers,Colombia,1,67,52,44,63,72,53,67,80,79,80,65,60,68,80,72,60,67,66,67,54,65,60,13,8,6,8,14
262042,M. Estève,Maxime Estève,CB,76,23,26-05-2002,13,Premier League,1796,Burnley,France,1,53,35,72,69,63,59,66,72,77,44,73,61,86,77,85,74,36,46,77,78,77,75,12,14,14,7,11
74142,D. León,Diego Basilio León Blanco,"LB, LM",64,18,03-04-2007,13,Premier League,11,Manchester United,Paraguay,1,56,45,55,55,65,54,63,82,83,80,60,56,74,68,65,60,68,57,66,60,60,58,9,8,8,12,11
251809,S. Botman,Sven Adriaan Botman,CB,82,25,12-01-2000,13,Premier League,13,Newcastle United,Netherlands,3,43,24,81,77,63,75,74,48,63,50,80,65,82,66,89,82,45,59,76,84,83,82,12,9,8,6,14
228518,A. Hanche-Olsen,Andreas Schjølberg Hanche-Olsen,CB,75,28,17-01-1997,19,Bundesliga,169,1. FSV Mainz 05,Norway,1,58,35,76,68,62,61,60,68,72,67,74,51,86,68,81,75,48,45,76,74,76,71,10,13,15,6,12
266256,A. Adams,Akor Jerome Adams,ST,73,25,29-01-2000,53,La Liga,481,Sevilla FC,Nigeria,1,48,73,69,65,70,45,73,75,78,67,68,76,83,72,82,24,73,59,67,26,25,24,7,7,14,8,7
70971,Sorriso,Marcos Vinicios Lopes Moura,"RM, LM, RW",74,24,22-02-2001,308,Primeira Liga,112809,Famalicão,Brazil,1,70,74,50,71,75,63,76,79,80,76,72,71,60,66,45,25,73,65,69,21,35,33,7,11,14,15,15
213064,F. Calvo,Francisco Javier Calvo Quesada,"CB, LB",68,32,08-07-1992,350,Pro League,112096,Al Ettifaq,Costa Rica,1,59,41,66,62,64,66,62,63,63,62,66,55,74,77,74,72,54,52,61,62,70,66,8,15,8,12,6
268874,B. Ortega,Bryant Jesús Ortega Carmona,"CDM, CM",66,22,28-02-2003,350,Pro League,607,Al Ittihad,Venezuela,1,58,67,50,70,64,67,67,77,69,69,68,55,54,81,42,62,62,68,52,60,61,58,8,12,11,5,6
223629,S. Al Amri,Saleh Al Jamaan Al Amriصالح جمعان العمري,"LM, ST, LW",69,31,14-10-1993,350,Pro League,112883,Al Khaleej,Saudi Arabia,1,67,66,59,67,68,64,67,80,78,76,66,68,73,79,63,24,64,62,63,37,31,25,13,8,11,8,9
199313,A. Bamba,Abdoulaye Bamba,CB,70,35,25-04-1990,16,Ligue 1,1530,Angers SCO,Côte d'Ivoire,1,66,28,70,68,57,64,68,63,56,66,69,50,72,67,69,70,57,58,59,71,74,69,14,13,8,7,8
261072,R. Enrique,Ramiro Enrique Paz,"ST, LW, LM",70,24,04-05-2001,350,Pro League,131735,Al Kholood,Argentina,1,62,68,67,68,68,60,71,81,79,79,68,76,77,83,60,24,69,64,70,20,23,22,14,13,14,7,8
260653,B. Norton-Cuffy,Brooke Dion Nelson Norton-Cuffy,"RM, RB, RW",68,21,12-01-2004,31,Serie A,110556,Genoa,England,1,67,48,59,69,72,63,66,79,80,73,67,43,73,68,63,61,61,55,64,61,61,63,7,12,13,11,9
279109,Víctor Parada,Victor Parada González,"LB, CB, LM",67,23,04-04-2002,53,La Liga,463,Deportivo Alavés,Spain,1,62,39,50,65,60,61,60,70,76,68,65,58,68,70,73,67,51,60,63,66,65,64,14,10,13,12,12
277839,N. Krstović,Nikola KrstovićНикола Крстовић,ST,75,25,05-04-2000,31,Serie A,39,Atalanta,Montenegro,1,46,77,78,65,70,42,73,65,67,61,75,76,85,77,80,18,80,57,64,20,18,25,9,14,8,10,6
258758,T. Corbeanu,Theodor Alexander Corbeanu,"LM, RM, LW",68,23,17-05-2002,39,Major League Soccer,111651,Toronto FC,Canada,1,69,59,49,66,72,64,69,77,78,76,55,61,72,71,75,39,60,64,64,50,49,45,7,6,9,10,7
264137,O. Gene,Owen Gene,"CDM, CM, CB",68,22,19-03-2003,39,Major League Soccer,111138,Minnesota United FC,France,1,61,41,58,68,60,70,66,68,70,66,66,67,68,67,67,68,59,64,62,65,67,65,9,14,7,12,9
277482,L. Sauer,Leo Sauer,"LW, CAM, LM",72,19,16-12-2005,10,Eredivisie,246,Feyenoord,Slovakia,1,66,66,39,66,77,62,74,86,90,83,66,65,64,73,61,34,63,64,64,36,46,35,8,6,9,14,12
270834,A. Rebbach,Abderrahman Rebbachعبد الرحمن ريباخ,"LM, LW",69,26,11-08-1998,53,La Liga,463,Deportivo Alavés,Algeria,1,68,75,55,69,70,66,69,69,76,64,59,78,71,63,73,35,64,62,54,30,35,37,14,6,7,9,14
262396,J. Idzes,Jay Noah Idzes,CB,72,25,02-06-2000,31,Serie A,111974,Sassuolo,Indonesia,1,51,39,77,71,55,65,65,62,38,55,67,65,83,84,77,68,50,53,61,70,74,73,13,6,12,12,12
243464,J. Stroud,Jared Presson Stroud,"RM, RW",67,28,10-07-1996,39,Major League Soccer,688,DC United,United States,1,57,62,45,69,65,66,67,68,67,66,65,60,60,79,65,51,69,69,60,58,60,53,15,10,11,9,13
278813,Marc Guiu,Marc Guiu Paz,ST,71,19,04-01-2006,13,Premier League,5,Chelsea,Spain,1,45,73,70,65,68,45,70,73,78,67,70,75,81,66,76,29,70,55,70,36,31,27,5,6,9,14,10
258365,Pedro Ferreira,Pedro Miguel Dinis Ferreira,"CDM, CM",69,27,05-01-1998,308,Primeira Liga,1438,Santa Clara,Portugal,1,47,47,53,67,61,63,65,65,67,56,64,55,70,81,77,68,57,61,66,67,71,65,12,11,8,11,14
277327,F. Esposito,Francesco Pio Esposito,ST,72,20,28-06-2005,31,Serie A,44,Inter,Italy,1,56,76,74,65,71,59,72,60,67,60,72,69,78,65,75,26,74,58,60,25,39,33,6,10,7,7,12
256343,Robson Bambu,Robson Alves de Barros,CB,73,27,12-11-1997,308,Primeira Liga,1896,Sporting Clube de Braga,Brazil,1,44,30,75,63,57,60,62,76,78,70,69,57,81,63,67,72,39,47,60,76,77,71,10,12,10,9,14
275861,J. van de Kamp,Jochem Ritmeester van de Kamp,"CAM, RM, CM",66,21,02-11-2003,10,Eredivisie,100638,Telstar,Netherlands,1,49,49,47,69,68,66,67,75,78,74,65,64,63,82,62,63,66,65,64,53,58,65,9,12,11,8,12
241055,Diego Pampín,Diego Varela Pampín,"LB, LM, LW",69,25,15-03-2000,53,La Liga,1853,Levante UD,Spain,1,70,40,56,66,68,59,70,77,78,76,64,43,69,77,58,62,67,61,57,60,64,65,12,12,13,12,15
259249,C. Clark,Caden Christopher Clark,"CAM, LM, LW, CM",66,22,23-05-2003,39,Major League Soccer,688,DC United,United States,1,57,66,37,64,65,64,67,80,76,82,62,69,58,65,58,40,64,66,57,50,51,40,14,5,11,9,11
264219,E. Poku,Ernest Poku,"RM, LM, RW",70,21,28-01-2004,19,Bundesliga,32,Bayer 04 Leverkusen,Netherlands,1,64,55,47,62,72,50,69,93,95,86,66,75,68,74,56,21,67,58,65,34,27,47,8,10,11,12,8
269084,U. Tohumcu,Umut Deger Tohumcu,"CAM, CM",70,20,11-08-2004,19,Bundesliga,10029,TSG 1899 Hoffenheim,Germany,1,55,63,39,75,71,70,72,71,65,77,72,65,49,63,46,40,60,72,70,52,56,50,12,7,7,6,10
240669,L. Maloney,Lennard Patrick Maloney,"CDM, CM",72,25,08-10-1999,19,Bundesliga,169,1. FSV Mainz 05,United States,1,48,42,70,67,59,63,60,55,67,56,69,49,77,82,84,76,40,45,67,74,75,76,10,8,11,11,14
210719,M. Kempf,Marc Oliver Kempf,CB,73,30,28-01-1995,31,Serie A,1745,Como,Germany,1,43,30,75,64,59,70,63,69,74,62,70,64,83,80,80,73,28,53,70,72,76,73,14,14,11,7,11
270379,A. Kamara,Abu Kamara,"RM, RW, LM",68,21,21-07-2003,53,La Liga,1860,Getafe CF,England,1,62,63,55,62,72,47,68,87,85,84,61,65,75,70,61,35,63,63,64,42,37,30,14,9,12,13,15
259131,J. Trenskow,Jacob Bennedsen Trenskow,"RM, CM, RW",69,24,26-11-2000,10,Eredivisie,1913,SC Heerenveen,Denmark,1,67,68,45,66,71,58,70,68,70,85,64,65,46,70,39,45,69,68,63,47,51,47,15,12,14,7,12
73853,Dailon Livramento,Dailon Rocha Livramento do Rosario,"ST, CAM",70,24,04-05-2001,308,Primeira Liga,114510,Casa Pia,Cabo Verde,1,58,72,71,61,67,49,68,79,84,78,65,71,82,55,68,20,67,52,65,34,33,23,11,6,11,7,10
213661,A. Christensen,Andreas Bødtker Christensen,"CB, CM",80,29,10-04-1996,53,La Liga,241,FC Barcelona,Denmark,3,51,36,78,81,67,79,77,52,73,60,80,37,78,67,78,82,32,62,79,82,82,80,10,12,8,6,8
268484,B. Mansilla,Brian Nicolás Mansilla Islas,"RM, LM, LW, RW",68,23,14-05-2002,308,Primeira Liga,112513,FC Arouca,Uruguay,1,65,68,49,66,70,60,68,70,76,86,64,60,63,65,67,48,64,65,58,44,48,45,11,9,7,15,10
256476,M. Cho,Mohamed-Ali Cho,"LW, RW, ST, LM",76,21,19-01-2004,16,Ligue 1,72,OGC Nice,France,1,70,72,65,75,82,61,78,82,79,72,70,70,76,69,62,21,75,72,65,23,22,20,9,6,6,7,7
246777,O. Pettersson,Oscar Pettersson,"RM, RW",66,25,01-02-2000,10,Eredivisie,100632,Go Ahead Eagles,Sweden,1,63,60,51,62,62,59,64,80,81,72,53,60,66,77,57,56,63,62,60,47,55,50,7,5,5,10,12
253202,Kwon Hyeok Kyu,Hyeok-kyu Kwon권혁규,"CDM, CM",67,24,13-03-2001,16,Ligue 1,71,FC Nantes,Korea Republic,1,58,52,60,68,60,67,66,70,66,59,59,57,78,85,81,67,61,60,63,61,62,61,7,8,14,5,6
272687,B. Cremaschi,Benjamin Cremaschi,"CM, CAM, RM",68,20,02-03-2005,31,Serie A,50,Parma,United States,1,48,58,38,71,75,69,72,73,75,71,60,60,56,60,59,60,66,72,60,55,65,63,10,12,11,12,14
241266,W. Geubbels,Willem Davnis Louis Didier Geubbels,ST,72,23,16-08-2001,16,Ligue 1,111817,Paris FC,France,1,54,75,62,68,74,53,72,77,81,72,68,73,76,73,70,21,72,63,70,27,21,19,5,13,6,15,14
233588,Elgezabal,Unai Elgezabal Udondo,"CB, CM, CDM",73,32,25-04-1993,53,La Liga,1853,Levante UD,Spain,1,40,47,70,69,58,68,65,53,62,53,72,66,73,77,78,75,43,60,64,76,74,73,8,14,14,15,6
275592,R. van Bommel,Ruben van Bommel,"LW, LM",74,20,03-08-2004,10,Eredivisie,247,PSV,Netherlands,1,66,72,36,67,77,60,76,82,91,76,74,69,60,65,72,23,69,66,69,20,26,30,5,13,9,11,6
79242,P. Brittijn,Philip Brittijn,"CM, CDM, CAM",66,21,09-04-2004,10,Eredivisie,634,Fortuna Sittard,Netherlands,1,55,65,64,70,66,69,65,62,64,65,60,60,65,76,58,67,60,64,61,62,65,62,6,8,11,15,6
228805,Raíllo,Antonio José Raíllo Arenas,CB,81,33,08-10-1991,53,La Liga,453,RCD Mallorca,Spain,1,29,25,85,79,63,69,70,41,41,32,80,54,79,89,81,81,51,56,66,84,82,81,10,15,15,15,14
242997,L. Maina,Linton Maina,"LM, ST, CAM, LW",73,26,23-06-1999,19,Bundesliga,31,1. FC Köln,Germany,1,69,69,44,69,72,62,71,89,92,85,70,63,59,81,48,31,66,67,63,29,28,25,14,12,14,7,8
231743,K. Davis,Keinan Vincent Joseph Davis,ST,72,27,13-02-1998,31,Serie A,55,Udinese,England,1,50,73,74,64,74,50,73,61,66,65,67,80,82,60,81,39,72,58,70,36,38,23,7,14,9,9,5
238922,M. Kaye,Mark-Anthony Kaye,"CDM, CM",67,30,02-12-1994,39,Major League Soccer,111928,San Jose Earthquakes,Canada,1,52,52,68,69,63,64,63,68,72,52,64,60,73,80,70,64,65,63,61,65,67,66,14,10,9,6,6
268131,C. Egan-Riley,Conrad Jaden Egan-Riley,CB,75,22,02-01-2003,16,Ligue 1,219,Olympique de Marseille,England,1,54,28,72,71,66,73,69,74,78,54,75,47,84,77,78,73,32,50,75,76,76,75,14,5,6,7,8
273008,J. Schreuders,Jorg Schreuders,"RM, LM, RW",66,20,09-09-2004,10,Eredivisie,1915,FC Groningen,Netherlands,1,61,68,50,66,64,59,67,64,77,68,65,63,61,80,61,49,70,49,58,64,56,59,7,9,7,6,14
231801,A. Al Hajji,Ala'a Al Hajjiعلاء آل حجي,"CM, CDM, CAM",63,29,03-12-1995,350,Pro League,131798,NEOM SC,Saudi Arabia,1,60,55,54,65,63,65,67,67,65,67,58,56,63,73,62,59,59,63,64,56,61,58,6,10,11,13,13
237721,A. Al Khaibari,Abdullah Mohammed Al Khaibariعبدالله الخيبري,"CDM, CM",68,28,16-08-1996,350,Pro League,112139,Al Nassr,Saudi Arabia,1,54,35,53,71,67,66,65,76,71,65,68,57,71,80,69,63,53,64,62,65,68,64,6,13,15,9,12
246974,Diogo Calila,Diogo dos Santos Cabral,"RB, RM",69,26,10-10-1998,308,Primeira Liga,1438,Santa Clara,Mozambique,1,68,46,45,63,67,50,67,76,74,72,67,55,66,67,68,66,62,52,69,68,67,69,6,12,6,14,5
80589,D. Mertens,Dylan Mertens,"CAM, CM",65,29,20-07-1995,10,Eredivisie,100638,Telstar,Netherlands,1,61,63,44,71,63,66,65,68,64,66,63,66,61,75,72,49,65,59,62,48,58,55,9,5,9,10,8
260099,S. Sambo,Shurandy Ruggerio Sambo,"RB, RM",68,23,19-08-2001,10,Eredivisie,100646,Sparta Rotterdam,Curacao,1,60,41,58,64,65,60,66,77,78,74,65,59,76,76,71,65,57,58,65,64,63,64,7,8,5,13,8
239919,K. Kouao,Koffi Franck Kouao,"RB, RM",71,27,20-05-1998,16,Ligue 1,68,FC Metz,Côte d'Ivoire,1,63,35,49,69,64,55,67,74,85,74,65,48,67,80,70,64,62,40,66,62,70,72,11,12,13,11,9
221750,André Geraldes,André Geraldes de Barros,"RB, RM",69,34,02-05-1991,308,Primeira Liga,114510,Casa Pia,Portugal,1,69,36,60,66,64,62,66,68,74,69,60,57,72,70,71,67,63,58,64,66,67,66,9,12,11,8,7
236885,B. Vazquez,Brandon Vázquez Toledo,ST,73,26,14-10-1998,39,Major League Soccer,114161,Austin FC,United States,1,44,74,80,69,67,45,69,77,73,64,71,73,93,73,83,30,75,50,59,30,29,21,15,12,9,5,15
248661,C. Niasse,Cheikh Ahmet Tidian Niasse,"CDM, CM",71,25,19-01-2000,31,Serie A,206,Hellas Verona FC,Senegal,1,41,39,67,73,69,70,68,63,59,60,68,58,73,75,72,72,50,60,66,68,72,73,5,15,13,7,10
270206,Mateo Joseph,Mateo Joseph Fernández Regatillo,ST,70,21,19-10-2003,53,La Liga,453,RCD Mallorca,Spain,1,41,69,68,68,68,46,70,79,84,75,69,73,81,71,71,17,69,54,66,45,41,23,6,14,6,8,5
219581,S. Gigot,Samuel Florent Thomas Gigot,CB,77,31,12-10-1993,31,Serie A,46,Lazio,France,2,61,35,74,71,56,67,65,59,65,57,77,44,79,64,80,80,54,55,67,74,78,77,11,15,13,10,10
72654,Gustavo,Gustavo Pinto Mendonça,"CM, CDM",66,22,11-03-2003,308,Primeira Liga,131463,AVS Futebol SAD,Portugal,1,46,35,57,72,57,68,67,76,72,63,68,56,73,78,67,71,53,69,54,67,66,68,8,6,14,7,6
257063,T. Dolan,Tyrhys Dolan,"RM, CAM, LM, RW",69,23,28-12-2001,53,La Liga,452,RCD Espanyol,England,1,65,65,47,65,73,55,70,84,74,93,65,60,59,68,46,45,65,66,65,40,42,38,5,9,6,6,5
264010,J. Mvuka,Joel Mugisha Mvuka,"RM, RW",71,22,12-11-2002,16,Ligue 1,217,FC Lorient,Norway,1,66,62,49,61,76,57,70,92,88,91,59,60,58,72,39,46,67,64,65,45,40,42,14,6,13,10,13
271198,M. Berisha,Medon Berisha,CM,67,21,21-10-2003,31,Serie A,347,Lecce,Albania,1,52,58,54,73,66,70,70,60,45,55,66,64,58,57,57,70,64,66,57,53,66,60,11,15,8,6,7
252001,J. Panzo,Jonathan William Panzo,CB,69,24,25-10-2000,308,Primeira Liga,744,Rio Ave FC,England,1,63,35,71,67,63,68,66,66,70,62,61,65,81,66,77,70,45,64,59,61,73,69,9,10,6,12,8
235955,R. Guitane,Rafik Guitane,"RW, CAM, RM",73,26,26-05-1999,308,Primeira Liga,10020,GD Estoril Praia,Algeria,1,68,69,39,69,79,65,76,80,80,87,65,67,56,62,51,26,70,75,68,28,34,33,7,10,9,14,13
240332,Brenner,Brenner Souza da Silva,"ST, CAM, CM",71,25,16-01-2000,39,Major League Soccer,113149,FC Cincinnati,Brazil,1,57,74,65,68,77,59,77,75,76,78,70,70,67,60,52,24,74,63,70,29,32,22,13,6,9,14,8
226050,C. Teuchert,Cedric Teuchert,"CAM, ST, CM",68,28,14-01-1997,39,Major League Soccer,113018,St. Louis CITY SC,Germany,1,62,72,61,67,74,60,72,69,71,71,68,71,70,71,65,34,69,59,62,30,22,14,8,13,16,11,8
266501,B. Pierret,Balthazar Jean Philippe Marie Pierret,"CDM, CM",68,25,15-05-2000,31,Serie A,347,Lecce,France,1,41,48,63,68,63,67,69,70,62,67,64,66,72,71,70,67,48,59,53,69,68,67,11,10,15,11,14
78858,Lander Pinillos,Lander Pinillos Wilson,"CAM, RM, CM",62,21,06-10-2003,53,La Liga,463,Deportivo Alavés,Spain,1,56,58,53,64,63,61,64,74,72,67,53,62,66,70,60,52,61,60,56,54,58,57,9,15,15,9,8
245268,H. Al Yami,Hamad Turki Al Tuhayfan Al Yamiحمد تركي اليامي,"RB, RM",65,26,17-05-1999,350,Pro League,605,Al Hilal,Saudi Arabia,1,62,56,54,61,63,56,62,84,85,78,54,55,69,73,56,60,64,54,53,53,60,56,7,6,13,9,11
248604,A. Zagré,Arthur Zagré,"LB, LM",67,23,04-10-2001,10,Eredivisie,1971,Excelsior,France,1,65,35,52,64,71,53,67,85,75,88,65,55,59,70,44,65,65,56,64,55,63,61,12,8,14,7,6
256035,K. Sulemana,Kamaldeen Sulemana,"LM, LW, ST",71,23,15-02-2002,31,Serie A,39,Atalanta,Ghana,1,62,63,42,67,77,57,71,90,86,88,64,66,66,62,60,26,65,64,69,30,25,25,6,13,7,12,14
268903,R. Mundle,Romaine Lee Mundle,"LM, LW, RM",71,22,24-04-2003,13,Premier League,106,Sunderland,England,1,68,68,42,67,73,51,71,83,78,80,67,67,61,67,56,31,67,67,68,39,44,30,8,10,10,7,7
277118,M. Faye,Mikayil Ngor Faye,CB,68,20,14-07-2004,31,Serie A,111434,Cremonese,Senegal,1,58,38,67,67,54,58,62,72,77,63,66,77,81,66,79,63,48,44,58,60,70,63,11,5,5,9,7
206219,Juan Cruz,Juan Cruz Álvaro Armada,"LB, CB",74,32,28-07-1992,53,La Liga,479,CA Osasuna,Spain,1,63,34,66,76,60,64,71,70,69,65,75,57,73,73,69,73,35,45,56,74,75,73,14,11,7,11,14
222123,A. Long,Aaron Ray Long,CB,71,32,12-10-1992,39,Major League Soccer,112996,Los Angeles FC,United States,1,38,38,78,66,58,62,60,77,78,68,67,46,92,79,80,64,52,59,68,70,70,67,10,12,13,6,12
269493,Alexsandro,Alexsandro Victor de Souza Ribeiro,CB,80,25,09-08-1999,16,Ligue 1,65,Lille OSC,Brazil,1,44,34,80,75,56,72,68,56,74,38,79,62,83,72,84,80,15,64,77,79,82,76,14,15,9,11,7
235222,S. Horemans,Siebe Horemans,"RB, CB",71,27,02-06-1998,10,Eredivisie,1903,FC Utrecht,Belgium,1,67,27,63,66,64,68,63,76,74,71,66,54,82,75,80,73,48,58,67,70,69,64,13,11,11,12,8
225508,E. Bailly,Eric Bertrand Bailly,CB,74,31,12-04-1994,53,La Liga,110827,Real Oviedo,Côte d'Ivoire,1,49,33,72,68,65,61,67,58,69,59,70,55,78,45,79,76,47,59,76,76,72,74,14,14,10,9,8
228666,B. Kuwas,Brandley Mack-Olien Kuwas,"LM, RM, LW",67,32,19-09-1992,10,Eredivisie,645,FC Volendam,Curacao,1,66,65,39,64,70,57,70,70,72,70,64,78,60,55,71,24,67,66,69,39,35,20,11,10,14,10,13
278101,C. Marshall,Callum Marshall,"ST, RM, RW",66,20,28-11-2004,13,Premier League,19,West Ham United,Northern Ireland,1,54,67,55,62,61,46,64,71,67,71,66,76,72,88,71,44,68,56,59,29,46,49,5,11,12,10,10
212591,W. Zimmerman,Walker Dwain Zimmerman,CB,75,32,19-05-1993,39,Major League Soccer,114162,Nashville SC,United States,2,39,52,78,69,48,68,64,50,60,49,75,57,90,77,87,72,48,44,75,74,74,68,13,14,8,10,9
198032,D. Burn,Daniel Johnson Burn,CB,79,33,09-05-1992,13,Premier League,13,Newcastle United,England,2,68,26,78,75,69,69,69,34,49,32,77,60,70,78,90,76,61,61,76,81,79,80,15,13,7,8,10
263837,Miguel Puche,Miguel Puche García,"LM, ST, RM, LW",67,24,30-04-2001,308,Primeira Liga,112513,FC Arouca,Spain,1,60,67,57,60,72,58,68,82,79,73,60,65,74,65,62,38,64,60,61,39,44,38,11,13,10,7,13
236706,P. Almqvist,Pontus Skule Erik Almqvist,"RM, RW, CAM",72,25,10-07-1999,31,Serie A,50,Parma,Sweden,1,61,72,62,66,76,63,75,85,84,80,68,69,68,54,45,39,76,60,66,33,35,39,8,7,10,5,5
72892,M. Suray,Mathis Suray,"LM, CAM, LW",68,23,26-07-2001,10,Eredivisie,100632,Go Ahead Eagles,Belgium,1,65,68,61,71,67,67,66,65,61,74,63,62,61,76,50,43,68,63,66,42,48,48,12,15,15,12,7
73215,Cheli,José Luis Pereda López,"CM, CAM, CDM",61,19,05-07-2005,53,La Liga,110827,Real Oviedo,Spain,1,50,57,63,65,60,62,63,62,65,60,56,67,73,58,74,59,62,58,59,55,60,59,13,10,5,6,8
216349,A. Halilović,Alen Halilović,"CAM, RM, CM",71,29,18-06-1996,10,Eredivisie,634,Fortuna Sittard,Croatia,1,68,60,30,72,76,70,79,64,48,76,68,55,37,62,34,44,60,75,71,50,46,35,15,11,11,13,10
259162,A. Sieb,Armindo Sieb,"ST, CAM",71,22,17-02-2003,19,Bundesliga,169,1. FSV Mainz 05,Germany,1,47,71,59,65,76,50,75,84,82,85,72,72,77,67,70,24,73,62,64,31,18,11,13,10,7,11,15
276609,K. Al Subaie,Khalid Mohammed Al Subaieخالد السبيعي,"CM, CDM, LB",61,25,26-10-1999,350,Pro League,113222,Al Hazem FC,Saudi Arabia,1,65,55,45,64,58,64,62,73,70,70,61,57,59,70,58,56,61,60,59,52,57,57,8,7,10,6,14
262668,J. Makengo,Jordy Makengo Basambundu,"LB, CB, LM",72,23,03-08-2001,19,Bundesliga,25,SC Freiburg,France,1,67,34,63,70,68,59,67,80,84,61,70,41,82,67,76,70,50,56,59,68,72,69,11,14,13,14,6
257293,S. Sithole,Sphephelo Sithole,"CDM, CM",65,26,03-03-1999,308,Primeira Liga,112516,CD Tondela,South Africa,1,50,46,65,64,62,61,61,63,64,56,63,64,76,66,78,65,66,64,66,63,65,60,12,14,14,10,9
255000,T. Moffi,Terem Igobor Moffi,"ST, RW, RM",75,26,25-05-1999,16,Ligue 1,72,OGC Nice,Nigeria,2,50,75,74,65,75,42,74,80,84,58,67,80,90,58,85,16,71,47,69,19,24,20,13,11,11,11,12
270658,S. Angori,Samuele Angori,"LM, LB, LW",69,21,07-10-2003,31,Serie A,110738,Pisa,Italy,1,68,56,53,70,69,65,70,69,66,65,68,50,61,73,57,65,69,62,58,63,67,65,15,14,13,8,13
251229,K. Yeboah,Kelvin Kwarteng Yeboah,ST,72,25,06-05-2000,39,Major League Soccer,111138,Minnesota United FC,Italy,1,53,73,60,61,71,48,71,91,85,78,74,71,83,74,73,20,75,66,66,19,21,17,7,11,12,6,6
215410,B. Chardonnet,Brendan Chardonnet,CB,77,30,22-12-1994,16,Ligue 1,378,Stade Brestois 29,France,1,45,46,78,69,52,62,68,47,46,55,79,49,79,67,82,80,50,38,73,78,79,77,10,14,10,11,13
237985,K. Danso,Kevin Danso,CB,79,26,19-09-1998,13,Premier League,18,Tottenham Hotspur,Austria,2,44,26,81,69,59,62,68,65,79,53,77,49,89,66,90,77,43,52,72,77,80,76,12,13,6,11,15
268738,M. Broholm,Marius Sivertsen Broholm,"RM, RW",69,20,26-12-2004,16,Ligue 1,65,Lille OSC,Norway,1,66,66,46,65,65,61,67,78,72,80,65,60,53,81,44,52,67,67,63,47,50,51,7,13,5,8,14
258823,J. Dahlhaus,Jasper Dahlhaus,"LB, LM",66,23,27-11-2001,10,Eredivisie,634,Fortuna Sittard,Netherlands,1,65,59,49,61,67,53,70,72,80,63,64,67,60,74,57,58,50,56,59,58,63,61,8,14,11,9,12
240661,E. Vignato,Emanuel Vignato,"CAM, CM",70,24,24-08-2000,31,Serie A,110738,Pisa,Italy,1,66,60,51,72,74,66,74,72,62,81,63,66,54,66,44,30,62,71,66,43,37,35,9,12,15,14,6
230991,Fafà Picault,Fabrice Jean-Ian Picault,"LW, ST, LM",69,34,23-02-1991,39,Major League Soccer,112893,Inter Miami,Haiti,1,66,67,63,63,73,55,66,90,84,78,64,71,73,62,36,42,65,63,67,44,25,26,9,9,7,9,6
274000,E. Saad,Elias Saadالياس سعد,"LW, LM, CAM",72,25,27-12-1999,19,Bundesliga,100409,FC Augsburg,Tunisia,1,64,72,42,73,79,63,73,82,67,86,68,69,62,69,59,25,68,71,70,28,33,36,7,9,8,12,12
204638,W. Orban,Vilmos Tamás Orbán,CB,84,32,03-11-1992,19,Bundesliga,112172,RB Leipzig,Hungary,3,39,44,86,74,52,68,59,48,65,48,84,45,89,74,85,83,43,44,73,88,88,81,15,12,15,10,6
254067,A. Julio,Anderson Andrés Julio Santos,"ST, LM, RM, LW",67,29,31-05-1996,39,Major League Soccer,695,FC Dallas,Ecuador,1,61,65,60,66,69,50,67,85,86,79,64,71,78,73,65,45,67,63,66,23,27,31,7,6,11,15,9
251002,S. Conteh,Sirlord Calvin Conteh,"ST, RM, RW",69,28,20-07-1996,19,Bundesliga,111235,1. FC Heidenheim 1846,Germany,1,57,68,58,65,70,40,67,94,96,85,70,64,77,72,60,33,71,55,60,33,37,37,9,7,8,8,12
240600,A. Al Asmari,Ali Al Asmariعلي الأسمري,"CM, CDM",63,28,12-01-1997,350,Pro League,131798,NEOM SC,Saudi Arabia,1,51,53,52,68,63,65,66,62,65,64,60,69,65,67,71,59,58,58,63,56,60,55,6,5,6,14,12
247278,A. Gutman,Andrew David Gutman,LB,67,28,02-10-1996,39,Major League Soccer,693,Chicago Fire,United States,1,58,51,57,63,65,62,63,80,79,77,62,59,77,68,71,62,63,49,59,67,65,65,14,8,11,13,12
259054,Tiago Morais,Tiago Fontoura da Fonseca Morais,"LM, LW",69,21,03-09-2003,308,Primeira Liga,114510,Casa Pia,Portugal,1,61,67,59,61,72,60,72,80,81,85,68,73,64,73,46,11,66,62,70,22,23,22,11,13,10,13,11
275986,Álex Sancris,Alejandro San Cristóbal Sánchez,"RM, RW, LM",73,28,01-01-1997,53,La Liga,1860,Getafe CF,Spain,1,73,70,42,71,72,67,71,78,79,72,70,70,61,77,59,25,73,68,53,31,26,27,9,6,15,13,12
198177,B. Schenkeveld,Bartholomew Schenkeveld,CB,72,33,28-08-1991,350,Pro League,112883,Al Khaleej,Netherlands,1,54,34,70,69,55,66,65,63,63,60,68,55,79,67,82,72,58,58,69,70,73,71,8,11,15,16,9
75320,I. Ganiou,Pierre-Ismaëlo Ganiou,"RB, RM, CB",66,20,14-03-2005,16,Ligue 1,64,RC Lens,Burkina Faso,1,56,52,68,58,64,43,62,70,72,55,57,59,76,90,73,63,65,53,59,60,60,61,6,8,12,12,10
246164,L. Valenti,Lautaro Rodrigo Valenti,CB,68,26,14-01-1999,31,Serie A,50,Parma,Argentina,1,45,40,69,63,55,56,59,68,70,60,61,70,76,77,74,65,46,47,55,69,69,70,6,8,7,6,8
205559,N. Dicko,Nouha Dicko,ST,67,33,14-05-1992,16,Ligue 1,111817,Paris FC,Mali,1,59,68,51,64,65,52,68,71,76,70,69,70,70,66,71,19,69,61,66,30,38,33,13,16,11,15,7
243976,Catena,Alejandro Catena Marugán,CB,79,30,28-10-1994,53,La Liga,479,CA Osasuna,Spain,1,39,38,82,80,35,81,71,64,64,58,76,52,84,78,77,78,33,55,71,79,80,79,9,9,14,8,11
276602,A. Ouédraogo,Forzan Assan Ouédraogo,"CAM, CM",69,19,09-05-2006,19,Bundesliga,112172,RB Leipzig,Germany,1,42,55,60,67,78,64,74,76,76,83,64,58,80,57,77,46,64,67,63,41,46,41,8,10,6,11,6
233098,S. Floranus,Sherel Constancio Floranus,"RB, LB, LM",66,26,23-08-1998,10,Eredivisie,1914,PEC Zwolle,Curacao,1,55,36,60,60,67,63,64,76,86,81,64,55,78,73,73,62,61,44,65,61,63,60,9,9,15,9,9
70569,M. Linday,Marcus Linday,"CM, CDM",68,22,02-06-2003,10,Eredivisie,1913,SC Heerenveen,Sweden,1,49,61,42,71,66,66,67,68,55,66,67,63,54,84,59,68,63,66,68,66,68,62,5,8,10,9,11
208165,B. Djimsiti,Berat Ridvan Gjimshiti,CB,79,32,19-02-1993,31,Serie A,39,Atalanta,Albania,1,53,36,81,71,41,68,67,63,65,40,79,52,84,77,79,80,55,56,74,84,81,77,10,6,13,10,10
271673,Lázaro,Lázaro Vinicius Marques,"LM, RM, ST, LW",68,23,12-03-2002,350,Pro League,115892,Al-Najma SC,Brazil,1,64,65,61,66,68,63,67,76,79,67,63,65,74,65,63,51,66,64,55,32,31,39,7,7,11,14,10
271932,T. van Bergen,Thom van Bergen,"ST, CAM, RM",67,21,06-01-2004,10,Eredivisie,1915,FC Groningen,Netherlands,1,47,69,59,61,70,47,69,76,73,70,67,65,70,88,59,38,72,58,65,39,44,41,10,5,14,6,13
225152,R. Mühren,Robert Mühren,"ST, CAM",67,36,18-05-1989,10,Eredivisie,645,FC Volendam,Netherlands,1,50,71,65,65,56,59,65,42,74,56,63,71,66,66,74,37,71,69,68,38,39,36,8,14,11,11,8
234935,João Talocha,João Carlos Araújo Fonseca Silva,"LB, LM",70,35,30-08-1989,308,Primeira Liga,112516,CD Tondela,Portugal,1,75,31,57,67,64,57,65,66,67,65,67,51,71,77,73,70,54,50,63,67,69,65,8,14,11,15,9
226781,K. Shelton,Khiry Lamar Shelton,"RB, RW, ST",63,32,26-06-1993,39,Major League Soccer,696,Sporting Kansas City,United States,1,54,59,60,64,61,57,64,72,74,65,57,64,84,68,88,54,60,64,55,60,62,58,12,16,9,6,15
277216,M. Bamba,Mohamed Bamba,ST,70,23,10-12-2001,16,Ligue 1,217,FC Lorient,Côte d'Ivoire,1,50,69,69,61,70,48,67,78,78,76,66,67,81,70,73,21,74,58,73,23,25,21,10,13,11,9,5
227594,J. Obrian,Jáder Rafael Obrian Arias,"RM, RW, LM",68,30,18-05-1995,39,Major League Soccer,114161,Austin FC,Colombia,1,56,66,55,61,68,53,65,88,86,86,65,68,76,74,64,24,70,62,62,38,40,24,11,8,7,8,12
208462,R. Pröpper,Robin Pröpper,CB,73,31,23-09-1993,10,Eredivisie,1908,FC Twente,Netherlands,1,38,42,75,66,52,74,58,36,55,52,67,72,72,73,77,70,50,61,72,77,74,73,11,8,6,14,14
240501,A. Katranis,Alexandros KatranisΑλέξανδρος Κατράνης,"LB, LM",66,27,04-05-1998,39,Major League Soccer,111065,Real Salt Lake,Greece,1,65,45,64,65,64,52,65,71,72,70,62,58,72,69,63,62,53,58,60,59,64,62,10,8,7,6,9
252033,Tomás Esteves,Tomás do Lago Pontes Esteves,"RB, LB",67,23,03-04-2002,31,Serie A,110738,Pisa,Portugal,1,64,46,56,64,66,60,66,76,77,67,64,54,70,64,60,63,54,62,64,61,64,62,7,11,7,9,8
238043,A. Al Obud,Abdulrahman Ali Hassan Al Aboudعبد الرحمن علي حسان العبود,"RM, LM, RW",70,30,01-06-1995,350,Pro League,607,Al Ittihad,Saudi Arabia,1,59,68,48,62,74,57,70,89,88,83,62,65,70,65,60,47,68,63,58,52,38,37,8,5,12,14,14
262906,Y. Engelhardt,Yannik Engelhardt,"CDM, CM",70,24,07-02-2001,19,Bundesliga,23,Borussia Mönchengladbach,Germany,1,59,40,59,72,62,65,67,68,63,64,69,57,68,75,66,67,56,67,60,68,71,65,9,14,6,13,8
264188,T. Fukui,Taichi Fukui福井 太智,"CM, CAM, CDM",69,20,14-07-2004,308,Primeira Liga,112513,FC Arouca,Japan,1,53,50,41,72,74,74,74,78,75,88,63,58,46,64,34,50,67,78,60,54,64,58,14,7,8,13,8
266033,D. Edelman,Daniel Ethan Edelman,"CDM, CM, CB",67,22,28-04-2003,39,Major League Soccer,689,New York Red Bulls,United States,1,48,48,68,67,61,64,65,67,72,71,64,45,70,75,61,66,60,65,63,66,66,64,10,10,7,10,5
245867,J. Ngando,Jean-Claude Ngando Mbende,"CM, CDM",64,25,20-11-1999,39,Major League Soccer,101112,Vancouver Whitecaps FC,Cameroon,1,54,50,40,70,75,62,69,78,70,83,59,55,61,64,63,59,50,69,71,62,60,42,15,9,6,7,11
70283,Diogo Prioste,Diogo Ferreira Prioste,CM,66,21,26-03-2004,308,Primeira Liga,234,SL Benfica,Portugal,1,51,61,42,67,66,65,68,65,64,70,67,59,52,64,57,53,66,68,62,56,64,60,11,14,5,15,5
278455,A. Anselmino,Aarón Anselmino,CB,70,20,29-04-2005,19,Bundesliga,22,Borussia Dortmund,Argentina,1,55,40,66,68,61,66,66,67,67,63,65,55,75,62,75,72,35,60,67,69,71,70,10,7,9,5,11
269758,V. Loturi,Victor Lokai Loturi,"CDM, CM",63,24,21-05-2001,39,Major League Soccer,111139,CF Montréal,Canada,1,58,51,47,63,64,62,64,68,74,73,60,64,59,75,62,59,54,58,71,60,62,59,9,10,7,10,13
256500,N. Collins,Pharrell Nnamdi Collins,"CB, RB, RM",74,21,10-01-2004,19,Bundesliga,1824,Eintracht Frankfurt,Germany,1,68,28,73,71,70,63,69,83,88,63,70,38,89,71,79,73,48,65,70,73,76,68,12,8,8,10,8
231207,J. Lucumí,Jhon Janer Lucumí Bonilla,CB,76,27,26-06-1998,31,Serie A,189,Bologna,Colombia,1,60,24,75,74,58,71,69,63,67,48,74,63,82,77,81,75,40,48,71,78,78,75,6,11,10,8,7
262754,J. Niehues,Julian Niehues,"CDM, CM",69,24,17-04-2001,19,Bundesliga,111235,1. FC Heidenheim 1846,Germany,1,46,54,68,67,67,66,67,57,55,53,68,60,77,72,84,67,41,65,58,67,69,68,15,12,8,13,10
264290,Pablo Felipe,Pablo Felipe Pereira de Jesus,"ST, RM, RW",70,21,02-01-2004,308,Primeira Liga,1888,Gil Vicente FC,Brazil,1,61,69,68,67,68,63,69,73,69,68,70,75,76,69,69,34,72,67,69,24,24,22,14,10,6,7,12
243047,A. Marqués,Alejandro José Marqués Méndez,ST,72,24,04-08-2000,308,Primeira Liga,10020,GD Estoril Praia,Venezuela,1,47,78,82,71,74,55,74,68,69,66,62,70,85,63,71,26,67,65,70,41,26,23,13,12,14,8,13
70768,R. Nzingoula,Rabby Nzingoula,"CDM, CM",69,19,25-11-2005,16,Ligue 1,76,RC Strasbourg Alsace,France,1,38,51,59,69,66,61,66,70,66,70,67,51,72,78,71,67,55,52,64,67,73,71,14,14,5,13,9
268450,S. Scheperman,Sem Scheperman,"CDM, CAM, CM",65,23,24-06-2002,10,Eredivisie,100634,Heracles Almelo,Netherlands,1,60,57,58,66,64,67,67,65,50,63,62,65,65,77,79,58,66,62,59,57,65,59,10,8,8,9,5
225200,Kike Barja,Enrique Barja Alfonso,"RM, LM, LW, RW",74,28,01-04-1997,53,La Liga,479,CA Osasuna,Spain,1,73,70,59,71,76,70,75,76,72,70,70,66,71,59,60,33,75,73,69,35,30,31,6,12,12,15,8
264157,J. Rosales,Joseph Yerimid Rosales Erazo,"LB, LM, CM",67,24,06-11-2000,39,Major League Soccer,111138,Minnesota United FC,Honduras,1,63,39,44,61,67,58,65,77,80,74,65,58,60,74,59,62,62,65,61,65,64,64,10,15,14,6,13
79338,G. Diarra,Gaoussou Diarra,"LW, RW, LM",72,22,21-11-2002,10,Eredivisie,246,Feyenoord,Mali,1,67,70,49,66,76,48,74,81,84,78,64,76,66,62,59,24,69,65,62,29,27,29,5,13,8,12,6
259608,E. Ferguson,Evan Ferguson,ST,73,20,19-10-2004,31,Serie A,52,Roma,Republic of Ireland,1,50,75,71,70,71,50,74,67,66,66,72,75,79,66,75,13,73,63,72,18,13,13,9,8,14,12,11
274970,E. Eneli,"Chukwuemeka Somto ""Emeka"" Eneli",CDM,70,25,18-10-1999,39,Major League Soccer,111065,Real Salt Lake,United States,1,47,49,59,73,65,78,65,70,70,65,66,45,64,68,55,70,53,74,73,69,69,65,11,11,13,10,5
252487,V. Olatunji,Victor Oluyemi Olatunji,ST,73,25,05-09-1999,39,Major League Soccer,111065,Real Salt Lake,Nigeria,1,56,74,77,62,66,47,70,73,81,67,72,67,91,72,86,21,76,62,67,16,18,16,12,9,9,6,14
269643,Alex Forés,Álex Forés Mendoza,ST,71,24,12-04-2001,53,La Liga,110827,Real Oviedo,Spain,1,42,76,72,70,65,50,68,70,71,70,73,74,75,76,62,30,74,53,66,36,33,30,8,10,6,12,11
255579,Y. El Kachati,Youssef El Kachati,ST,69,25,30-11-1999,10,Eredivisie,1910,NEC Nijmegen,Morocco,1,55,74,55,66,69,49,68,91,88,82,59,73,70,67,51,26,71,59,69,22,31,30,13,9,11,12,9
278391,Unai Hernández,Unai Hernández Lorenzo,"LM, CM, CAM, LW",66,20,14-12-2004,350,Pro League,111674,Al Shabab,Spain,1,56,61,49,63,70,56,68,81,80,83,59,53,62,61,53,49,67,58,61,42,53,44,11,7,13,11,7
275070,Otávio,Otávio Ataíde da Silva,CB,75,23,21-04-2002,16,Ligue 1,111817,Paris FC,Brazil,1,33,24,73,68,59,66,69,72,73,53,74,70,85,70,80,76,34,43,68,75,74,73,14,12,14,5,6
220886,B. Tuiloma,Bill Poni Tuiloma,"CB, RB",65,30,27-03-1995,39,Major League Soccer,114640,Charlotte FC,New Zealand,1,55,50,68,68,52,67,60,56,64,53,60,65,75,68,79,65,59,60,63,63,62,60,6,12,16,8,14
275418,Y. Taha,Younes Taha El Idrissiيونس طه الادريسي,"RM, LM, CAM, RW",67,22,27-11-2002,10,Eredivisie,1915,FC Groningen,Morocco,1,62,64,62,64,70,57,68,81,64,85,64,69,55,66,44,32,65,66,65,36,34,32,8,14,11,15,8
275192,L. Vušković,Luka Vušković,CB,72,18,24-02-2007,19,Bundesliga,28,Hamburger SV,Croatia,1,36,58,81,74,59,73,68,53,62,34,64,76,86,67,85,68,49,42,53,66,73,69,9,11,7,13,12
70922,S. Mitrović,Stefan MitrovićСтефан Митровић,"LM, RM, LW",68,22,16-08-2002,10,Eredivisie,1971,Excelsior,Serbia,1,66,72,53,65,75,54,72,73,79,66,56,66,69,66,70,23,63,54,58,43,29,34,11,13,12,10,5
263947,Antony,Antony Alves Santos,"LM, RM, LW",71,23,08-09-2001,39,Major League Soccer,111140,Portland Timbers,Brazil,1,67,67,47,65,73,60,72,89,89,78,66,58,67,60,57,23,69,65,67,41,45,48,6,11,15,12,11
230801,A. Hazazi,Ali Abdullah Hazaziعلي عبدالله هزازي,"CM, CDM, CB",66,31,18-02-1994,350,Pro League,112391,Al Qadsiah FC,Saudi Arabia,1,53,44,64,71,69,70,71,62,63,69,62,52,73,77,74,61,55,64,74,59,66,59,14,10,8,11,14
189881,C. Smalling,Christopher Lloyd Smalling,CB,80,35,22-11-1989,350,Pro League,113057,Al Fayha,England,3,52,54,85,63,58,62,64,34,54,37,78,42,78,64,83,82,51,58,79,83,82,81,10,15,16,15,15
272829,Ângelo,Ângelo Gabriel Borges Damaceno,"RM, LM, RW",73,20,21-12-2004,350,Pro League,112139,Al Nassr,Brazil,1,70,60,42,70,81,67,78,85,84,92,63,65,65,64,60,25,62,70,73,28,33,28,8,9,5,13,10
233486,R. Le Normand,Robin Le Normand,CB,83,28,11-11-1996,53,La Liga,240,Atlético Madrid,Spain,3,35,22,85,81,55,74,74,60,69,54,83,45,86,70,86,83,21,48,73,84,86,82,9,13,14,15,10
229942,A. Disasi,Axel Arthur Disasi,"CB, RB, RM",77,27,11-03-1998,13,Premier League,5,Chelsea,France,2,48,43,80,72,55,66,66,50,60,43,75,70,83,63,88,76,47,55,74,76,77,75,12,8,11,8,6
259673,M. Bruns,Max Bruns,CB,69,22,06-11-2002,10,Eredivisie,1908,FC Twente,Netherlands,1,48,39,69,72,62,69,59,64,68,68,69,57,71,67,68,71,52,60,65,69,70,68,9,14,14,8,6
242624,J. Gallagher,Jon Gallagher,"RB, LB, LM, RM",65,29,23-02-1996,39,Major League Soccer,114161,Austin FC,Republic of Ireland,1,66,58,43,63,62,59,65,74,82,75,62,61,57,79,57,57,62,59,55,52,60,57,8,12,5,9,12
73673,P. Miller,Peyton Miller,"LB, LM",62,17,08-11-2007,39,Major League Soccer,691,New England Revolution,United States,1,63,58,56,60,66,58,64,78,72,79,57,61,65,60,52,51,61,59,58,59,60,58,7,13,8,12,10
245751,H. Tombakti,Hassan Mohammed Tambaktiحسان محمد تمبكتي,CB,72,26,09-02-1999,350,Pro League,605,Al Hilal,Saudi Arabia,1,42,33,67,70,60,71,65,80,85,74,71,40,76,72,80,73,39,49,71,72,76,73,13,10,14,14,10
211240,J. Lopez,Julien Yves Rémi Lopez Baila,"CAM, LM, ST, CM",67,33,01-03-1992,16,Ligue 1,111817,Paris FC,Algeria,1,58,66,47,69,66,66,67,73,67,87,64,63,54,54,48,33,65,62,66,35,51,48,16,14,13,11,10
237633,B. Zivzivadze,Budu Zivzivadzeბუდუ ზივზივაძე,ST,72,31,10-05-1994,19,Bundesliga,111235,1. FC Heidenheim 1846,Georgia,1,48,75,73,67,65,52,71,62,65,52,72,75,80,66,78,26,74,62,71,32,34,26,14,14,10,13,9
208974,H. Bahebri,Hattan Sultan Ahmed Bahebriهتان سلطان أحمد باهبري,"LW, RM, LM",63,32,16-07-1992,350,Pro League,131735,Al Kholood,Saudi Arabia,1,63,62,48,61,66,58,62,69,69,71,55,71,65,69,71,42,62,61,54,48,44,51,10,7,12,12,9
271451,Dinis Pinto,Dinis Lourenço Casals Namura Borges Pinto,"RB, RM",69,24,24-08-2000,308,Primeira Liga,1900,Moreirense FC,Portugal,1,68,34,57,64,66,59,66,76,74,74,67,56,69,61,58,64,48,56,54,66,69,66,8,8,5,12,7
217047,A. Godoy,Aníbal Casis Godoy Lemus,"CM, CDM",70,35,10-02-1990,39,Major League Soccer,131439,San Diego FC,Panama,1,42,53,51,78,67,75,71,43,43,61,66,73,59,74,73,68,60,68,70,67,63,62,8,15,14,9,6
236800,I. Angulo,Iván Darío Angulo Cortés,"LM, LW, RM",69,26,22-03-1999,39,Major League Soccer,112606,Orlando City SC,Colombia,1,55,55,48,67,72,52,68,85,87,76,67,68,60,74,46,37,66,64,63,42,39,33,11,12,8,14,14
252164,J. Ramírez,Jesús Andrés Ramírez Díaz,ST,69,27,04-05-1998,308,Primeira Liga,1891,CD Nacional,Venezuela,1,51,72,71,61,65,57,69,77,79,72,67,69,82,75,68,33,71,67,52,27,36,28,5,14,14,6,8
234249,S. Surridge,Samuel William Surridge,ST,74,26,28-07-1998,39,Major League Soccer,114162,Nashville SC,England,1,51,80,72,63,70,45,75,60,67,63,70,78,79,65,77,21,78,58,69,22,26,23,10,8,7,13,15
266815,B. Gannon-Doak,Ben Gannon Doak,"RM, RW",71,19,11-11-2005,13,Premier League,1943,AFC Bournemouth,Scotland,1,65,62,41,65,74,55,72,90,89,86,66,61,64,65,57,28,64,66,71,21,30,25,13,6,10,5,12
210259,A. Hassan,Ahmed Hassan Mahgoubأحمد حسن محجوب,ST,72,32,05-03-1993,350,Pro League,112096,Al Ettifaq,Egypt,1,34,74,78,66,64,53,70,52,51,70,74,79,83,60,83,39,74,65,72,23,18,23,15,14,8,14,11
242156,M. Al Shanqeeti,Muhannad Mustafa Al Shanqeetiمهند مصطفى الشنقيطي,"RB, LB, RM",70,26,12-03-1999,350,Pro League,607,Al Ittihad,Saudi Arabia,1,64,43,51,67,66,63,62,80,83,73,66,49,71,76,68,64,62,62,59,62,69,67,9,6,13,9,12
192816,L. Cabrera,Leandro Daniel Cabrera Sasía,"CB, LB",75,34,17-06-1991,53,La Liga,452,RCD Espanyol,Uruguay,1,62,36,77,62,50,62,60,52,46,52,74,76,81,74,81,75,36,53,57,75,77,76,10,16,10,15,16
273548,P. Stroud,Peter Forrest Stroud,"CDM, CM, RM",66,23,23-04-2002,39,Major League Soccer,689,New York Red Bulls,United States,1,52,35,50,68,61,63,66,76,72,79,64,52,65,72,58,62,53,59,54,64,67,63,8,9,6,7,12
204451,K. Günter,Koray Günter,CB,69,30,16-08-1994,350,Pro League,113060,Al Akhdoud Saudi Club,Türkiye,1,51,41,67,69,58,69,63,63,55,64,66,63,74,56,74,70,39,63,66,69,70,68,13,10,10,9,10
247476,H. Dotson,Hassani Dotson Stephenson,"CM, CDM, CB",66,27,06-08-1997,39,Major League Soccer,111138,Minnesota United FC,United States,1,55,59,52,69,65,64,67,65,65,62,65,69,63,76,66,65,63,58,61,66,68,64,14,6,7,9,7
262587,M. Ljubičić,Marin Ljubičić,"ST, RW, RM",71,23,28-02-2002,19,Bundesliga,1831,1. FC Union Berlin,Croatia,1,48,73,67,69,72,47,72,74,70,77,72,71,78,75,73,21,70,59,60,24,16,13,7,9,10,7,6
234727,T. Hübers,Timo Bernd Hübers,CB,73,28,20-07-1996,19,Bundesliga,31,1. FC Köln,Germany,1,42,34,74,67,54,65,58,74,70,60,74,52,85,74,78,75,42,53,66,72,73,72,14,11,14,9,13
265761,C. Volpato,Cristian Volpato,"RW, RM",69,21,15-11-2003,31,Serie A,111974,Sassuolo,Italy,1,62,66,49,68,75,66,75,69,74,55,67,74,61,66,63,36,67,71,64,34,36,42,11,8,8,13,8
247330,N. Vesterlund,Niklas Brøndsted Vesterlund Nielsen,"RB, RM",67,26,06-06-1999,10,Eredivisie,1903,FC Utrecht,Denmark,1,61,53,59,62,59,55,63,73,74,67,62,59,77,79,76,64,51,52,59,60,62,63,9,8,13,7,11
237642,R. Petretta,Raoul Petretta,"LB, CB, LM",67,28,24-03-1997,39,Major League Soccer,111651,Toronto FC,Italy,1,63,27,52,64,66,65,66,78,76,76,61,57,73,74,71,61,56,57,64,61,66,64,10,13,9,8,14
270931,N. Lebreton,Noé Lebreton,"CM, CDM",65,21,22-04-2004,10,Eredivisie,1910,NEC Nijmegen,France,1,59,55,57,68,70,63,69,64,70,60,61,55,62,67,57,61,65,63,62,61,64,61,7,5,7,10,9
274516,I. Osman,Osman Ibrahim Abrahim,"LM, RM, LW",72,20,29-11-2004,16,Ligue 1,57,AJ Auxerre,Ghana,1,61,65,52,67,77,59,75,92,89,85,66,69,69,65,53,29,70,61,63,28,20,22,13,8,9,7,12
271247,S. Alvero,Skelly Alvero,"CDM, CM",68,23,04-05-2002,19,Bundesliga,38,SV Werder Bremen,France,1,52,49,64,67,70,64,69,54,57,63,66,57,77,67,91,63,54,68,70,62,68,64,12,5,14,5,11
224438,A. Buksa,Adam Buksa,ST,73,28,12-07-1996,31,Serie A,55,Udinese,Poland,1,48,77,80,66,68,43,69,63,57,67,73,74,86,72,82,24,74,62,71,30,23,31,7,13,10,6,14
76740,Ángel Ortiz,Ángel Ortiz Monterrey,"RB, RM",68,20,25-07-2004,53,La Liga,449,Real Betis Balompié,Spain,1,68,48,52,66,67,60,67,75,70,72,65,59,65,64,59,65,59,65,62,64,65,64,6,7,14,6,8
264416,M. Benita,Mimeirhel Obispo Benita,"RB, LB, RM",64,21,17-11-2003,10,Eredivisie,100634,Heracles Almelo,Netherlands,1,64,53,39,56,72,51,65,84,75,75,55,73,66,59,70,62,51,48,56,55,55,73,12,13,9,10,7
78060,J. Gower,Jimi Gower,"CM, CAM, CDM",66,20,01-10-2004,308,Primeira Liga,1900,Moreirense FC,England,1,57,51,50,70,64,70,70,69,65,72,61,53,57,69,52,53,62,71,61,54,59,51,13,10,13,7,13
276736,T. Begić,Tjaš Begić,"CM, CAM",65,22,30-06-2003,31,Serie A,50,Parma,Slovenia,1,62,61,39,67,70,64,67,77,80,76,61,62,50,69,45,51,68,64,52,28,59,42,12,9,6,11,11
217606,E. Boateng,Emmanuel Agyenim Boateng,"LM, RM, LW",65,31,17-01-1994,39,Major League Soccer,131439,San Diego FC,Ghana,1,55,62,30,65,64,56,63,90,89,91,55,68,67,50,71,38,60,64,58,41,49,38,10,12,11,12,14
71997,K. Dyer,Kiano Dyer,"CM, CDM",63,18,21-11-2006,10,Eredivisie,645,FC Volendam,England,1,53,48,46,68,66,65,66,77,68,84,56,58,55,68,46,63,52,65,68,60,63,62,6,10,10,9,10
206159,S. Sabelli,Stefano Sabelli,"RB, RM",71,32,13-01-1993,31,Serie A,110556,Genoa,Italy,1,65,35,61,63,59,58,61,68,72,69,70,35,65,78,55,69,56,54,69,68,69,71,10,9,10,7,11
257877,J. Adamu,Chukwubuike Junior Adamu,ST,71,24,06-06-2001,19,Bundesliga,25,SC Freiburg,Austria,1,43,72,69,62,70,41,66,79,76,79,69,72,81,74,72,24,73,59,68,22,16,15,7,5,13,15,9
273752,W. Goes,Wouter Goes,CB,77,21,10-06-2004,10,Eredivisie,1906,AZ Alkmaar,Netherlands,1,44,30,75,72,63,72,66,65,61,71,78,44,83,70,82,76,30,44,73,79,78,76,6,9,9,13,7
240226,M. Suleymanov,Magomed-Shapi SuleymanovСулейманов Магомед-Шапи Камильевич,"RM, CAM, RW",69,25,16-12-1999,39,Major League Soccer,696,Sporting Kansas City,Russia,1,69,66,43,66,73,54,70,77,71,82,60,74,53,67,47,23,66,64,58,31,32,34,9,14,11,12,13
254840,S. Pavlović,Strahinja PavlovićСтрахиња Павловић,CB,76,24,24-05-2001,31,Serie A,47,AC Milan,Serbia,1,53,43,76,62,63,59,68,64,74,57,76,56,85,83,83,74,34,31,68,76,74,76,12,14,8,10,13
214923,M. Qasem,Mohammed Qasem Hamza Al Shuraimi Al Nakhliمحمد قاسم,"LB, LM",61,30,19-01-1995,350,Pro League,112391,Al Qadsiah FC,Saudi Arabia,1,61,50,51,54,65,53,60,73,74,72,52,68,71,72,73,55,61,56,61,55,55,57,15,11,7,11,8
237469,N. Tolo,Nouhou Tolo,"LB, CB, LM",71,28,23-06-1997,39,Major League Soccer,111144,Seattle Sounders FC,Cameroon,1,60,28,59,56,58,51,59,84,84,70,67,54,82,83,76,68,51,50,61,65,73,72,11,10,9,11,6
79032,T. Noslin,Tyrese Noslin,"RM, RB, LM, RW",66,22,11-09-2002,10,Eredivisie,100638,Telstar,Curacao,1,65,55,46,61,66,59,66,82,80,74,57,62,69,75,66,61,61,56,49,58,61,62,12,6,13,9,7
231366,P. Lienhart,Philipp Lienhart,CB,79,28,11-07-1996,19,Bundesliga,25,SC Freiburg,Austria,2,41,24,84,74,59,70,69,62,71,63,78,29,85,75,79,80,35,53,75,83,80,74,14,8,11,12,14
277269,Adrián Liso,Adrián Liso Lahoz,"LM, ST, LW",69,20,02-04-2005,53,La Liga,1860,Getafe CF,Spain,1,69,68,48,61,75,54,66,80,80,74,53,72,72,73,75,23,68,61,60,31,29,31,9,6,6,5,5
272422,M. Fernández Benítez,Martín Fernández Benítez,"CAM, CM, LM",67,22,23-06-2003,308,Primeira Liga,1888,Gil Vicente FC,Uruguay,1,66,65,54,68,68,64,70,72,73,64,64,59,57,60,45,46,65,66,62,42,47,44,14,13,12,8,10
245870,H. Hassan,Haissem Hassan,"RM, RW",72,23,08-02-2002,53,La Liga,110827,Real Oviedo,France,1,66,63,40,63,80,54,74,92,90,92,66,66,65,68,59,20,65,61,70,21,31,25,12,10,11,8,14
258728,José Fontán,José Manuel Fontán Mondragón,"CB, LB",70,25,11-02-2000,308,Primeira Liga,112513,FC Arouca,Spain,1,64,44,72,68,59,56,69,64,62,60,63,49,76,73,69,72,41,55,60,68,70,66,11,8,13,13,13
265396,Carlos Martín,Carlos Martín Domínguez,"ST, LM, CAM",70,23,22-04-2002,53,La Liga,240,Atlético Madrid,Spain,1,64,75,63,62,70,49,72,70,78,72,67,74,71,52,67,28,66,58,60,20,25,27,14,9,8,14,12
277752,Guilherme Montóia,Guilherme Manuel Serrão Montóia,"LB, LM",65,21,14-09-2003,308,Primeira Liga,718,Estrela da Amadora,Portugal,1,66,39,52,57,71,61,64,73,71,71,64,60,65,78,60,59,65,64,61,58,61,55,14,12,10,14,12
276485,P. Masini,Patrizio Masini,"CM, CDM",65,24,27-01-2001,31,Serie A,110556,Genoa,Italy,1,50,50,57,69,65,65,66,67,68,64,66,66,59,64,51,60,65,61,65,61,65,65,5,10,10,8,7
238160,M. Demiral,Merih Demiral,CB,78,27,05-03-1998,350,Pro League,112387,Al Ahli SFC,Türkiye,1,31,32,77,64,57,61,63,66,78,63,68,60,86,69,85,77,26,38,74,77,82,78,15,7,13,6,11
251528,Z. Sanusi,Zaidu Sanusi,"LB, LM",72,28,13-06-1997,308,Primeira Liga,236,FC Porto,Nigeria,1,65,29,59,64,60,60,62,82,88,74,68,56,84,62,68,74,62,34,63,72,71,71,13,9,7,9,9
226506,K. Mets,Karol Mets,CB,70,32,16-05-1993,19,Bundesliga,110329,FC St. Pauli,Estonia,1,49,46,65,66,54,66,64,54,74,59,64,58,75,74,84,68,42,47,63,73,69,65,12,15,14,12,6
269796,J. Soler,Julio César Soler Barreto,"LB, LM",68,20,16-02-2005,13,Premier League,1943,AFC Bournemouth,Argentina,1,68,42,59,64,67,55,68,75,75,68,60,57,67,60,55,64,52,52,60,66,67,65,5,6,12,9,9
72180,N. Fortini,Niccolò Fortini,"LM, LB",67,19,13-02-2006,31,Serie A,110374,Fiorentina,Italy,1,72,56,45,65,72,56,70,74,69,68,56,58,62,78,60,56,61,53,51,54,61,62,8,11,12,6,13
237307,H. Wingo,Henry Wingo,"RB, CB, RM",64,29,04-10-1995,39,Major League Soccer,111651,Toronto FC,United States,1,56,38,59,62,56,61,59,75,70,76,55,68,75,68,72,63,50,58,60,64,62,61,8,9,11,8,12
72754,Luis Guilherme,Luis Guilherme Lira dos Santos,"RM, LM, CAM, RW",71,19,09-02-2006,13,Premier League,19,West Ham United,Brazil,1,68,64,55,64,77,62,75,75,76,75,74,66,70,55,66,19,66,64,70,32,33,38,9,7,14,15,11
266041,L. Koleosho,Luca Warrick Daeovie Koleosho,"LM, RM, LW",72,20,15-09-2004,53,La Liga,452,RCD Espanyol,Italy,1,66,64,49,64,75,56,72,92,91,86,66,66,59,67,40,26,66,67,61,29,30,26,14,11,9,13,7
243923,L. Costa,Logan Evans Costa,CB,77,24,01-04-2001,53,La Liga,483,Villarreal CF,Cabo Verde,1,55,38,79,75,68,68,70,59,60,56,74,59,82,75,79,75,28,40,75,77,78,77,6,12,13,7,7
273651,J. Quansah,Jarell Amorin Quansah,CB,75,22,28-01-2003,19,Bundesliga,32,Bayer 04 Leverkusen,England,1,38,26,74,71,69,74,71,66,73,53,71,54,82,64,79,73,36,54,76,75,74,76,9,6,11,9,9
258095,J. Aude,Julián Ezequiel Aude Bernardi,LB,67,22,24-03-2003,39,Major League Soccer,697,LA Galaxy,Argentina,1,60,41,47,70,74,66,72,74,70,77,65,57,61,70,59,64,59,63,70,60,65,66,12,14,7,6,6
260930,K. Sildillia,Kiliann Eric Sildillia,"RB, CB, RM",73,23,16-05-2002,10,Eredivisie,247,PSV,France,1,65,26,73,67,70,57,68,70,69,66,67,35,79,70,71,72,54,60,58,73,76,75,12,9,14,8,12
255140,Pablo Gozálbez,Pablo Gozálbez Gilabert,"CAM, LM, RM, CM",67,24,30-04-2001,308,Primeira Liga,112513,FC Arouca,Spain,1,62,65,55,70,71,65,72,63,54,64,62,67,54,39,45,52,64,66,52,50,43,44,11,10,12,10,5
238759,Alex Pinto,Carlos Alexandre Reis Pinto,"RB, RM",68,26,08-07-1998,308,Primeira Liga,112513,FC Arouca,Portugal,1,66,38,59,60,64,50,68,74,79,60,64,54,77,75,77,68,58,38,64,63,63,62,13,8,10,12,11
257194,Telmo Arcanjo,Telmo Emanuel Gomes Arcanjo,"RM, RW",71,24,21-06-2001,308,Primeira Liga,1887,Vitória SC,Cabo Verde,1,67,59,43,72,72,65,73,75,73,66,70,71,60,71,61,35,74,68,65,40,36,42,7,10,6,15,7
234426,Marcão,Marcos do Nascimento Teixeira,CB,75,29,05-06-1996,53,La Liga,481,Sevilla FC,Brazil,1,35,31,71,72,69,70,70,56,61,59,73,52,79,79,81,73,25,58,71,74,74,73,8,8,8,10,5
256731,J. Krasso,Jean-Philippe Krasso,"ST, CAM",74,27,17-07-1997,16,Ligue 1,111817,Paris FC,Côte d'Ivoire,1,57,75,74,69,74,58,76,65,65,64,73,72,83,69,83,12,77,69,72,16,18,14,6,15,6,12,11
277295,O. Bobb,Oscar Bobb,"RW, LW, RM",72,21,12-07-2003,13,Premier League,10,Manchester City,Norway,1,66,66,48,74,79,72,76,84,74,81,63,66,46,50,34,24,64,72,73,32,34,31,11,12,9,15,8
273750,Gonçalo Nogueira,Gonçalo Teixeira Nogueira,CM,66,21,28-12-2003,308,Primeira Liga,1887,Vitória SC,Portugal,1,50,66,57,69,67,63,69,69,63,59,68,59,66,68,60,61,64,62,54,54,65,61,12,11,14,7,7
246112,N. Djouahra,Näis Djouahra,"LM, RM, LW",69,25,23-11-1999,308,Primeira Liga,112513,FC Arouca,France,1,64,67,38,63,74,62,72,79,74,84,64,65,59,62,59,28,66,62,65,28,31,29,8,9,11,9,6
220821,C. Starfelt,Carl Anders Theodor Starfelt,CB,78,30,01-06-1995,53,La Liga,450,RC Celta,Sweden,1,27,25,77,76,68,66,69,68,78,67,77,52,84,74,80,77,32,56,67,77,79,77,8,15,13,7,8
258507,Obrador,Rafael Obrador Burguera,"LB, LM",69,21,24-02-2004,308,Primeira Liga,234,SL Benfica,Spain,1,64,30,58,65,64,60,60,80,82,64,63,62,73,71,62,64,53,57,58,66,67,68,5,9,8,12,9
74962,Paulo Victor,Paulo Victor de Almeida Barbosa,"LB, LM",67,24,13-04-2001,308,Primeira Liga,1438,Santa Clara,Brazil,1,68,35,24,65,68,63,69,75,74,74,66,50,52,77,58,64,63,62,57,56,67,64,12,7,6,14,12
70651,Kaio César,Kaio César Andrade Lima,"RM, RW",73,21,15-02-2004,350,Pro League,605,Al Hilal,Brazil,1,70,65,30,67,80,57,78,88,85,92,68,54,48,64,32,31,65,68,69,39,29,38,10,12,8,14,7
236038,K. Duncan,Kyle Barri Duncan,"RB, LB, RM",67,27,08-08-1997,39,Major League Soccer,689,New York Red Bulls,United States,1,64,43,63,53,68,50,66,82,84,80,52,52,78,79,66,63,54,40,52,60,66,62,15,14,9,13,5
263182,Z. Al Johani,Ziyad Mubarak Al Johani,"CDM, CM, CAM",67,23,11-11-2001,350,Pro League,112387,Al Ahli SFC,Saudi Arabia,1,60,54,51,71,65,67,67,66,68,62,68,51,60,70,58,65,58,61,62,62,67,63,12,11,9,11,13
228627,A. Al Obaid,Abdulrahman Ahmed Al Obaidعبدالرحمن العبيد,"LB, LM",59,32,30-04-1993,350,Pro League,113217,Damac FC,Saudi Arabia,1,64,51,52,60,61,60,61,70,66,71,53,66,69,56,59,54,54,56,52,52,54,55,12,12,8,12,8
225087,F. Al Sagour,Fawaz Khrees Al Sqoorفواز الصقور,"RB, RM",66,29,23-04-1996,350,Pro League,607,Al Ittihad,Saudi Arabia,1,61,49,46,66,60,58,63,92,91,87,57,45,60,92,58,56,73,55,48,54,57,56,7,7,12,11,14
224324,O. Zawada,Oskar Zawada,ST,68,29,01-02-1996,10,Eredivisie,1915,FC Groningen,Poland,1,47,70,72,62,61,51,66,65,64,54,66,69,84,76,82,42,71,60,54,28,37,33,10,7,7,15,6
79704,Robinho,Robson Lucas Oliveira Botelho,"CM, CAM, CDM",66,22,07-08-2002,308,Primeira Liga,718,Estrela da Amadora,Brazil,1,51,60,51,73,66,67,65,67,71,70,65,54,62,74,62,57,67,66,68,47,54,59,15,10,12,10,13
246649,F. Marchwiński,Filip Marchwiński,"CAM, ST, CM",68,23,10-01-2002,31,Serie A,347,Lecce,Poland,1,56,67,68,72,69,65,69,65,69,75,66,66,67,68,57,42,69,66,63,33,38,34,14,10,6,6,9
222587,F. Escobar,Franco Nicolás Escobar,"LB, RB, LM",68,30,21-02-1995,39,Major League Soccer,698,Houston Dynamo,Argentina,1,57,51,65,63,68,60,65,69,72,69,65,51,71,68,66,63,54,53,57,65,69,67,15,9,12,13,7
223137,F. Bonazzoli,Federico Bonazzoli,"ST, CAM",70,28,21-05-1997,31,Serie A,111434,Cremonese,Italy,1,60,72,68,66,70,62,73,68,63,70,68,74,73,62,69,26,73,55,66,21,22,29,8,13,10,8,7
245414,R. Al Otaibi,Radhi Meshal Al Otaibiراضي العتيبي,"RB, LB, RM",67,25,12-06-2000,350,Pro League,112096,Al Ettifaq,Saudi Arabia,1,59,42,47,68,61,62,68,89,87,75,59,49,71,85,66,54,58,57,50,56,62,61,6,10,13,9,11
260546,Urko González,Urko González de Zarate Quirós,"CDM, CB, CM",72,24,20-03-2001,53,La Liga,452,RCD Espanyol,Spain,1,44,40,71,75,66,73,69,52,60,59,70,56,74,60,75,71,55,69,67,72,69,68,10,8,11,6,12
245014,S. Janssen,Simon Janssen,"LB, CDM, CM",64,24,25-09-2000,10,Eredivisie,1971,Excelsior,Netherlands,1,65,44,58,67,64,66,63,72,68,72,58,63,67,72,59,56,57,61,62,56,59,58,6,7,10,7,8
235347,T. Pearce,Tom Mark Pearce,"LB, LM",64,27,12-04-1998,39,Major League Soccer,111139,CF Montréal,England,1,69,46,56,60,57,58,59,62,71,54,60,75,68,64,71,61,58,56,57,61,62,60,9,5,9,8,7
73095,R. Idrissi,Riyad Idrissi,"LB, LM",65,20,13-06-2005,31,Serie A,1842,Cagliari,Italy,1,58,55,53,61,60,50,61,78,79,66,60,59,67,67,59,60,60,52,55,61,61,59,11,5,7,10,13
262344,J. Le Cardinal,Julien Le Cardinal,CB,74,27,03-08-1997,16,Ligue 1,378,Stade Brestois 29,France,1,70,27,70,69,64,61,69,65,76,55,73,32,77,77,76,73,31,61,68,72,78,73,5,14,14,8,14
246237,E. Bullaude,Ezequiel Eduardo Bullaude,"CAM, CM",69,24,26-10-2000,10,Eredivisie,246,Feyenoord,Argentina,1,53,69,65,68,74,61,74,70,71,71,65,74,64,75,67,27,67,68,64,29,33,25,11,6,14,6,6
236524,A. Ahmedhodžić,Anel Ahmedhodžić,CB,74,26,26-03-1999,10,Eredivisie,246,Feyenoord,Bosnia and Herzegovina,1,45,40,73,70,59,64,65,66,77,54,71,57,83,76,81,74,37,60,73,75,74,75,7,10,8,11,9
258468,R. Vita,Rémy Vita,"LB, LM",68,24,01-04-2001,308,Primeira Liga,112516,CD Tondela,Comoros,1,67,44,50,67,67,69,67,76,65,75,65,57,63,82,44,62,64,57,64,59,67,65,11,8,5,8,14
274692,R. Labeau Lascary,Rémy Labeau Lascary,"ST, RM, RW",72,22,03-03-2003,16,Ligue 1,378,Stade Brestois 29,France,1,66,73,70,69,74,45,74,75,77,57,71,69,75,63,62,20,73,68,71,25,23,23,13,11,10,5,9
252386,Kevin Carlos,Kevin Carlos Omoruyi Benjamin,ST,72,24,10-04-2001,16,Ligue 1,72,OGC Nice,Spain,1,37,75,76,62,70,44,78,64,67,67,57,75,89,75,91,20,74,60,55,22,21,26,13,7,14,6,11
272357,Lucas Rosa,Lucas Oliveira Rosa,"RB, LB, RM",71,25,03-04-2000,10,Eredivisie,245,Ajax,Brazil,1,67,38,58,66,66,61,66,76,72,69,64,58,72,81,63,67,50,51,58,64,69,72,6,9,12,6,11
80376,R. Ngumoha,Rio Bass Ray Ngumoha Adigun,"LM, LW",68,16,29-08-2008,13,Premier League,9,Liverpool,England,1,64,65,38,57,71,49,68,92,89,85,62,68,61,62,54,36,64,66,71,32,39,30,11,9,8,9,12
271120,M. Kleijn,Mike Kleijn,"LB, CM, LM",63,20,09-02-2005,10,Eredivisie,100646,Sparta Rotterdam,Netherlands,1,62,40,60,69,63,67,62,71,62,71,63,64,68,58,57,61,59,65,59,64,57,57,8,5,9,12,9
242528,T. Buitink,Thomas Buitink,"ST, CAM, CM",65,25,14-06-2000,10,Eredivisie,1914,PEC Zwolle,Netherlands,1,57,68,56,65,67,60,67,67,45,66,66,67,67,68,66,41,68,59,63,42,33,35,13,9,10,14,12
275858,L. Duijvestijn,Lance Duijvestijn,"CAM, ST, CM",67,26,15-01-1999,10,Eredivisie,100646,Sparta Rotterdam,Netherlands,1,57,67,47,67,71,65,71,67,57,60,63,67,69,77,66,34,63,65,67,45,40,41,7,8,7,15,12
268715,A. Martínez,Adrián Alonso Martínez Batista,"ST, LM, LW",70,26,15-10-1998,39,Major League Soccer,112828,New York City FC,Costa Rica,1,64,78,40,64,70,60,74,81,80,78,70,78,72,65,64,18,76,63,68,29,29,24,13,12,15,11,6
232132,Joaquín,Joaquín Fernández Moreno,"CB, CDM, CM",73,29,31-05-1996,39,Major League Soccer,696,Sporting Kansas City,Spain,1,46,44,73,70,49,64,64,60,66,47,73,56,82,67,84,71,48,65,68,69,71,69,9,12,13,14,14
71178,S. El Mala,Saïd El Mala,"LM, CAM, LW",68,18,26-08-2006,19,Bundesliga,31,1. FC Köln,Germany,1,55,66,39,68,73,59,66,74,75,85,68,68,57,60,59,39,65,66,63,41,37,39,14,13,12,14,9
263180,T. Baribo,Tai Baribo,ST,72,27,15-01-1998,39,Major League Soccer,112134,Philadelphia Union,Israel,1,36,76,68,66,68,42,70,74,72,74,69,74,80,73,76,12,75,61,71,17,31,20,12,11,5,13,6
275046,B. Damiani,Bruno Damiani Píriz,ST,70,23,18-04-2002,39,Major League Soccer,112134,Philadelphia Union,Uruguay,1,48,74,69,60,65,48,67,64,68,65,68,69,79,69,83,40,74,62,66,26,24,18,9,14,12,13,14
234856,H. Mendes,Houboulang Mendes,"RB, RM",69,27,04-05-1998,10,Eredivisie,634,Fortuna Sittard,Guinea-Bissau,1,65,39,70,65,63,60,67,74,77,58,58,52,82,67,77,69,48,50,53,65,69,67,11,10,5,9,10
176048,K. Kamara,Kei Ansu Kamara,ST,66,40,01-09-1984,39,Major League Soccer,113149,FC Cincinnati,Sierra Leone,1,64,61,72,68,65,51,68,59,61,64,69,70,77,49,72,34,67,67,68,44,30,24,11,8,11,6,16
247245,T. Ostrák,Tomáš Ostrák,"RM, CM, CDM, RW",66,25,05-02-2000,39,Major League Soccer,113018,St. Louis CITY SC,Czechia,1,66,55,54,67,73,64,68,64,60,83,62,60,63,66,64,45,54,60,63,50,58,53,6,8,7,13,10
233961,S. Al Najai,Sami Khalil Nasser Al Najeiسامي النجعي,"CAM, RM, LM, CM",63,28,07-02-1997,350,Pro League,112139,Al Nassr,Saudi Arabia,1,61,61,59,62,64,61,72,63,66,68,58,60,66,69,66,55,63,60,63,52,53,56,8,7,8,9,6
260100,F. Oppegård,Fredrik Oppegård,"LB, LM",67,22,07-08-2002,16,Ligue 1,57,AJ Auxerre,Norway,1,65,56,50,64,64,59,62,78,80,76,63,59,67,69,60,63,54,52,50,58,65,63,9,8,9,6,10
230737,T. Lauritsen,Tobias Lauritsen,ST,72,27,30-08-1997,10,Eredivisie,100646,Sparta Rotterdam,Norway,1,46,75,87,62,58,46,67,44,50,51,72,72,86,68,89,37,80,62,67,36,40,36,6,11,7,13,12
197716,T. Bunbury,Teal Alexander Bunbury,"ST, LM, RM, LW",64,35,27-02-1990,39,Major League Soccer,114162,Nashville SC,United States,1,53,64,61,63,64,55,60,66,67,68,55,73,76,55,80,36,65,58,59,41,42,32,16,6,16,7,10
266585,D. Mosquera,Daniel Fernando Mosquera Bonilla,ST,71,25,20-10-1999,31,Serie A,206,Hellas Verona FC,Colombia,1,45,77,73,61,62,55,69,64,73,61,64,73,83,59,82,23,70,48,70,22,23,22,9,8,11,9,11
78172,Kaick,Kaick da Silva Ferreira,CDM,66,19,29-11-2005,39,Major League Soccer,695,FC Dallas,Brazil,1,50,52,51,69,70,68,67,70,64,63,69,56,61,60,59,64,58,65,55,59,64,60,12,9,10,12,11
271197,L. Banda,Lameck Banda,"LM, RM, RW, LW",71,24,29-01-2001,31,Serie A,347,Lecce,Zambia,1,65,65,48,62,82,56,72,88,88,76,70,66,56,56,35,25,70,55,65,22,35,28,8,14,6,14,10
267872,N. Allen,Noah James AllenΝόα Τζέιμς Άλεν,"CB, LB, LM",65,21,28-04-2004,39,Major League Soccer,112893,Inter Miami,Greece,1,64,29,65,63,63,58,66,79,78,69,57,54,77,63,65,64,43,47,45,64,66,63,11,13,9,8,11
235360,R. Ache,Ragnar Prince Friedel Ache,ST,73,26,28-07-1998,19,Bundesliga,31,1. FC Köln,Germany,1,41,74,79,62,70,47,69,81,81,67,68,75,86,70,81,17,72,54,69,31,19,22,6,12,8,12,10
256658,J. Ngankam,Ngankam Jessic Gaïtan Ngankam,ST,69,24,20-07-2000,19,Bundesliga,1824,Eintracht Frankfurt,Germany,1,65,69,60,62,71,50,69,80,80,70,67,74,82,70,78,15,67,60,67,17,36,19,12,8,6,13,11
199577,Sergi Gómez,Sergi Gómez Solà,CB,72,33,28-03-1992,308,Primeira Liga,717,Alverca,Spain,1,45,42,72,67,53,67,64,56,67,53,72,58,77,58,76,72,50,63,68,72,72,73,15,16,11,11,7
74409,A. Darelas,Argyris DarelasΑργύρης Δαρέλας,"CM, LM, CB, CDM",60,21,16-10-2003,10,Eredivisie,1910,NEC Nijmegen,Greece,1,59,56,64,64,65,57,66,66,69,59,60,69,73,51,71,50,58,64,55,54,55,57,10,14,6,10,10
264488,José Gomes,José Manuel Mendes Gomes,"LB, LM",68,28,20-07-1996,308,Primeira Liga,1891,CD Nacional,Portugal,1,64,48,67,60,65,59,67,69,72,61,67,61,71,81,63,60,58,41,48,63,66,64,7,13,9,11,9
258139,Raúl Moro,Raúl Moro Prescoli,"LW, RW, LM",76,22,05-12-2002,10,Eredivisie,245,Ajax,Spain,1,73,69,31,72,83,68,80,83,83,86,71,69,54,56,47,23,74,74,68,30,26,22,7,14,11,6,9
74436,M. Abu Al Shamat,Mohammed Waheeb Saeed Abu Al Shamatمحمد ابو الشامات اهلاوي,"RB, RM",67,22,11-08-2002,350,Pro League,112391,Al Qadsiah FC,Saudi Arabia,1,67,44,43,67,69,56,68,77,73,80,63,45,56,73,52,61,61,55,63,57,64,61,6,9,14,9,14
210389,B. Smith,Bradley Shaun Smith,"LM, LB, LW",64,31,09-04-1994,39,Major League Soccer,113149,FC Cincinnati,Australia,1,63,50,50,65,63,60,59,78,80,75,61,52,68,57,63,60,61,59,61,64,62,61,14,12,15,13,8
242663,S. Bornauw,Sebastiaan Bornauw,CB,74,26,22-03-1999,13,Premier League,8,Leeds United,Belgium,1,57,44,85,64,52,71,58,66,71,48,70,61,89,53,81,70,48,51,67,74,72,73,6,7,7,11,15
274699,S. Tzimas,Stefanos TzimasΣτέφανος Τζίμας,ST,72,19,06-01-2006,13,Premier League,1808,Brighton & Hove Albion,Greece,1,34,72,71,65,69,51,71,79,74,69,67,72,86,69,76,28,76,49,68,25,27,26,13,7,5,10,9
266299,F. Magri,Frank Mario Magri,ST,72,25,04-09-1999,16,Ligue 1,1809,Toulouse FC,Cameroon,1,52,74,68,70,73,46,75,78,77,73,65,73,78,72,69,14,70,58,66,15,19,16,15,6,14,10,8
242302,B. Servania,Brandon Iván Servania,"CDM, CM",64,26,12-03-1999,39,Major League Soccer,688,DC United,United States,1,55,46,54,65,64,60,66,67,65,66,62,60,64,73,64,59,49,60,61,63,64,58,6,15,9,8,13
272515,A. Mendy,Antoine Mendy,"CB, RB, RM",70,21,27-05-2004,16,Ligue 1,72,OGC Nice,Senegal,1,56,32,67,68,61,50,64,63,65,64,67,52,73,69,72,70,58,38,67,71,73,70,15,8,9,11,14
73355,B. Önal,Başar Önal,"LM, RM, LW",68,20,06-07-2004,10,Eredivisie,1910,NEC Nijmegen,Türkiye,1,63,62,51,63,70,46,71,79,82,76,63,68,63,77,53,18,63,63,60,31,30,26,8,13,13,12,8
198811,F. Jensen,Fredrik Oldrup Jensen,"CDM, CB, CM",65,32,18-05-1993,10,Eredivisie,1904,NAC Breda,Norway,1,50,46,61,60,57,60,62,47,52,62,63,62,66,77,73,66,50,56,64,65,65,63,12,16,8,14,10
71351,J. Mokio,Jorthy Mokio,"CDM, CM, LB, CB",70,17,29-02-2008,10,Eredivisie,245,Ajax,Belgium,1,58,57,59,73,74,72,73,69,70,64,66,53,72,59,74,68,24,68,72,70,73,69,7,13,7,10,9
221658,A. Sharahili,Ahmed Mohammed Sharahiliاحمد شراحيلي,CB,71,31,08-05-1994,350,Pro League,607,Al Ittihad,Saudi Arabia,1,62,31,78,70,58,64,66,71,73,72,68,42,80,73,77,70,34,49,68,67,71,69,6,12,9,14,15
226295,B. Boutobba,Bilal Boutobba,"RM, RW, ST",71,26,29-08-1998,350,Pro League,115892,Al-Najma SC,France,1,68,69,48,73,73,69,74,78,77,87,53,70,51,68,34,16,68,69,63,28,13,12,12,9,14,15,11
70450,F. Benaissa-Yahia,Fahem Benssouna Ali Benaïssa-Yahia,"LB, LM",65,23,29-04-2002,308,Primeira Liga,114510,Casa Pia,France,1,59,52,51,63,65,61,67,68,66,60,61,69,63,64,65,64,49,58,57,62,66,62,10,12,6,12,5
230713,A. Al Malki,Abdulelah Saad Hamid Al Wahbi Al Malkiعبدالإله المالكي,"CDM, CM",65,30,11-10-1994,350,Pro League,605,Al Hilal,Saudi Arabia,1,56,54,56,67,64,66,62,55,58,58,61,60,61,61,61,64,57,60,55,61,63,68,12,8,12,12,6
261182,J. Malatini,Julián Malatini,"CB, RB",69,24,31-05-2001,19,Bundesliga,38,SV Werder Bremen,Argentina,1,57,36,67,64,60,59,67,68,74,67,68,30,76,72,75,72,62,50,64,64,67,71,13,13,14,11,13
259465,I. Jensen,Isak Steiner Jensen,"LM, LW",70,21,23-12-2003,10,Eredivisie,1906,AZ Alkmaar,Denmark,1,57,63,42,66,75,60,70,81,80,61,66,62,74,75,84,28,66,66,64,35,38,32,7,14,9,12,12
250822,B. Fadiga,Bandiougou Fadiga,"CM, CAM, CDM",63,24,15-01-2001,16,Ligue 1,217,FC Lorient,France,1,52,50,48,63,69,62,68,68,65,84,63,56,44,66,38,61,58,62,66,53,63,51,12,14,14,15,15
229327,Hélder Tavares,Hélder Luís Lopes Vieira Tavares,"CDM, CM",65,35,26-12-1989,308,Primeira Liga,112516,CD Tondela,Cabo Verde,1,51,51,59,64,59,60,63,54,52,63,61,66,64,73,69,63,59,59,61,60,64,62,12,6,8,8,14
251961,R. Philippe,Rayan Philippe,"ST, CAM",72,24,23-10-2000,19,Bundesliga,28,Hamburger SV,France,1,53,71,62,65,75,43,72,88,92,74,72,74,79,84,67,20,72,59,68,15,17,22,9,13,6,11,6
244601,S. van Hooijdonk,Sydney van Hooijdonk,ST,68,25,06-02-2000,10,Eredivisie,1904,NAC Breda,Netherlands,1,50,67,67,62,66,47,65,69,68,63,67,72,76,68,74,17,72,56,59,27,22,17,6,11,15,10,6
274834,M. Rots,Mats Rots,LB,68,19,11-03-2006,10,Eredivisie,1908,FC Twente,Netherlands,1,71,47,59,60,66,44,66,85,76,68,62,43,75,67,61,64,51,45,53,58,64,64,6,11,13,14,7
242863,A. Al Hassan,Ali Sadiq Nasser Al Hassanعلي الحسن,"CDM, CM",66,28,04-03-1997,350,Pro League,112139,Al Nassr,Saudi Arabia,1,46,57,54,68,64,65,67,69,67,63,59,51,65,71,67,62,60,63,60,57,65,64,14,12,11,9,11
79039,N. Bukala,Nordin Bukala,"CM, CDM",64,19,18-09-2005,10,Eredivisie,645,FC Volendam,Netherlands,1,53,63,48,70,59,64,65,71,70,65,63,53,60,70,57,59,65,63,65,59,61,57,15,9,7,15,6
277971,Pedro Lima,Pedro Lima Barros,"CM, CAM, CDM",66,22,27-03-2003,308,Primeira Liga,131463,AVS Futebol SAD,Brazil,1,55,51,55,75,66,71,72,66,62,71,53,57,65,58,64,42,65,70,69,52,64,62,11,8,9,5,12
252897,C. Ramsay,Calvin William Ramsay,"RB, RM",65,21,31-07-2003,13,Premier League,9,Liverpool,Scotland,1,66,39,51,62,62,59,65,74,78,71,63,63,66,71,61,58,57,60,60,57,61,59,13,8,9,9,8
261359,Ž. Kolmanič,Žan Kolmanič,"LB, LM",64,25,03-03-2000,39,Major League Soccer,114161,Austin FC,Slovenia,1,71,43,46,69,62,63,65,64,68,60,63,70,59,72,64,54,58,64,60,58,61,56,7,14,8,14,10
271108,T. Oluwaseyi,Tanitoluwa Oluwatimikhin Oluwaseyi,ST,70,25,15-05-2000,53,La Liga,483,Villarreal CF,Canada,1,38,73,73,65,64,44,66,82,88,74,63,73,84,62,69,23,70,61,63,27,29,26,7,13,11,8,11
268330,A. Ojeda,Axel Agustín Ojeda,"LM, LW, RM",70,21,19-06-2004,39,Major League Soccer,112828,New York City FC,Argentina,1,62,54,43,65,75,62,71,92,85,86,62,61,55,55,42,35,68,65,65,38,46,43,12,6,11,12,7
253276,R. Abascal,Rodrigo Abascal Barros,CB,71,31,14-01-1994,308,Primeira Liga,1887,Vitória SC,Uruguay,1,48,39,69,65,55,71,62,56,68,56,65,51,76,71,81,66,44,40,58,73,74,70,12,11,10,7,13
274569,T. Avilés,Tomás Agustín Avilés,"CB, CDM",69,21,03-02-2004,39,Major League Soccer,112893,Inter Miami,Argentina,1,51,41,71,70,55,69,61,58,61,57,61,57,74,62,70,71,50,56,59,63,70,68,7,13,13,8,11
79043,T. Owusu,Tyrone Owusu,"CM, CDM",62,26,05-03-1999,10,Eredivisie,100638,Telstar,Netherlands,1,51,46,61,65,63,68,69,71,70,64,59,59,72,68,66,61,38,59,55,63,60,57,6,13,11,13,8
258271,Miguel Baeza,Miguel Baeza Pérez,"CM, RM",67,25,27-03-2000,308,Primeira Liga,1891,CD Nacional,Spain,1,70,66,43,72,69,73,71,63,65,67,65,62,46,59,48,40,66,68,65,41,54,50,7,8,6,14,13
276976,Javi Hernández,Francisco Javier Hernández Coarasa,"RM, CM, RW",68,21,30-01-2004,53,La Liga,452,RCD Espanyol,Spain,1,66,62,48,68,67,64,69,75,73,79,65,61,55,58,47,36,65,67,63,33,40,31,14,14,11,15,8
236555,Guilherme Schettine,Guilherme Schettine Guimarães,ST,71,29,10-10-1995,308,Primeira Liga,1900,Moreirense FC,Brazil,1,50,75,72,67,66,49,71,62,63,67,69,76,75,66,69,19,74,58,65,22,16,22,9,12,12,8,7
235855,J. Asoro,Joel Joshoghene Asoro,"RM, ST, RB",67,26,27-04-1999,16,Ligue 1,68,FC Metz,Sweden,1,58,66,59,56,65,48,63,88,89,82,65,69,79,77,69,18,67,60,60,15,17,20,8,11,12,11,11
229011,K. N'Doram,Kévin N'Doram,"CDM, CM",65,29,22-01-1996,350,Pro League,131735,Al Kholood,France,1,50,40,64,63,60,60,62,64,60,66,60,57,76,71,78,61,60,61,65,62,67,64,11,12,14,9,12
243904,I. Pherai,Immanuël-Johannes Pherai,"CAM, CM",69,24,25-04-2001,19,Bundesliga,28,Hamburger SV,Suriname,1,57,61,42,69,71,65,70,78,84,89,69,51,56,61,50,51,66,70,65,36,29,38,11,10,13,7,9
79323,Deivison,Deivison Souza Brito,CM,60,19,04-05-2006,308,Primeira Liga,1891,CD Nacional,Brazil,1,53,48,58,62,60,60,62,72,77,71,61,66,69,64,61,54,55,58,60,56,64,51,14,10,10,11,11
269562,S. Ltaief,Sayfallah Ltaief,"LM, LW",68,25,22-04-2000,10,Eredivisie,100646,Sparta Rotterdam,Tunisia,1,63,62,41,62,72,55,71,83,85,81,54,62,63,74,61,24,61,65,60,29,35,40,7,7,15,10,14
234515,J. Lefort,Jordan Lefort,CB,73,31,09-08-1993,16,Ligue 1,1530,Angers SCO,France,1,64,22,70,73,63,68,70,62,65,56,75,25,76,78,76,74,62,63,68,73,74,74,14,6,12,12,10
255015,M. Rivera,Maxence Rivera,"LM, LW",67,23,30-05-2002,10,Eredivisie,1913,SC Heerenveen,France,1,62,65,45,60,68,58,65,82,76,90,60,65,61,67,52,38,70,67,66,34,39,29,8,6,15,12,6
246832,V. Bayo,Vakoun Issouf Bayo,ST,69,28,10-01-1997,31,Serie A,55,Udinese,Côte d'Ivoire,1,55,70,68,61,67,43,68,76,76,69,66,71,85,65,82,21,67,48,63,19,19,25,13,10,12,12,12
212790,J. Thiaré,Jamal Thiaré,ST,68,32,31-03-1993,39,Major League Soccer,112885,Atlanta United,Senegal,1,52,67,60,62,66,50,67,86,87,90,63,68,85,84,77,12,68,56,66,20,22,19,7,14,6,8,9
229277,J. Föhrenbach,Jonas Föhrenbach,"LB, LM",71,29,26-01-1996,19,Bundesliga,111235,1. FC Heidenheim 1846,Germany,1,70,29,67,65,64,55,63,66,75,56,64,61,75,75,75,68,53,50,65,68,70,71,10,11,7,13,7
263637,L. Hartjes,Lennard Hartjes,"CM, CDM",64,22,07-04-2003,10,Eredivisie,1971,Excelsior,Netherlands,1,55,42,60,67,66,66,70,74,68,75,63,51,68,66,55,61,56,67,57,55,55,58,6,7,10,6,13
279557,M. Nagida,Mahamadou Aboubakar Nagida,"LB, LM",66,20,28-06-2005,16,Ligue 1,74,Stade Rennais FC,Cameroon,1,61,38,48,63,67,49,66,75,78,78,64,61,57,62,51,61,56,51,52,59,67,66,15,13,13,8,12
73485,A. Touré,Alpha Amadou Touré,"CDM, CM",63,19,25-01-2006,16,Ligue 1,68,FC Metz,Senegal,1,40,50,48,67,61,63,66,73,59,69,54,55,60,56,56,59,46,60,56,58,64,65,10,11,14,14,6
251677,Benny,Bernardo Sousa Pereira Brites Martins,"LM, CAM, LB",69,27,04-12-1997,308,Primeira Liga,1900,Moreirense FC,Portugal,1,65,58,35,70,69,71,71,74,73,72,64,69,58,59,62,25,70,72,65,38,29,25,13,5,11,6,14
77152,S. Steur,Sean Steur,"CM, CDM",64,17,11-01-2008,10,Eredivisie,245,Ajax,Netherlands,1,60,51,46,67,71,64,70,70,73,77,65,55,54,50,53,50,62,72,70,49,51,49,13,13,5,10,12
213374,Aderllan Santos,Aderllan Leandro de Jesus Santos,CB,72,36,09-04-1989,308,Primeira Liga,131463,AVS Futebol SAD,Brazil,1,43,38,76,61,56,59,58,42,62,48,68,74,76,68,79,73,27,41,77,74,72,70,10,13,13,8,12
270531,O. Diomande,Ousmane Diomande,CB,80,21,04-12-2003,308,Primeira Liga,237,Sporting CP,Côte d'Ivoire,3,28,20,79,71,71,73,69,78,82,63,73,40,93,80,90,76,24,38,74,79,82,76,8,6,15,6,6
240117,M. Haile-Selassie,Maren Haile-Selassie,"RM, LM, ST, RW",66,26,13-03-1999,39,Major League Soccer,693,Chicago Fire,Switzerland,1,60,62,56,62,66,61,65,82,82,89,61,62,74,70,62,39,63,56,60,45,38,35,7,12,13,7,7
77103,O. Mamageishvili,Otar Mamageishviliოთარ მამაგეიშვილი,CM,64,22,15-01-2003,308,Primeira Liga,112809,Famalicão,Georgia,1,55,61,55,71,66,70,68,61,62,60,64,68,63,58,61,38,61,63,65,44,57,58,10,9,9,13,9
70448,A. Aznou,Adam Aznou Ben Cheikhآدم أزنو,LB,66,19,02-06-2006,13,Premier League,7,Everton,Morocco,1,69,48,41,64,76,60,72,78,81,71,58,58,52,57,47,62,61,60,55,60,62,61,15,11,12,11,14
248168,D. Thorhallsson,Dagur Dan ThórhallssonDagur Dan Þórhallsson,"RB, CM, RM",65,25,02-05-2000,39,Major League Soccer,112606,Orlando City SC,Iceland,1,59,52,50,66,70,60,67,71,70,71,70,53,59,65,52,54,61,61,58,61,63,60,6,8,12,10,12
277935,F. Sylla,Fodé Sanassy Sylla,"CM, CDM",65,19,16-04-2006,16,Ligue 1,64,RC Lens,France,1,54,56,60,68,63,65,66,53,65,58,64,61,65,62,70,63,63,65,64,56,65,60,11,11,12,15,6
277943,N. Fichtinger,Nick Fichtinger,"CDM, CM",65,21,06-04-2004,10,Eredivisie,1914,PEC Zwolle,Netherlands,1,47,40,52,66,59,62,63,65,56,67,66,64,61,75,60,64,54,59,64,61,70,59,14,10,13,6,11
79629,Jair Cunha,Jair Paula da Cunha Filho,CB,74,20,07-03-2005,13,Premier League,14,Nottingham Forest,Brazil,1,51,31,75,69,57,63,64,64,69,44,72,58,85,70,86,72,37,54,66,73,74,74,11,7,10,7,10
239890,O. Kabak,Ozan Muhammed Kabak,CB,75,25,25-03-2000,19,Bundesliga,10029,TSG 1899 Hoffenheim,Türkiye,2,26,35,76,75,64,74,70,52,67,65,65,48,88,65,82,68,30,65,67,70,78,80,10,13,10,6,5
255772,R. Raposo,Ryan Raposo,"RM, LM, LB, RW",65,26,05-03-1999,39,Major League Soccer,112996,Los Angeles FC,Canada,1,66,61,37,65,67,58,66,72,65,75,55,55,48,64,48,69,61,60,60,58,60,40,7,5,9,10,10
246826,T. Watanabe,Tsuyoshi Watanabe渡辺 剛,CB,75,28,05-02-1997,10,Eredivisie,246,Feyenoord,Japan,1,25,33,74,66,53,68,66,76,76,64,72,52,88,74,82,75,31,47,65,77,76,75,10,14,7,15,12
260421,I. Parente,Isaiah Parente,"CM, CDM",63,25,16-03-2000,39,Major League Soccer,697,LA Galaxy,United States,1,52,51,52,68,66,64,68,63,50,68,60,60,54,53,50,64,58,65,62,60,64,59,14,15,11,7,12
236369,C. Zesiger,Cédric Zesiger,CB,76,27,24-06-1998,19,Bundesliga,100409,FC Augsburg,Switzerland,1,42,37,76,69,60,69,65,56,74,49,75,64,85,72,90,74,47,54,69,75,75,69,5,14,12,10,5
74322,Boris Enow,Boris Enow Takang,"CM, CDM",63,25,30-03-2000,39,Major League Soccer,688,DC United,Cameroon,1,49,53,50,65,62,64,67,65,68,67,60,61,62,69,65,60,60,63,60,61,60,57,6,14,8,13,9
211362,A. Dźwigała,Adam Dźwigała,"CB, RB",68,29,25-09-1995,19,Bundesliga,110329,FC St. Pauli,Poland,1,41,34,67,67,47,56,64,66,69,61,62,56,75,70,75,68,48,46,58,61,69,68,8,6,15,14,13
254685,N. Boushal,Nawaf Al Boushalنواف مشاري البوشل,"LB, RB, LM",67,25,16-09-1999,350,Pro League,112139,Al Nassr,Saudi Arabia,1,58,35,42,53,65,48,59,80,83,80,53,40,72,84,68,65,54,46,56,58,69,68,12,12,12,9,7
258786,Zé Carlos,José Carlos Teixeira Lopes dos Reis Gonçalves,"RB, RM",70,26,31-07-1998,308,Primeira Liga,1888,Gil Vicente FC,Portugal,1,58,31,47,63,67,56,70,78,76,64,68,64,63,80,57,71,66,56,68,69,69,64,12,11,6,12,12
251891,Lucas Soares,Lucas Soares de Almeida,"RB, RM",69,27,04-05-1998,308,Primeira Liga,1438,Santa Clara,Brazil,1,64,29,38,64,68,57,67,80,82,73,66,40,59,71,57,64,55,55,60,65,68,66,12,15,8,5,10
229881,A. Lassiter,Ariel Daniel Lassiter Acuña,"LM, RM, ST, LB",66,30,27-09-1994,39,Major League Soccer,111140,Portland Timbers,Costa Rica,1,60,64,56,62,66,45,65,81,81,74,60,71,71,74,59,30,65,59,60,34,45,27,8,13,9,7,15
242214,J. Sands,James Hoban Sands,"CDM, CM, CB",71,24,06-07-2000,19,Bundesliga,110329,FC St. Pauli,United States,1,46,55,67,72,65,69,71,48,49,58,72,53,74,74,70,71,49,64,60,68,69,68,10,7,7,12,5
275549,A. Al Khaibari,Abdulelah Muhammad Al Khaibariعبدالإله محمد الخيبري,"LB, LM",66,28,22-05-1997,350,Pro League,112387,Al Ahli SFC,Saudi Arabia,1,60,44,45,61,60,57,61,76,75,69,61,62,64,83,62,58,55,54,55,62,62,62,6,6,7,12,8
252512,A. Rouault,Anthony Rouault,CB,76,24,29-05-2001,16,Ligue 1,74,Stade Rennais FC,France,1,47,25,77,78,51,74,69,61,58,60,77,45,80,73,74,74,35,48,75,78,78,74,6,15,13,14,8
253416,Raúl García,Raúl García de Haro,ST,73,24,03-11-2000,53,La Liga,479,CA Osasuna,Spain,1,32,75,79,75,74,64,74,61,70,58,68,75,81,61,74,15,73,66,65,19,17,28,12,15,13,6,6
79607,Rafael Luís,Rafael Filipe Gonçalves Soares Luís,"CDM, CM",67,20,18-02-2005,16,Ligue 1,76,RC Strasbourg Alsace,Portugal,1,58,42,56,70,69,68,70,61,58,60,64,67,68,65,71,63,48,67,60,58,65,63,11,7,12,6,10
243235,O. Mbaizo,Olivier Mbaissidara Mbaizo,"RB, RM",68,27,15-08-1997,39,Major League Soccer,112134,Philadelphia Union,Cameroon,1,67,31,58,67,72,59,68,82,79,77,59,39,74,73,61,61,49,39,50,60,67,64,11,13,9,9,11
256899,L. Colombo,Lorenzo Colombo,ST,73,23,08-03-2002,31,Serie A,110556,Genoa,Italy,1,41,76,74,61,71,42,73,64,71,65,69,81,76,66,69,18,78,54,69,23,30,20,9,6,7,6,9
220306,A. Ceesay,Assan Torrez Ceesay,ST,66,31,17-03-1994,350,Pro League,113217,Damac FC,Gambia,1,53,66,66,60,61,51,58,84,74,73,60,68,81,65,69,17,66,54,66,37,30,28,7,8,8,14,13
232873,K. Machida,Koki Machida町田 浩樹,CB,76,27,25-08-1997,19,Bundesliga,10029,TSG 1899 Hoffenheim,Japan,1,47,34,76,73,48,67,68,72,83,53,73,63,90,77,88,74,40,60,62,75,75,71,7,7,11,14,7
259066,F. Boyomo,Flavien Enzo Thiedort Boyomo,"CB, RB",78,23,07-10-2001,53,La Liga,479,CA Osasuna,Cameroon,1,34,35,76,70,31,60,70,72,75,61,70,52,88,80,83,77,29,43,63,79,80,78,10,11,13,14,8
260105,R. Drăgușin,Radu Matei Drăgușin,CB,75,23,03-02-2002,13,Premier League,18,Tottenham Hotspur,Romania,1,36,27,75,69,65,60,65,65,69,63,73,56,81,67,78,76,25,48,68,74,76,75,10,11,14,12,6
210964,F. Ceccherini,Federico Ceccherini,CB,72,33,11-05-1992,31,Serie A,111434,Cremonese,Italy,1,54,41,68,64,58,58,62,63,62,64,68,70,74,61,73,74,41,51,67,74,73,72,8,13,11,10,9
277301,Gabriel Pirani,Gabriel Cordeiro Pirani,"CAM, CM, LM, ST",68,23,12-04-2002,39,Major League Soccer,688,DC United,Brazil,1,66,64,47,72,70,69,72,79,68,72,60,59,63,52,56,27,63,70,61,39,44,38,15,12,13,14,6
272785,C. Mawissa,Christian Mawissa Elebi,"CB, LB, LM",75,20,18-04-2005,16,Ligue 1,69,AS Monaco,France,1,53,28,73,71,63,56,68,73,84,57,73,45,84,69,76,75,40,48,69,72,77,75,11,6,8,13,13
237255,M. Robinson,Miles Gordon Robinson,CB,73,28,14-03-1997,39,Major League Soccer,113149,FC Cincinnati,United States,1,26,29,69,75,66,62,68,83,81,74,74,49,86,78,80,68,52,58,69,74,73,70,13,7,9,5,5
245240,Kikas,João Diogo Alves Rodrigues,"ST, RW, LW, RM",71,26,17-09-1998,308,Primeira Liga,718,Estrela da Amadora,Portugal,1,40,71,63,60,65,52,69,82,78,75,73,75,78,81,66,35,80,64,74,19,18,17,8,7,6,5,6
247040,O. Lebedenko,Orest LebedenkoЛебеденко Орест Зіновійович,"LB, LM",69,26,23-09-1998,308,Primeira Liga,1887,Vitória SC,Ukraine,1,68,44,64,68,58,62,58,74,69,60,59,42,66,76,51,61,52,62,54,60,72,70,11,12,11,10,5
266797,G. Álvarez,Pedro Gastón Álvarez Sosa,"CB, LB, LM",75,25,24-03-2000,350,Pro League,112391,Al Qadsiah FC,Uruguay,1,72,21,70,68,65,55,68,70,80,59,72,42,79,66,79,77,28,40,61,79,74,73,10,11,12,8,12
75248,N. Fenyő,Fenyő Noah Gabriel,"CDM, CB, CM",61,19,30-01-2006,19,Bundesliga,1824,Eintracht Frankfurt,Hungary,1,47,54,54,70,61,67,64,64,64,58,56,69,62,66,62,49,58,59,60,52,60,55,13,11,12,12,12
264450,A. Marcus,Abraham Ayomide Marcus,"RM, RW, CM",65,25,02-01-2000,308,Primeira Liga,718,Estrela da Amadora,Nigeria,1,60,65,64,64,66,52,63,75,75,74,55,70,75,68,69,24,63,58,65,33,27,31,14,12,7,5,15
270355,L. Doucet,Lohann Doucet,"CDM, CM",68,22,14-09-2002,16,Ligue 1,111817,Paris FC,France,1,52,49,41,70,64,67,70,62,60,59,66,52,55,69,66,65,61,68,65,61,68,65,11,9,12,13,7
253474,N. Tauer,Niklas Tauer,"CDM, CM, CB",66,24,17-02-2001,19,Bundesliga,169,1. FSV Mainz 05,Germany,1,50,43,65,67,62,65,66,68,65,68,64,60,72,67,70,68,42,46,53,65,65,68,12,6,11,9,11
247649,J. Branthwaite,Jarrad Paul Branthwaite,CB,79,23,27-06-2002,13,Premier League,7,Everton,England,1,34,35,80,78,57,69,69,65,75,34,79,59,78,72,82,78,43,52,76,81,81,82,10,9,11,12,10
211561,Cassiano,Cassiano Dias Moreira,ST,72,36,16-06-1989,308,Primeira Liga,114510,Casa Pia,Brazil,1,52,72,80,64,65,46,70,64,66,63,69,75,80,63,85,18,73,47,70,16,26,25,13,7,8,10,11
223370,M. Engels,Mario Engels,"LW, ST, LM",66,31,22-10-1993,10,Eredivisie,100634,Heracles Almelo,Germany,1,59,67,54,62,64,50,65,81,89,72,63,69,60,66,57,23,66,57,69,30,19,20,8,13,6,14,8
267681,N. Valentini,Nicolás Valentini,CB,73,24,06-04-2001,31,Serie A,206,Hellas Verona FC,Argentina,1,47,28,69,69,60,62,64,72,72,62,72,44,85,77,72,74,21,60,70,75,75,75,13,5,15,10,11
242092,R. Alm,Rasmus Alm,"RM, RW, LW",67,29,17-08-1995,39,Major League Soccer,113018,St. Louis CITY SC,Sweden,1,64,63,36,64,68,62,68,81,81,77,57,63,61,66,60,37,61,61,62,40,39,36,15,12,13,6,7
202170,M. Boxall,Michael Joseph Boxall,CB,70,36,18-08-1988,39,Major League Soccer,111138,Minnesota United FC,New Zealand,1,58,36,68,65,57,68,60,40,62,47,64,61,74,67,91,67,59,52,60,70,71,67,13,9,14,7,8
80861,F. Cham,Fallou Cham,"RB, RM",66,19,14-02-2006,31,Serie A,206,Hellas Verona FC,Gambia,1,59,40,55,58,63,50,61,72,78,65,59,47,74,54,75,64,56,45,56,60,71,72,6,7,7,8,15
175851,Tomané,António Manuel Fernandes Mendes,ST,69,32,23-10-1992,308,Primeira Liga,131463,AVS Futebol SAD,Portugal,1,59,69,72,63,62,40,64,62,62,62,66,80,83,72,83,22,69,46,67,35,18,17,4,4,4,4,4
278339,M. Palestra,Marco Palestra,"RM, RB",65,20,03-03-2005,31,Serie A,1842,Cagliari,Italy,1,59,61,56,69,65,62,68,67,66,56,65,60,65,51,60,62,65,59,61,59,65,61,7,9,10,8,10
278854,A. Kabar,Almugera Raouf Mohammed Kabar,"LB, LM",64,19,06-06-2006,19,Bundesliga,22,Borussia Dortmund,Germany,1,66,39,56,64,63,60,61,77,77,76,58,50,77,60,75,58,54,49,53,56,60,59,10,7,10,8,7
74117,T. Bakoulas,Theofanis BakoulasΘεοφάνης Μπακούλας,"CDM, CM",64,20,04-01-2005,308,Primeira Liga,744,Rio Ave FC,Greece,1,35,55,58,66,58,61,66,67,65,62,62,63,67,72,65,62,62,59,63,56,60,61,13,8,7,11,6
72098,D. Bakola,Darryl Bakola,"CAM, CM",63,17,30-11-2007,16,Ligue 1,219,Olympique de Marseille,France,1,58,53,55,62,68,65,70,67,61,72,55,62,70,55,73,54,61,58,63,41,60,48,13,6,9,8,6
74431,C. Irié,Cyriaque Kalou Bi Irié,"RM, ST, RW",70,20,20-06-2005,19,Bundesliga,25,SC Freiburg,Burkina Faso,1,62,62,44,66,72,59,69,88,85,72,62,64,74,81,78,25,59,61,65,22,27,24,13,13,9,5,14
259524,Aitor Paredes,Aitor Paredes Casamichana,CB,78,25,29-04-2000,53,La Liga,448,Athletic Club,Spain,1,30,29,76,72,46,64,65,59,76,59,80,55,80,70,77,78,33,40,63,77,83,78,14,7,12,12,14
263112,M. Senaya,Marvin Senaya,"RB, RM",69,24,28-01-2001,16,Ligue 1,57,AJ Auxerre,France,1,65,48,58,63,66,55,66,70,70,63,68,42,67,72,63,67,50,46,66,65,71,67,9,11,10,7,12
216346,A. Powell,Alvas Elvis Powell,"RB, RM, CB, RW",65,30,18-07-1994,39,Major League Soccer,113149,FC Cincinnati,Jamaica,1,58,37,56,58,64,54,62,91,92,75,58,62,82,72,73,54,60,59,59,52,62,61,8,7,11,8,10
242716,C. Baird,Corey Jacob Baird,"ST, RM, RW",66,29,30-01-1996,39,Major League Soccer,131439,San Diego FC,United States,1,59,66,66,64,63,48,63,76,77,69,64,68,77,66,69,24,65,59,61,34,30,21,5,14,10,8,13
278097,G. Earthy,George Robert Earthy,"CAM, RM, CM",67,20,05-09-2004,13,Premier League,19,West Ham United,England,1,62,64,42,68,67,64,68,70,67,73,66,55,51,64,52,37,65,66,64,46,48,42,14,15,9,9,6
74067,Matheus Dias,Matheus Dos Santos Dias,"CDM, CM, CB",68,23,09-05-2002,308,Primeira Liga,1891,CD Nacional,Brazil,1,48,44,61,68,61,65,68,59,58,58,67,60,70,69,71,67,42,61,54,64,69,62,7,13,11,6,11
259163,M. Hilgers,Mees Victor Joseph Hilgers,CB,72,24,13-05-2001,10,Eredivisie,1908,FC Twente,Indonesia,1,33,42,68,70,57,68,59,74,73,63,70,62,80,66,76,71,35,49,71,70,75,74,9,10,14,12,10
256426,C. Harper,Cameron Harper,"RM, RB, CAM, RW",66,23,19-11-2001,39,Major League Soccer,689,New York Red Bulls,United States,1,58,63,43,55,71,44,68,85,86,72,67,58,62,69,56,36,62,46,57,49,59,53,6,10,6,15,14
74411,M. Dams,Matteo Dams,"LB, CB, LM",68,21,09-03-2004,350,Pro League,112387,Al Ahli SFC,Belgium,1,52,56,63,67,58,63,64,72,75,65,65,47,79,68,77,67,39,49,64,64,66,68,7,6,13,15,10
72893,L. Smans,Levi Smans,"CAM, CM",67,22,25-03-2003,10,Eredivisie,1913,SC Heerenveen,Netherlands,1,56,68,47,68,68,63,69,70,71,73,64,60,52,83,48,44,68,63,68,42,42,41,8,14,5,11,6
252864,Bermejo,Sergio Bermejo Lillo,"RM, CAM, RW",68,27,17-08-1997,308,Primeira Liga,1888,Gil Vicente FC,Spain,1,64,58,38,67,73,64,67,77,78,90,67,57,57,60,56,46,59,66,65,38,45,35,9,12,11,12,11
269003,A. Sylla,Abakar Loubadhe Sylla,CB,72,22,25-12-2002,16,Ligue 1,76,RC Strasbourg Alsace,Côte d'Ivoire,1,40,19,75,69,67,63,68,65,68,70,69,58,82,71,78,69,34,51,72,68,73,72,14,7,15,10,9
211152,M. Al Olayan,Madallah Ali Al Olayanمدالله العليان,"LB, RB, LM",63,30,25-08-1994,350,Pro League,112096,Al Ettifaq,Saudi Arabia,1,59,41,54,62,58,59,60,67,68,68,61,53,64,75,67,58,53,58,60,58,61,58,9,16,14,8,12
247509,E. Cerrillo,Edwin Javier Cerrillo,"CDM, CM, CB",68,24,03-10-2000,39,Major League Soccer,697,LA Galaxy,United States,1,44,36,52,72,64,65,65,67,59,62,66,58,65,74,68,64,55,54,66,64,68,66,15,12,11,9,8
72426,Javi Rueda,Javier Rueda García,"RB, RM",68,23,08-05-2002,53,La Liga,450,RC Celta,Spain,1,67,27,49,64,66,51,69,77,77,76,66,55,61,69,54,64,55,57,66,67,64,62,5,13,11,10,8
228883,B. Gimber,Benedikt Steffen Gimber,"CB, CDM",71,28,19-02-1997,19,Bundesliga,111235,1. FC Heidenheim 1846,Germany,1,47,44,70,69,51,67,60,65,57,65,64,62,78,74,78,69,39,61,64,72,71,68,7,16,15,7,13
247322,T. Schmitt,Tate Schmitt,"LB, LM",61,28,28-05-1997,39,Major League Soccer,114162,Nashville SC,United States,1,61,59,54,55,65,36,67,65,71,66,62,69,65,68,70,49,60,55,56,54,57,55,11,10,5,14,7
255010,N. Ünüvar,Naci Ünüvar,"LM, CAM, LW",69,22,13-06-2003,10,Eredivisie,1908,FC Twente,Türkiye,1,67,63,46,71,72,66,76,70,61,77,64,63,46,49,37,25,59,73,67,41,38,42,14,14,11,11,10
238717,E. Pinnock,Ethan Rupert Pinnock,CB,77,32,29-05-1993,13,Premier League,1925,Brentford,Jamaica,1,42,31,77,64,60,65,64,54,65,48,77,52,82,65,85,79,39,58,71,78,78,77,5,9,13,6,8
79295,Kiko,Francisco Teixeira Domingues,"LB, LM",65,23,16-04-2002,308,Primeira Liga,1900,Moreirense FC,Portugal,1,68,55,50,65,64,60,62,81,79,71,57,50,61,58,49,61,66,65,51,59,62,58,8,13,8,13,11
229683,Rodrigo Pinho,Rodrigo Cunha Pereira de Pinho,"ST, RW, RM",70,34,30-05-1991,308,Primeira Liga,718,Estrela da Amadora,Brazil,1,49,76,64,65,70,50,69,62,54,65,67,80,69,68,67,19,70,67,68,18,24,21,11,10,12,11,13
260237,D. Guindo,Daouda Guindo,"LB, LM",67,22,14-10-2002,16,Ligue 1,378,Stade Brestois 29,Mali,1,59,32,53,61,73,50,67,85,84,85,60,48,72,78,61,58,46,51,58,56,65,63,13,14,5,14,10
269719,S. Hidalgo,Santiago Hidalgo Massa,"RW, CAM, RM",69,20,17-02-2005,16,Ligue 1,1809,Toulouse FC,Argentina,1,65,68,56,69,72,66,70,78,76,78,59,67,71,33,60,32,66,62,66,37,27,21,12,13,12,5,9
258753,C. Driouech,Couhaib Driouechصهيب دريوش,"LW, LM",70,23,17-04-2002,10,Eredivisie,247,PSV,Morocco,1,64,63,40,60,74,46,69,91,93,84,68,65,56,77,58,23,68,61,65,22,24,32,9,14,11,6,12
268275,Miguel Sousa,Miguel Ferreira de Sousa,"CAM, CM, RM",67,26,19-09-1998,308,Primeira Liga,114510,Casa Pia,Portugal,1,66,63,45,71,65,65,70,65,64,78,66,62,49,56,46,28,67,67,59,43,44,47,7,11,13,5,12
269823,E. Bajraktarević,Esmir Bajraktarević,"RW, RM",67,20,10-03-2005,10,Eredivisie,247,PSV,Bosnia and Herzegovina,1,51,54,41,68,78,67,73,79,76,84,56,61,60,65,59,41,58,75,70,39,40,39,15,13,5,5,11
256268,A. Broja,Armando Broja,ST,72,23,10-09-2001,13,Premier League,1796,Burnley,Albania,1,47,73,70,62,74,43,72,61,76,64,68,79,76,59,78,20,74,57,70,20,35,20,9,7,15,8,9
70967,Carlos Espí,Carlos Espí Escrihuela,ST,68,19,24-07-2005,53,La Liga,1853,Levante UD,Spain,1,42,67,77,66,64,51,66,65,75,64,64,67,88,70,83,31,68,61,69,33,34,31,9,9,10,11,11
70725,S. Ouaissa,Sami Ouaissa,"RM, CAM, RW",68,20,02-10-2004,10,Eredivisie,1910,NEC Nijmegen,Netherlands,1,63,60,40,61,69,61,69,78,71,73,62,60,61,82,60,40,64,63,64,42,39,40,7,6,11,11,7
69987,R. Paula,Raul Carlos Vasko Caldaroska Paula,"RM, LM, RB",66,21,25-01-2004,10,Eredivisie,1904,NAC Breda,Germany,1,61,63,40,66,66,62,66,72,68,73,60,70,56,72,59,28,61,62,64,38,47,45,10,6,12,10,11
261495,S. Coulibaly,Soumaïla Coulibaly,CB,72,21,14-10-2003,16,Ligue 1,76,RC Strasbourg Alsace,France,1,34,30,71,73,61,72,68,82,87,79,65,56,90,69,81,71,29,38,65,66,71,66,5,14,13,10,11
265600,R. Bardghji,Roony Bardghjiروني بردغجي,"RM, RW",69,19,15-11-2005,53,La Liga,241,FC Barcelona,Sweden,1,61,69,24,64,73,55,72,75,71,87,64,70,48,62,51,23,71,68,69,26,25,24,8,14,13,14,14
273835,L. Raolisoa,Lilian Raolisoa,"RB, RM",70,25,16-06-2000,16,Ligue 1,1530,Angers SCO,France,1,68,42,61,63,73,42,70,70,71,62,65,42,66,61,57,65,58,53,65,68,74,72,9,11,12,14,13
231864,M. van Bergen,Mitchell van Bergen,"RM, LM, RW",69,25,27-08-1999,10,Eredivisie,100646,Sparta Rotterdam,Netherlands,1,62,58,34,64,66,45,69,93,94,87,66,64,49,84,33,23,65,63,66,36,21,23,7,14,13,11,11
263469,M. Kaba,Mohamed Kaba,"CDM, CM",68,23,27-10-2001,31,Serie A,347,Lecce,France,1,36,51,58,69,64,65,68,57,65,57,66,58,68,68,73,67,63,59,56,66,66,64,8,10,13,9,6
77105,A. Bulatović,Andrija BulatovicАндрија Булатовић,CM,64,18,27-12-2006,16,Ligue 1,64,RC Lens,Montenegro,1,53,53,57,69,59,67,65,61,65,56,62,62,61,58,57,63,59,64,65,58,66,60,9,11,6,13,9
190034,T. Kolodziejczak,Timothée Christian Kolodziejczak,CB,69,33,01-10-1991,16,Ligue 1,111817,Paris FC,France,1,67,30,68,68,55,67,64,55,54,54,68,47,73,61,76,68,62,62,65,70,69,66,14,6,10,16,7
242117,A. Ghareeb,Abdulrahman Abdullah Ghareebعبد الرحمن غريب,"LM, LW",70,28,31-03-1997,350,Pro League,112139,Al Nassr,Saudi Arabia,1,63,64,46,62,74,61,69,86,82,89,67,64,66,73,57,20,64,71,64,25,23,17,11,8,7,6,13
271576,Zé Carlos,José Carlos Natário Ferreira,"RB, CM, RM",66,23,30-10-2001,308,Primeira Liga,1888,Gil Vicente FC,Portugal,1,56,43,43,65,67,58,66,74,72,76,66,48,53,74,51,64,49,61,52,63,64,61,13,7,15,13,10
255449,I. Mesík,Ivan Mesík,CB,66,24,01-06-2001,10,Eredivisie,100634,Heracles Almelo,Slovakia,1,55,35,69,66,58,65,65,65,78,59,62,61,81,72,84,63,52,53,62,63,63,62,8,9,7,12,10
79363,N. Athanasiou,Nikolaos Athanasiou,"LB, LM",69,24,16-03-2001,308,Primeira Liga,744,Rio Ave FC,Greece,1,70,40,60,65,60,50,65,77,76,70,70,39,74,75,65,64,50,59,65,59,64,63,9,10,12,11,12
237075,C. Ramirez,Christian Ramírez,"ST, CAM, CM",68,34,04-04-1991,39,Major League Soccer,697,LA Galaxy,United States,1,45,67,74,69,66,60,69,57,60,60,65,72,81,64,81,29,69,62,72,23,27,23,11,9,14,12,6
242223,A. Al Hamdan,Abdullah Abdulrahman Al Hamdanعبدالله الحمدان,"ST, CAM",64,25,12-09-1999,350,Pro League,605,Al Hilal,Saudi Arabia,1,64,62,61,67,60,60,64,70,75,67,55,64,75,64,74,31,66,67,54,45,37,39,10,6,10,8,10
74314,C. Labidi,Chiheb Labidiشهاب العبيدي,CM,65,24,01-06-2001,308,Primeira Liga,1891,CD Nacional,Tunisia,1,54,55,44,68,67,63,68,65,63,60,70,53,61,68,74,63,58,62,58,64,68,48,13,9,10,6,7
244349,J. Vásquez,Johan Felipe Vásquez Ibarra,CB,75,26,22-10-1998,31,Serie A,110556,Genoa,Mexico,1,62,32,76,65,53,60,68,59,62,51,76,38,76,80,67,76,40,47,69,76,76,76,9,12,7,12,10
266905,Henrique Araújo,Henrique Pereira Araújo,ST,70,23,19-01-2002,308,Primeira Liga,234,SL Benfica,Portugal,1,47,73,69,68,63,48,65,72,68,50,71,70,79,67,75,14,75,64,60,21,27,21,8,8,11,9,10
76240,Diego Rodrigues,Diego Henrique Oliveira Rodrigues,"CM, CDM",66,20,24-05-2005,308,Primeira Liga,1896,Sporting Clube de Braga,Portugal,1,47,51,53,70,68,66,67,64,64,62,64,57,59,67,56,62,68,67,65,58,61,56,10,11,13,10,11
254482,R. Jones,Ricky-Jade Jones,"ST, LM, LW",65,22,08-11-2002,19,Bundesliga,110329,FC St. Pauli,England,1,52,64,56,60,63,54,62,91,94,82,65,61,79,64,69,28,66,58,60,23,25,26,14,7,8,10,8
259874,C. Araújo,César Nahuel Araújo Vilches,"CDM, CM",69,24,02-04-2001,39,Major League Soccer,112606,Orlando City SC,Uruguay,1,33,50,41,65,62,71,64,67,64,62,75,64,56,75,64,65,55,60,53,63,69,62,10,12,9,7,13
208949,N. Al Abed,Nawaf Shaker Fayrouz Al Abedنواف العابد,"CAM, RM, LM, CM",65,35,26-01-1990,350,Pro League,113037,Al Riyadh,Saudi Arabia,1,68,64,43,68,67,66,68,42,36,72,58,70,37,34,46,36,62,73,68,57,39,45,11,10,10,15,9
277322,Rodrigo Pinheiro,Rodrigo Pinheiro Ferreira,"RB, RM",70,22,28-08-2002,308,Primeira Liga,112809,Famalicão,Portugal,1,73,33,59,64,71,49,67,79,80,58,61,47,75,71,70,61,46,58,59,63,69,68,14,9,12,14,6
277070,T. Touré,Tidjany Chabrol Touré,"LM, RM, LW",68,22,15-07-2002,308,Primeira Liga,1888,Gil Vicente FC,France,1,61,61,54,61,71,56,71,83,81,81,63,60,72,67,62,19,63,59,56,20,28,23,14,11,13,5,10
269705,D. Scherhant,Derry Lionel Scherhant,"ST, LM, LW, CAM",69,22,10-11-2002,19,Bundesliga,25,SC Freiburg,Germany,1,64,69,56,68,76,53,72,78,87,75,67,68,73,67,66,16,68,58,64,20,21,19,5,11,8,6,8
166539,D. Etienne Jr.,Derrick Burckley Etienne Jr.,"LM, ST, LW",66,28,25-11-1996,39,Major League Soccer,111651,Toronto FC,Haiti,1,60,62,42,63,69,55,65,83,80,79,58,66,64,62,61,42,63,64,66,50,33,27,7,10,6,6,5
233373,S. Diarra,Stéphane Imad Diarra,"RM, LM, RW",68,26,09-12-1998,308,Primeira Liga,717,Alverca,Côte d'Ivoire,1,65,64,31,69,71,63,69,77,75,83,61,55,42,58,33,44,64,59,66,24,55,54,12,13,14,13,13
230578,M. Diakhaby,Mouctar Diakhaby,CB,76,28,19-12-1996,53,La Liga,461,Valencia CF,Guinea,1,31,36,79,71,57,58,62,63,61,60,70,51,84,71,79,78,47,59,69,76,78,74,15,11,10,14,11
246804,A. Sejdič,Amar Sejdić,"CM, CAM, CDM",63,28,29-11-1996,39,Major League Soccer,687,Columbus Crew,Germany,1,58,54,41,67,64,62,67,51,43,67,59,66,50,66,64,64,58,60,58,59,62,54,6,7,6,11,14
234575,Diogo Leite,Diogo Filipe Monteiro Pinto Leite,CB,78,26,23-01-1999,19,Bundesliga,1831,1. FC Union Berlin,Portugal,1,31,30,79,73,59,70,68,55,71,63,76,59,80,80,78,80,32,36,69,80,81,77,7,5,10,8,10
70005,A. Bermont,Anthony Bermont,"LM, RM, LB",68,20,10-02-2005,16,Ligue 1,64,RC Lens,France,1,62,59,49,68,72,60,71,75,74,76,63,45,56,81,49,44,56,65,69,49,56,45,6,9,9,7,12
276933,N. Buayi-Kiala,Nathan Buayi-Kiala,CM,62,21,29-02-2004,16,Ligue 1,57,AJ Auxerre,France,1,56,55,58,67,62,64,64,59,57,60,62,56,60,56,57,60,54,60,58,55,63,59,12,11,12,6,6
270812,Jandro Orellana,Alejandro Orellana Gómez,"CDM, CM",67,24,07-08-2000,308,Primeira Liga,10020,GD Estoril Praia,Spain,1,55,47,62,71,63,70,66,56,63,58,66,58,56,53,48,65,40,64,58,66,69,67,5,8,7,6,6
235244,R. Nicolaisen,Rasmus Schmidt Nicolaisen,CB,76,28,16-03-1997,16,Ligue 1,1809,Toulouse FC,Denmark,2,39,41,81,74,54,69,68,45,52,54,73,51,82,72,84,72,48,45,76,77,78,74,6,14,14,13,13
277537,Natan,Natan Bernardo de Souza,CB,78,24,06-02-2001,53,La Liga,449,Real Betis Balompié,Brazil,1,39,27,77,74,66,62,70,56,56,56,76,51,80,73,77,78,29,44,62,80,80,80,14,13,8,8,6
241963,H. Al Ghamdi,Hamed Abdullah Ahmad Al Ghamdiحامد الغامدي,"CM, CAM",62,26,02-04-1999,350,Pro League,607,Al Ittihad,Saudi Arabia,1,64,62,46,65,69,66,66,69,67,85,54,64,51,61,34,50,55,60,65,49,56,52,14,12,7,13,6
79448,M. Stjepanović,Mateja Stjepanović,"CDM, CM",63,21,20-02-2004,308,Primeira Liga,1900,Moreirense FC,Serbia,1,43,43,64,62,63,58,57,63,69,70,60,62,76,68,77,62,54,53,62,63,64,64,12,8,12,6,12
270729,Rodri Alonso,Rodrigo Alonso Martín,"RM, CM, LM, RW",65,22,04-01-2003,308,Primeira Liga,1900,Moreirense FC,Spain,1,63,49,49,70,63,66,67,63,62,63,63,63,45,73,41,52,58,67,58,55,46,44,5,10,13,15,12
262580,D. Nejašmić,Darko Nejašmić,"CDM, CM",70,26,25-01-1999,10,Eredivisie,1910,NEC Nijmegen,Croatia,1,39,45,50,75,67,75,73,58,65,59,72,56,67,77,79,66,40,67,74,60,59,62,6,6,6,13,6
262105,J. Duranville,Julien Dienda M. Duranville,"RM, LM, ST, RW",72,19,05-05-2006,19,Bundesliga,22,Borussia Dortmund,Belgium,1,64,61,33,67,87,59,74,90,86,91,69,64,56,55,47,23,64,59,63,21,28,30,10,6,9,15,11
263022,M. Rosenfelder,Maximilian Rosenfelder,"CB, RB, RM",74,22,10-02-2003,19,Bundesliga,25,SC Freiburg,Germany,1,48,26,73,68,66,61,70,74,89,65,72,35,87,63,69,73,41,55,66,74,77,76,10,10,8,10,11
239012,O. Kökçü,Ozan Can Kökçü,"CAM, CM, LM",64,26,18-08-1998,10,Eredivisie,645,FC Volendam,Azerbaijan,1,64,57,60,71,62,68,65,70,59,72,58,65,54,56,39,28,61,64,59,38,51,60,6,9,15,5,10
233656,A. Brody,Andrew Brody,"RB, LB, RM",68,30,03-05-1995,39,Major League Soccer,696,Sporting Kansas City,United States,1,66,33,54,62,64,58,63,72,73,69,61,47,68,85,68,63,66,46,58,65,63,63,15,7,13,11,10
274927,K. Hlynsson,Kristian Nökkvi Hlynsson,"CAM, CM",68,21,23-01-2004,10,Eredivisie,1908,FC Twente,Iceland,1,51,62,57,70,71,58,73,67,50,74,66,67,51,81,37,36,69,70,66,45,36,38,14,5,12,6,12
278889,G. Bovalina,Giuseppe Bovalina,RB,60,20,11-11-2004,39,Major League Soccer,101112,Vancouver Whitecaps FC,Australia,1,53,45,57,54,57,46,57,73,69,76,59,68,69,70,62,56,57,55,56,54,55,55,9,13,6,15,9
278725,T. Pérez,Tomás Pérez,"CDM, CM",65,19,26-08-2005,308,Primeira Liga,236,FC Porto,Argentina,1,40,52,55,60,65,55,67,65,67,66,66,56,62,62,59,64,59,63,58,65,69,66,9,7,7,15,7
277968,D. Weidmann,Daouda Weidmann,"CM, CAM",64,22,04-05-2003,10,Eredivisie,1908,FC Twente,France,1,55,45,52,68,64,66,67,72,60,74,62,67,62,70,56,55,59,63,62,55,55,57,13,10,9,10,13
266722,N. Rossen,Nils Rossen,"CM, CDM",63,19,01-08-2005,10,Eredivisie,100638,Telstar,Netherlands,1,53,50,51,68,65,67,66,70,70,64,65,60,56,54,50,55,51,66,65,58,59,56,10,6,11,6,9
262142,N. Romero,Fernando Nicolás Romero,CB,69,21,28-11-2003,39,Major League Soccer,111138,Minnesota United FC,Argentina,1,47,35,62,66,55,48,58,63,57,56,70,59,75,56,78,69,52,48,55,68,72,70,15,10,13,14,8
276493,S. Mouriño,Álvaro Santiago Mouriño González,"CB, RB, RM",74,23,13-02-2002,53,La Liga,483,Villarreal CF,Uruguay,1,37,32,75,71,61,66,66,65,69,66,69,55,82,71,80,69,42,51,65,72,76,74,14,7,10,8,8
270475,P. Brouwer,Patrick Brouwer,"CAM, LM, CM",62,24,19-03-2001,10,Eredivisie,100638,Telstar,Netherlands,1,54,58,54,64,63,61,63,74,71,62,52,64,58,67,49,40,57,60,52,47,51,53,11,11,15,13,14
277664,E. van Ee,Espen van Ee,"CDM, CM",65,21,05-07-2003,308,Primeira Liga,112513,FC Arouca,Netherlands,1,48,47,55,67,59,61,62,67,63,69,63,58,64,83,60,63,54,57,61,63,62,59,6,12,13,10,13
207599,M. Keane,Michael Vincent Keane,CB,73,32,11-01-1993,13,Premier League,7,Everton,England,1,57,50,77,68,55,70,63,39,40,50,70,58,78,49,84,73,29,58,65,73,73,72,16,7,8,14,11
76298,Leandro Santos,Leandro Henrique de Sousa Santos,"RB, RM",67,19,28-09-2005,308,Primeira Liga,234,SL Benfica,Portugal,1,67,48,45,60,67,60,69,84,82,75,62,47,58,77,46,61,45,43,48,56,61,59,10,13,11,13,6
274449,M. Nassoh,Mohamed Nassohمحمد نصوح,"LM, CAM, LW",67,22,26-01-2003,10,Eredivisie,1904,NAC Breda,Morocco,1,57,68,42,67,71,61,72,69,62,58,59,66,53,76,56,37,65,62,66,47,42,39,11,7,7,10,7
272668,A. El Ouazzani,Amine El Ouazzaniأمين الوزاني,"ST, RM, RW",71,23,15-07-2001,308,Primeira Liga,1896,Sporting Clube de Braga,Morocco,1,62,73,71,68,68,45,71,69,67,62,71,71,80,78,75,13,76,66,72,12,17,19,5,11,6,7,9
212002,H. Tabaković,Haris Tabaković,ST,73,31,20-06-1994,19,Bundesliga,23,Borussia Mönchengladbach,Bosnia and Herzegovina,1,38,78,79,64,64,41,65,50,69,60,79,75,84,78,87,20,79,58,70,32,18,17,11,16,6,9,9
264247,B. Bobzien,Ben Bobzien,ST,66,22,29-04-2003,19,Bundesliga,169,1. FSV Mainz 05,Germany,1,55,69,56,63,72,52,70,76,70,78,65,68,65,48,52,25,68,57,58,26,28,30,14,15,14,9,8
267866,J. Fernández,Julián Fernández,"RW, RM, LW",68,21,30-01-2004,39,Major League Soccer,112828,New York City FC,Argentina,1,62,62,38,64,74,63,71,75,78,79,62,72,53,55,53,32,63,62,55,35,41,45,6,9,7,10,11
260984,B. Gutiérrez,Brian Gutiérrez,"LM, CM, CAM, LW",68,22,17-06-2003,39,Major League Soccer,693,Chicago Fire,United States,1,57,66,42,69,69,67,69,68,67,71,65,65,53,64,57,32,68,66,61,43,42,45,10,13,7,13,7
70012,N. Sangui,Nhoa Ryan Sangui,"LB, LM",67,19,27-02-2006,16,Ligue 1,111817,Paris FC,France,1,67,43,52,65,65,56,67,75,78,77,62,51,60,72,51,60,49,53,62,58,66,65,9,13,7,10,6
278047,Z. Booth,Chadwick Zachary Booth,"RM, LM, CAM, RW",63,21,17-02-2004,10,Eredivisie,1971,Excelsior,United States,1,53,56,53,63,64,58,66,71,74,73,61,64,65,64,60,46,55,58,57,46,56,55,5,6,14,12,10
74574,L. Bernasconi,Lorenzo Bernasconi,"LM, LB",65,21,16-11-2003,31,Serie A,39,Atalanta,Italy,1,59,65,56,67,65,61,66,68,62,56,66,56,65,56,61,56,65,56,61,59,65,61,12,7,13,15,6
264022,Gonçalo Esteves,Gonçalo do Lago Pontes Esteves,"RB, RM",64,21,27-02-2004,308,Primeira Liga,717,Alverca,Portugal,1,60,38,49,63,70,63,68,75,76,73,62,48,64,55,62,60,60,57,60,60,62,61,13,6,11,10,6
258147,M. Mitaj,Mario MitajΜάριο Μιτάζ,"LB, LM, CDM",68,21,06-08-2003,350,Pro League,607,Al Ittihad,Albania,1,69,32,65,69,69,72,67,77,77,66,58,35,75,70,63,66,55,63,70,54,67,61,8,13,13,8,12
190324,C. Kabasele,Christian Kabasele,CB,72,34,24-02-1991,31,Serie A,55,Udinese,Belgium,1,46,49,70,64,54,58,64,52,52,46,71,57,72,71,76,73,50,40,64,74,74,72,14,11,6,14,16
240277,M. Gabbia,Matteo Gabbia,CB,78,25,21-10-1999,31,Serie A,47,AC Milan,Italy,1,41,22,84,71,53,61,70,43,53,56,78,59,74,81,70,79,23,41,62,80,84,78,11,5,12,14,14
276901,Afonso Moreira,Afonso Bastardo Moreira,"LM, RM, LW",67,20,19-03-2005,16,Ligue 1,66,Olympique Lyonnais,Portugal,1,59,61,46,63,75,59,70,79,82,78,60,68,60,54,54,31,62,62,66,54,38,32,11,7,7,7,15
248492,J. Hill,James Clayton Hill,"CB, RB, RM",71,23,10-01-2002,13,Premier League,1943,AFC Bournemouth,England,1,60,34,69,67,60,65,66,65,67,57,70,51,75,65,75,71,52,53,65,70,72,69,7,15,5,8,12
241585,Igor Julio,Igor Júlio dos Santos de Paulo,"CB, LB, LM",76,27,07-02-1998,13,Premier League,19,West Ham United,Brazil,1,32,30,70,72,50,65,65,58,68,61,70,55,80,65,90,75,45,60,70,75,77,75,7,11,9,15,14
264390,J. Davis,Jacob Davis,"RB, CDM, CM, RM",67,23,03-01-2002,39,Major League Soccer,696,Sporting Kansas City,United States,1,58,43,41,61,56,53,65,73,76,73,67,63,56,64,57,60,54,52,50,69,72,68,14,11,13,6,7
231436,G. Diangana,Grady George Diangana,"CAM, RM, LM, CM",70,27,19-04-1998,53,La Liga,468,Elche CF,Congo DR,1,65,66,37,68,73,60,72,87,78,78,67,58,62,66,58,27,69,71,54,26,26,23,9,13,11,5,7
79478,M. Mensah,Mawuli Mensah,"CM, CDM, CAM",63,21,15-11-2003,53,La Liga,449,Real Betis Balompié,Ghana,1,60,63,42,65,65,62,64,54,48,60,64,53,58,55,78,61,66,64,65,56,58,56,6,8,11,10,9
244112,D. Kyereh,Daniel-Kofi Kyereh,"CAM, ST, CM",71,29,08-03-1996,19,Bundesliga,25,SC Freiburg,Ghana,1,58,70,59,71,77,60,76,66,65,78,69,71,61,34,54,30,72,69,65,29,25,27,5,8,5,10,11
278780,F. Jeltsch,Finn Jeltsch,CB,72,18,17-07-2006,19,Bundesliga,36,VfB Stuttgart,Germany,1,44,33,69,67,59,64,65,63,73,59,69,53,75,67,75,70,41,54,64,70,78,75,9,12,9,6,5
255106,L. Badé,Loïc Badé,CB,78,25,11-04-2000,19,Bundesliga,32,Bayer 04 Leverkusen,France,1,31,45,76,74,63,63,75,54,66,56,75,59,81,65,84,78,33,57,73,77,81,77,7,6,14,7,7
271511,D. Sanches Fernandes,Derensili Sanches Fernandes,"RM, RW",68,24,28-05-2001,10,Eredivisie,1971,Excelsior,Netherlands,1,55,66,40,62,75,50,67,85,80,87,65,56,62,72,59,25,58,65,62,46,34,41,7,10,8,8,12
259748,M. Vitík,Martin Vitík,CB,74,22,21-01-2003,31,Serie A,189,Bologna,Czechia,1,31,33,76,68,63,62,67,71,75,48,71,60,88,63,81,73,51,66,67,73,75,74,15,12,8,8,10
242195,M. McKenzie,Mark Alexander McKenzie,CB,74,26,25-02-1999,16,Ligue 1,1809,Toulouse FC,United States,1,25,37,69,72,59,68,66,78,82,70,72,34,84,75,80,73,40,37,69,72,76,75,9,11,10,11,10
74310,N. Savona,Nicolò Savona,"RB, LB, RM",71,22,19-03-2003,13,Premier League,14,Nottingham Forest,Italy,1,68,38,58,70,62,62,64,68,68,60,66,52,69,69,69,70,50,33,69,72,70,71,8,9,11,14,7
74344,M. Young,Marvin Young,"CB, RB, RM",69,19,02-10-2005,10,Eredivisie,100646,Sparta Rotterdam,Netherlands,1,58,28,60,70,63,66,71,70,69,63,69,34,74,70,73,70,48,49,71,73,69,66,10,14,12,6,9
278903,J. Jacquet,Jérémy Jacquet,CB,75,19,13-07-2005,16,Ligue 1,74,Stade Rennais FC,France,1,45,36,75,68,57,63,67,57,70,52,70,44,80,64,81,71,41,53,68,73,78,75,10,11,10,14,13
73596,João Tomé,João Tomé Esteves Baptista,"RB, RM",66,22,12-02-2003,308,Primeira Liga,744,Rio Ave FC,Portugal,1,65,44,58,62,65,57,64,74,76,64,61,44,75,67,72,60,62,48,53,60,61,62,12,14,11,7,14
245894,Rober,Roberto González Bayón,"RM, CAM, CM, RW",67,24,06-01-2001,10,Eredivisie,1910,NEC Nijmegen,Spain,1,64,64,49,66,66,63,66,78,80,79,66,67,53,58,43,24,60,66,66,20,31,29,13,7,8,12,13
273546,G. Ilenikhena,George Osrzehmen Ilenikhena,ST,72,18,16-08-2006,16,Ligue 1,69,AS Monaco,Nigeria,1,42,74,70,66,70,54,71,76,81,76,68,72,81,62,73,17,73,55,70,16,28,26,9,7,10,5,7
236692,Marc Gual,Marc Gual Huguet,ST,70,29,13-03-1996,308,Primeira Liga,744,Rio Ave FC,Spain,1,48,73,62,64,71,45,73,80,82,75,61,68,77,73,70,19,73,58,63,18,14,15,6,8,8,10,12
253121,I. Soumaré,Issa Soumaré,"LM, ST, LW",72,24,10-10-2000,16,Ligue 1,1738,Le Havre AC,Senegal,1,67,67,72,69,74,52,72,83,83,78,69,60,82,69,62,16,68,67,68,17,12,12,13,7,13,10,5
245716,S. Essende,Samuel Emmanuel Essende Mbongu,ST,74,27,23-01-1998,19,Bundesliga,100409,FC Augsburg,Congo DR,1,34,78,74,63,69,43,68,74,73,62,74,74,89,75,89,18,78,52,58,22,22,18,8,10,10,9,8
279948,K. Kostons,Koen Kostons,"ST, RM, RW",67,25,18-09-1999,10,Eredivisie,1914,PEC Zwolle,Netherlands,1,55,67,70,67,65,60,68,68,78,69,67,59,72,76,65,24,68,61,56,30,22,19,10,14,15,8,14
247180,Abdu Conté,Abdu Cadri Conté,"LB, LM",64,27,24-03-1998,308,Primeira Liga,114510,Casa Pia,Portugal,1,64,40,59,62,67,37,66,65,70,66,62,67,74,66,79,58,48,41,56,59,63,60,14,15,8,14,15
80816,B. Burrowes,Bradley Burrowes,"RM, ST, RW",65,17,04-03-2008,13,Premier League,2,Aston Villa,England,1,63,64,51,58,66,53,63,87,85,79,56,70,69,57,56,30,63,60,66,34,36,27,11,10,7,15,10
74930,H. Cuenca,Hugo Francisco Cuenca Martínez,"RW, CAM, RM",62,20,08-01-2005,31,Serie A,110556,Genoa,Paraguay,1,62,52,60,64,64,65,62,75,69,65,56,53,62,67,45,26,56,60,63,45,55,58,15,6,10,9,12
237522,Jorge Cuenca,Jorge Cuenca Barreno,CB,74,25,17-11-1999,13,Premier League,144,Fulham FC,Spain,1,45,27,74,69,34,67,68,66,73,63,72,59,80,66,75,74,31,60,66,75,75,74,10,12,5,14,12
203485,T. Kongolo,Terence Kongolo,CB,66,31,14-02-1994,10,Eredivisie,1904,NAC Breda,Netherlands,1,64,26,64,62,60,64,64,55,67,65,60,65,72,45,76,67,49,46,70,66,66,64,8,14,12,11,12
77033,William Gomes,William Gomes Carvalho Santos,"LW, RW, LM",70,19,15-03-2006,308,Primeira Liga,236,FC Porto,Brazil,1,62,65,39,64,75,59,74,85,80,86,70,72,58,58,50,29,64,59,63,22,36,28,6,9,8,12,7
72972,R. Fosso,Donfack Ryan Gloire Fosso Ymefack,"CDM, CM",68,23,17-06-2002,10,Eredivisie,634,Fortuna Sittard,Switzerland,1,40,42,49,72,67,71,73,61,73,71,65,60,64,70,74,66,58,67,64,58,66,57,8,6,6,7,6
254244,Nabil Touaizi,Nabil Zoubdi Touaiziنبيل زبدي التويزي,"RM, RB, ST",65,24,01-02-2001,308,Primeira Liga,717,Alverca,Morocco,1,55,60,56,60,70,55,67,81,74,76,62,66,71,59,59,42,64,52,57,31,38,35,10,15,10,12,9
260414,A. Al Hassan,Abbas Sadiq Nasser Al Hassanعباس الحسن,"RM, CM, CDM, RB",60,21,22-02-2004,350,Pro League,131798,NEOM SC,Saudi Arabia,1,51,51,55,56,58,56,56,73,78,66,56,54,75,73,75,58,58,52,55,53,57,55,9,12,7,15,15
261502,G. Cabezas,Gian Franco Cabezas Rodríguez,CM,64,22,01-01-2003,308,Primeira Liga,717,Alverca,Colombia,1,39,60,36,64,64,60,62,79,76,81,65,45,57,71,58,62,62,65,58,36,70,65,5,15,13,6,10
245131,G. Tsitaishvili,Georgiy Tsitaishviliგიორგი წიტაიშვილი,"RM, LB, RW",72,24,18-11-2000,16,Ligue 1,68,FC Metz,Georgia,1,66,64,32,68,75,60,73,90,83,88,61,57,49,70,32,29,66,68,64,32,35,37,9,9,8,13,12
266653,B. Pereira,Brayann Leanceley Christva Pereira,"RB, CB, RM",67,22,21-05-2003,10,Eredivisie,1910,NEC Nijmegen,France,1,65,34,52,59,65,59,63,76,87,76,62,63,66,66,59,58,45,51,52,56,66,72,14,6,8,11,7
259288,K. Opoku,Kwadwo Opoku,"ST, RW, CAM",66,23,13-07-2001,39,Major League Soccer,111139,CF Montréal,Ghana,1,53,66,46,63,72,42,67,85,78,88,64,71,74,61,74,17,66,60,72,34,34,20,8,13,14,9,12
278003,Yusi,Youssef Enríquezيوسف انريكيز الخديم,"LB, LM",63,19,07-10-2005,53,La Liga,463,Deportivo Alavés,Morocco,1,57,38,53,59,65,45,63,80,77,83,60,56,59,60,45,56,57,54,68,52,61,59,9,8,10,11,15
205603,M. van Duinen,Mike van Duinen,"ST, LM",63,33,06-11-1991,10,Eredivisie,1971,Excelsior,Netherlands,1,60,61,64,61,59,57,62,53,56,66,58,64,69,46,73,40,70,56,66,52,43,55,8,10,7,11,12
269874,Gonçalo Costa,Gonçalo Faria Costa,"LB, LM",67,25,18-02-2000,308,Primeira Liga,10020,GD Estoril Praia,Portugal,1,62,42,51,41,75,31,76,76,77,71,59,35,65,73,56,58,64,62,55,63,66,70,14,6,14,7,10
257346,Y. Cheberko,Yevgen CheberkoЧеберко Євген Ігорович,CB,68,27,23-01-1998,39,Major League Soccer,687,Columbus Crew,Ukraine,1,63,26,68,68,62,63,67,70,74,74,67,43,74,70,70,67,42,53,64,66,68,67,6,8,8,10,15
269151,O. Wolff,Owen Wolff,"CDM, CM, LM, CAM",65,20,30-12-2004,39,Major League Soccer,114161,Austin FC,United States,1,64,42,45,70,66,63,70,71,72,73,64,50,48,68,42,61,62,64,64,62,64,60,10,10,13,9,6
245364,N. Alioui,Nabil Alioui,"LW, ST, LM",67,26,18-02-1999,350,Pro League,113217,Damac FC,France,1,65,68,55,66,71,63,69,68,70,76,60,72,62,62,56,25,65,64,68,27,22,21,7,8,7,9,7
276363,K. Tejan,Kay Tejan,"RM, ST, RW",65,28,03-02-1997,10,Eredivisie,100638,Telstar,Netherlands,1,65,65,64,65,67,47,69,67,71,70,58,67,83,71,93,36,60,47,61,23,32,19,8,10,7,11,14
74403,Coba da Costa,Coba Gomes da Costa,"LM, RM, LW",71,22,26-07-2002,53,La Liga,1860,Getafe CF,Spain,1,55,66,35,74,75,61,75,80,77,78,68,64,48,55,42,48,69,71,66,26,27,30,8,10,5,7,14
81327,Figueiredo,Lucas Figueiredo,"LW, ST, LM",68,23,14-08-2001,308,Primeira Liga,717,Alverca,Brazil,1,59,67,65,65,71,46,72,71,67,70,67,77,69,57,56,31,66,62,48,22,27,23,6,15,5,7,11
79823,A. Santos,Ayoni Santos,"CM, LM",62,19,18-07-2005,10,Eredivisie,100646,Sparta Rotterdam,Netherlands,1,58,60,48,67,64,64,65,74,71,64,58,58,54,56,49,54,63,61,66,58,58,53,9,11,8,10,7
278013,S. Sazonov,Saba Sazonovსაბა საზონოვი,CB,73,23,01-02-2002,31,Serie A,54,Torino,Georgia,1,61,31,75,70,58,60,65,52,67,59,67,70,77,48,76,73,33,42,60,72,75,72,11,8,7,12,7
276747,A. Laâziri,Achraf Laâziriأشرف العزيري,"LB, LM",65,21,08-07-2003,16,Ligue 1,66,Olympique Lyonnais,Morocco,1,66,48,52,65,64,56,67,75,73,75,64,49,60,62,50,59,55,56,62,56,62,59,6,5,11,5,10
239378,K. Sierhuis,Kaj Sierhuis,ST,69,27,27-04-1998,10,Eredivisie,634,Fortuna Sittard,Netherlands,1,46,71,70,63,68,48,71,45,74,52,67,71,69,59,75,20,70,58,69,36,19,15,13,8,12,8,10
79393,Davinchi,David Cordón Mancha,"LB, LM",64,17,16-10-2007,53,La Liga,1860,Getafe CF,Spain,1,60,40,49,61,62,51,63,78,73,70,57,62,64,63,59,60,53,40,52,59,62,60,14,15,9,15,8
236355,Luiz Felipe,Luiz Felipe Ramos Marchi,CB,75,28,22-03-1997,53,La Liga,480,Rayo Vallecano,Italy,1,53,22,73,73,69,68,71,65,70,61,73,44,80,53,76,76,28,58,64,70,78,79,14,8,13,10,9
229266,J. Rodon,Joseph Peter Rodon,CB,76,27,22-10-1997,13,Premier League,8,Leeds United,Wales,1,34,23,73,73,53,63,65,72,79,60,77,61,85,76,81,76,23,31,70,77,76,76,10,13,7,11,8
75280,D. Gleiber,Daniel Gleiber,"CM, CAM",61,20,01-02-2005,19,Bundesliga,169,1. FSV Mainz 05,Germany,1,61,50,48,68,67,65,67,67,55,66,59,67,53,51,52,39,56,57,60,49,52,50,15,14,9,13,6
233790,Thiago,Thiago Martins Bueno,CB,71,30,17-03-1995,39,Major League Soccer,112828,New York City FC,Brazil,1,40,36,75,72,54,67,68,64,77,44,65,65,81,73,76,69,32,46,60,70,71,69,11,14,7,14,6
221772,A. Al Bishi,Abdulaziz Ali Mohammed Al Bishiعبدالعزيز البيشي,"RM, RW",63,31,11-03-1994,350,Pro League,607,Al Ittihad,Saudi Arabia,1,58,55,47,57,64,58,63,84,84,84,51,61,77,63,62,28,58,59,64,21,26,31,10,12,6,14,16
264304,K. Kodisang,Kobamelo Kodisang,"RM, RW",68,25,28-08-1999,308,Primeira Liga,131463,AVS Futebol SAD,South Africa,1,62,70,53,65,67,54,68,83,84,87,64,64,63,54,48,20,65,61,60,25,29,26,10,11,7,15,11
248484,N. Collins,Nathan Michael Collins,CB,79,24,30-04-2001,13,Premier League,1925,Brentford,Republic of Ireland,1,50,29,81,70,64,66,66,55,68,46,78,46,84,80,83,79,33,50,75,80,79,80,9,10,6,13,9
261031,A. Qasem,Ahmed Qasem,"LW, RM, CAM, LM",66,21,12-07-2003,39,Major League Soccer,114162,Nashville SC,Sweden,1,60,63,51,65,66,62,67,73,72,69,62,60,65,57,60,40,64,66,62,36,36,47,12,9,9,8,11
245426,M. Kumbulla,Marash Kumbulla,CB,77,25,08-02-2000,53,La Liga,453,RCD Mallorca,Albania,1,45,26,78,65,56,62,64,54,62,52,78,56,79,67,77,79,40,55,63,78,79,77,9,8,15,14,7
264248,D. van der Kust,Djevencio Djovairo van der Kust,"LB, LM",67,24,30-04-2001,10,Eredivisie,100634,Heracles Almelo,Suriname,1,60,35,45,63,64,48,63,88,87,76,61,52,64,77,54,61,52,46,65,58,61,63,11,13,13,7,7
267847,K. Thompson,Kosi Trevor David Thompson,"RB, RM, CM, RW",63,22,27-01-2003,39,Major League Soccer,111651,Toronto FC,Canada,1,59,50,53,60,62,43,61,81,81,61,51,55,72,69,65,55,47,49,49,57,59,58,15,7,13,14,12
252999,V. Zagaritis,Vasilios ZagaritisΒασίλειος Ζαγαρίτης,"LB, LM",66,24,04-05-2001,10,Eredivisie,1913,SC Heerenveen,Greece,1,59,33,53,59,62,51,58,77,87,76,63,58,67,75,59,59,53,48,57,61,63,61,13,9,9,10,13
213620,F. Mora,Felipe Andrés Mora Aliaga,ST,71,31,02-08-1993,39,Major League Soccer,111140,Portland Timbers,Chile,1,32,73,69,66,70,63,70,72,71,74,68,72,75,61,67,21,74,57,70,22,23,18,12,11,11,11,9
251260,B. Kramer,Blaž Kramer,ST,68,29,01-06-1996,350,Pro League,113060,Al Akhdoud Saudi Club,Slovenia,1,45,70,68,58,62,53,65,71,75,65,58,72,83,41,84,32,69,61,63,39,29,25,11,7,13,13,14
236689,K. Al Samiri,Khaled Mohammed Al Samiriخالد السميري,"CDM, CM",62,28,01-01-1997,350,Pro League,113217,Damac FC,Saudi Arabia,1,57,47,54,63,64,62,64,65,49,74,57,50,57,75,54,57,58,61,61,60,56,57,8,7,13,9,12
277799,A. Ilić,Andrej IlićАндреј Илић,ST,72,25,03-04-2000,19,Bundesliga,1831,1. FC Union Berlin,Serbia,1,38,73,78,62,65,45,69,70,71,53,71,74,88,65,83,21,73,56,65,25,30,18,6,15,14,13,8
275246,T. Watson,Thomas Watson,"LM, RM, LW",68,19,08-04-2006,13,Premier League,1808,Brighton & Hove Albion,England,1,62,66,45,63,70,54,68,76,81,66,64,63,62,62,59,21,64,65,68,25,33,28,10,15,9,11,13
260697,I. Hien,Isak Malcolm Kwaku Hien,CB,78,26,13-01-1999,31,Serie A,39,Atalanta,Sweden,1,28,30,72,62,54,58,64,63,74,48,77,49,83,66,89,80,39,49,60,81,81,75,12,5,10,11,13
210556,Lucas João,Lucas Eduardo Santos João,ST,69,31,04-09-1993,308,Primeira Liga,1891,CD Nacional,Angola,1,48,70,68,63,63,61,69,64,74,68,60,80,79,46,83,22,68,69,65,20,23,20,11,10,13,13,10
226793,M. Polster,Matthew Ryan Polster,"CDM, CM, RB",68,32,08-06-1993,39,Major League Soccer,691,New England Revolution,United States,1,54,46,62,73,64,70,63,34,52,56,62,49,65,83,78,66,45,62,65,63,63,60,15,10,11,14,10
219180,Dani Calvo,Daniel Pedro Calvo Sanromán,CB,73,31,01-04-1994,53,La Liga,110827,Real Oviedo,Spain,1,51,39,74,62,54,58,60,47,54,44,69,58,78,77,84,74,44,42,68,74,73,70,11,7,12,13,13
274226,M. Kömür,Mert Kömür,"CAM, CM",68,19,17-07-2005,19,Bundesliga,100409,FC Augsburg,Germany,1,50,64,47,69,76,63,69,70,66,72,65,69,52,56,49,26,63,66,61,43,35,42,11,7,12,5,14
259426,A. Al Ghamdi,Ahmed Mazen Al Ghamdiاحمد مازن الغامدي,"LM, RM, LW",65,23,20-09-2001,350,Pro League,607,Al Ittihad,Saudi Arabia,1,59,59,45,60,70,56,67,80,80,81,58,65,63,59,59,41,54,58,54,38,42,45,10,12,10,7,14
273122,A. Watts,Akil Amen-Diop Watts,"RB, RM, CM, RW",64,25,04-02-2000,39,Major League Soccer,113018,St. Louis CITY SC,United States,1,57,49,53,61,65,56,61,74,72,74,59,61,71,71,71,58,51,53,51,63,62,62,7,6,7,10,11
240921,R. Hernández,Ronald José Hernández Pimentel,"LB, CB, RB, LM",67,27,04-10-1997,39,Major League Soccer,112885,Atlanta United,Venezuela,1,63,42,50,63,63,62,58,81,82,75,60,33,71,71,67,63,54,48,52,63,66,64,8,13,6,12,6
233329,M. Villanueva,Mikel Villanueva Álvarez,CB,71,32,14-04-1993,350,Pro League,113057,Al Fayha,Venezuela,1,65,27,64,68,60,65,66,52,43,48,70,64,67,71,86,68,40,34,68,75,72,70,13,6,13,5,12
264823,A. Al Ayeri,Abdulmalik Ahmed Abdulaziz Al Oyayariعبدالملك العييري,"RB, CM, RM",65,21,10-12-2003,350,Pro League,131798,NEOM SC,Saudi Arabia,1,54,44,50,63,59,58,66,79,83,70,61,50,68,76,60,58,54,52,55,58,62,57,15,10,11,9,9
260485,Jeong Sang Bin,Sang-bin Jeong정상빈,"ST, CAM, RW",66,23,01-04-2002,39,Major League Soccer,113018,St. Louis CITY SC,Korea Republic,1,53,68,55,60,71,56,64,86,87,83,64,60,76,65,67,22,67,56,61,23,18,17,9,9,9,13,9
271755,Kike Salas,Enrique Jesús Salas Valiente,"CB, LB",75,23,23-04-2002,53,La Liga,481,Sevilla FC,Spain,1,60,24,79,66,61,63,66,64,68,55,72,30,83,72,76,75,49,58,62,76,75,74,14,5,9,11,6
78990,Tiago Manso,Tiago Miguel Silva Manso,"RB, CB, RM",68,25,13-12-1999,308,Primeira Liga,112516,CD Tondela,Portugal,1,70,36,54,62,66,57,63,69,70,72,65,50,55,66,48,66,56,47,55,65,70,67,13,13,11,11,9
259750,I. Matanović,Igor Matanović,ST,71,22,31-03-2003,19,Bundesliga,25,SC Freiburg,Croatia,1,36,74,73,68,69,52,72,62,73,54,69,73,83,61,84,32,72,58,64,34,24,27,13,8,8,10,14
234158,A. Gory,Alimami Gory,"ST, RM, LM, CAM",69,28,30-08-1996,16,Ligue 1,111817,Paris FC,France,1,61,67,66,65,70,48,69,86,88,87,68,65,79,65,63,23,71,58,69,22,18,13,7,8,11,8,5
271689,P. Mboup,Pathé Mboup,"LM, RM, ST, LW",69,21,19-10-2003,16,Ligue 1,378,Stade Brestois 29,Senegal,1,60,67,32,64,72,55,68,90,84,85,62,72,62,82,59,18,64,58,60,21,38,23,13,11,13,11,11
250954,C. Richards,Christopher Jeffrey Richards,CB,77,25,28-03-2000,13,Premier League,1799,Crystal Palace,United States,1,44,23,76,70,59,65,64,64,67,60,76,36,83,71,80,78,38,55,61,77,78,79,13,5,13,7,6
266848,O. Ngom,Oumar Ngom,"CM, CDM",64,21,09-03-2004,308,Primeira Liga,718,Estrela da Amadora,Mauritania,1,42,54,48,68,65,64,68,59,61,61,66,48,62,78,72,62,48,63,67,62,66,63,6,11,12,14,7
213917,Fábio Cardoso,Fábio Rafael Rodrigues Cardoso,CB,75,31,19-04-1994,53,La Liga,481,Sevilla FC,Portugal,1,35,22,76,71,66,67,62,62,53,64,74,60,84,76,82,76,32,41,68,76,74,73,7,14,12,15,8
266686,N. Buck,Noel Arthur Coleman Buck,"CM, CDM, RM, CAM",65,20,05-04-2005,39,Major League Soccer,111928,San Jose Earthquakes,England,1,56,58,33,65,72,62,66,68,68,68,63,68,53,70,63,60,60,70,61,56,60,51,5,13,7,14,15
80352,J. van den Berg,Joël van den Berg,"CM, CAM",60,18,11-02-2007,10,Eredivisie,247,PSV,Netherlands,1,60,56,52,64,63,62,67,64,70,63,55,66,59,53,59,55,49,63,58,55,53,51,10,13,9,12,10
276706,A. Vergara,Antonio Vergara,"RW, RM, CAM",65,22,16-01-2003,31,Serie A,48,Napoli,Italy,1,65,66,51,66,67,62,66,64,67,71,58,65,58,68,57,30,64,60,58,36,40,42,15,6,13,5,11
263193,E. Bitshiabu,El Chadaille Bitshiabu,CB,75,20,16-05-2005,19,Bundesliga,112172,RB Leipzig,France,1,47,26,76,69,54,67,62,55,85,44,71,73,85,56,92,71,35,62,61,74,76,69,10,12,13,13,7
79691,N. Lominadze,Nodar Lominadze,"CM, CDM",63,23,04-04-2002,308,Primeira Liga,10020,GD Estoril Praia,Georgia,1,54,43,59,64,69,61,71,62,58,67,64,57,71,68,75,58,53,63,62,54,61,57,5,9,6,9,10
265576,L. Querfeld,Leopold Querfeld,CB,75,21,20-12-2003,19,Bundesliga,1831,1. FC Union Berlin,Austria,1,33,24,80,71,47,73,56,39,51,51,69,79,79,68,85,72,35,60,71,76,77,74,12,6,14,9,13
258925,Clau Mendes,Claudio Mendes Vicente,"ST, RM, LM",64,24,08-12-2000,308,Primeira Liga,114510,Casa Pia,Guinea-Bissau,1,60,60,59,61,60,60,58,85,88,75,64,71,81,51,73,23,60,62,54,36,32,38,8,5,9,12,6
191648,M. Yoshida,Maya Yoshida吉田 麻也,CB,70,36,24-08-1988,39,Major League Soccer,697,LA Galaxy,Japan,1,36,34,70,69,59,61,66,51,52,61,68,50,75,68,83,72,42,50,68,68,70,67,12,16,8,6,13
74913,Wesley,Wesley Gassova Ribeiro Teixeira,"LW, LM",71,20,05-03-2005,350,Pro League,112139,Al Nassr,Brazil,1,66,69,44,64,76,55,74,76,70,76,75,68,64,59,67,21,70,68,69,21,21,25,9,13,7,9,7
259266,S. Zaidan,Saud Saad Abdullah Zidanسعود زيـدان,"CM, CDM",60,25,06-11-1999,350,Pro League,113037,Al Riyadh,Saudi Arabia,1,51,38,42,64,62,63,64,69,64,72,57,52,65,69,67,61,46,56,56,58,64,59,11,14,5,10,12
78550,Rego,Alejandro Rego Mora,"CDM, CM",65,22,11-06-2003,53,La Liga,448,Athletic Club,Spain,1,49,41,63,67,64,60,67,56,63,59,66,61,72,68,76,59,47,61,63,58,62,58,12,7,12,8,9
266257,E. İlkhan,Emirhan İlkhan,CM,63,21,01-06-2004,31,Serie A,54,Torino,Türkiye,1,54,57,49,67,73,63,68,68,64,73,56,62,43,52,33,50,64,67,63,45,55,50,8,11,6,15,15
266010,G. de Regt,Gyan de Regt,"LM, RM, LW",65,21,18-08-2003,10,Eredivisie,1971,Excelsior,Netherlands,1,68,52,53,57,66,54,65,83,78,82,63,74,57,73,52,26,56,56,57,29,23,21,12,15,12,10,11
277029,Miguel Román,Miguel Román González,CM,68,22,26-12-2002,53,La Liga,450,RC Celta,Spain,1,49,52,54,73,68,71,72,62,64,59,69,50,56,58,53,65,58,70,70,58,64,56,12,7,14,12,12
70477,D. Tabibou,Dehmaine Tabibou Assoumani,"CM, CAM",64,20,17-04-2005,16,Ligue 1,71,FC Nantes,France,1,59,49,53,70,78,68,72,63,63,61,50,57,58,62,56,47,59,64,63,41,51,44,13,13,14,10,10
247120,R. Margaret,Richonell Margaret,"LM, ST, RM, LW",67,24,07-09-2000,10,Eredivisie,100632,Go Ahead Eagles,Suriname,1,64,61,52,58,69,54,64,81,79,83,58,70,70,78,62,28,65,64,55,31,20,18,13,7,13,13,12
242515,W. Ali,Wessam Abou Aliوسام أبو علي,"ST, RW",67,26,04-01-1999,39,Major League Soccer,687,Columbus Crew,Denmark,1,48,70,61,58,66,36,67,78,74,75,66,66,76,66,68,26,68,61,64,33,21,21,12,7,7,13,7
253568,L. Campana,Leonardo Campana Romero,ST,72,25,24-06-2000,39,Major League Soccer,691,New England Revolution,Ecuador,1,34,78,83,53,62,47,69,65,65,66,70,70,88,71,78,24,74,58,66,26,25,22,7,10,5,10,13
216730,S. Gregersen,Stian Rode Gregersen,CB,70,30,17-05-1995,39,Major League Soccer,112885,Atlanta United,Norway,1,35,38,74,63,40,58,54,72,82,33,64,51,90,78,90,68,44,51,67,60,71,68,8,10,10,7,12
262045,W. Mikelbrencis,William Mikelbrencis,"RB, RM",67,21,25-02-2004,19,Bundesliga,28,Hamburger SV,France,1,64,30,55,64,62,60,61,77,78,74,58,57,65,69,53,59,56,55,54,61,65,68,14,9,7,11,10
263421,L. Coulibaly,Lasso Coulibaly,"RM, RW",68,22,19-10-2002,16,Ligue 1,57,AJ Auxerre,Côte d'Ivoire,1,51,60,44,64,71,59,69,91,89,83,65,60,67,63,60,21,64,61,66,32,36,44,8,15,9,9,7
261457,B. Willumsson,Brynjólfur Andersen Willumsson,"ST, CAM",66,24,12-08-2000,10,Eredivisie,1915,FC Groningen,Iceland,1,42,68,64,63,66,56,65,71,47,68,66,68,74,74,68,36,69,57,67,34,36,36,12,12,10,7,12
259422,Nico Serrano,Nicolás Serrano Galdeano,"LM, RM, LW",70,22,05-03-2003,53,La Liga,448,Athletic Club,Spain,1,68,65,47,68,74,59,74,84,82,85,62,62,59,74,46,22,56,55,64,20,22,20,14,8,10,11,8
206485,R. Camacho,Rudy Adrien Camacho,CB,69,34,05-03-1991,39,Major League Soccer,687,Columbus Crew,France,1,48,42,67,71,55,70,65,34,38,38,61,60,68,75,81,72,48,60,68,72,65,63,8,6,6,15,14
279808,S. Mito,Shunsuke Mito三戸 舜介,"RM, LM, RW",68,22,28-09-2002,10,Eredivisie,100646,Sparta Rotterdam,Japan,1,61,61,43,62,72,45,72,85,83,82,64,64,51,85,40,26,57,61,67,33,29,27,7,10,14,12,9
269913,K. Vargas,Kerwin Andrés Calderón Vargas,"LM, RM, LW",68,23,02-01-2002,39,Major League Soccer,114640,Charlotte FC,Colombia,1,68,64,50,69,67,60,68,84,79,74,60,59,68,70,58,30,58,63,66,29,29,25,11,7,8,12,10
271252,S. Ebonog,Simon Ebonog,CM,65,20,16-08-2004,16,Ligue 1,1738,Le Havre AC,France,1,47,54,53,70,65,68,69,69,66,65,65,57,57,34,51,66,62,67,63,57,66,56,9,6,6,10,10
73896,C. Kporha,Caleb Billy Mawuko Kporha,"RB, RM",62,18,15-07-2006,13,Premier League,1799,Crystal Palace,England,1,63,43,54,60,63,52,62,75,70,68,58,62,61,55,52,58,53,57,59,55,58,56,6,11,15,11,6
235194,G. Vrioni,Giacomo Vrioni,ST,68,26,15-10-1998,39,Major League Soccer,111139,CF Montréal,Albania,1,38,70,66,63,67,50,69,66,75,63,63,71,75,58,75,20,68,55,61,22,15,20,6,9,8,11,10
203002,Kim Kee-Hee,Kee-hee Kim김기희 金基熙,CB,68,35,13-07-1989,39,Major League Soccer,111144,Seattle Sounders FC,Korea Republic,1,55,34,69,60,38,63,59,59,52,59,57,54,78,61,84,66,57,55,61,69,68,62,10,10,15,8,15
76031,N. Swider,Niklas Swider,"CDM, CM",60,18,05-01-2007,19,Bundesliga,23,Borussia Mönchengladbach,Germany,1,58,52,61,64,59,55,62,51,54,56,57,60,62,61,62,56,42,44,50,56,63,63,8,13,11,10,12
242690,S. Graves,Simon Graves Jensen,"CB, RB",68,26,22-05-1999,10,Eredivisie,1914,PEC Zwolle,Denmark,1,60,42,66,66,61,63,67,61,35,55,67,69,78,64,84,66,44,49,64,71,69,65,9,7,6,13,10
233767,S. Alakouch,Sofiane Alakouchسفيان علكوش,"RB, RM",65,26,29-07-1998,16,Ligue 1,111817,Paris FC,Morocco,1,62,38,54,62,61,57,63,67,64,73,63,62,61,66,59,64,60,63,64,62,63,60,6,12,14,11,8
72267,João Rego,João Pedro Seno Luís Rêgo,"CAM, RM, CM",67,20,20-06-2005,308,Primeira Liga,234,SL Benfica,Portugal,1,60,62,45,67,74,61,75,65,67,71,74,61,46,66,44,47,53,65,67,54,43,37,5,6,10,10,7
235854,Léo Santos,Leonardo Rodrigues dos Santos,CB,67,26,09-12-1998,308,Primeira Liga,1891,CD Nacional,Brazil,1,38,37,64,62,47,57,54,66,68,66,67,54,76,77,76,64,34,40,68,64,68,67,9,14,11,12,8
243293,Y. Leliendal,Yannick Cereso Frederik Leliendal,"LB, LM",67,23,23-04-2002,10,Eredivisie,645,FC Volendam,Suriname,1,66,38,51,59,62,58,63,77,69,68,65,52,58,74,45,62,45,55,62,62,63,64,9,14,5,11,11
220523,Y. Mina,Yerry Fernando Mina González,CB,77,30,23-09-1994,31,Serie A,1842,Cagliari,Colombia,2,43,44,79,64,56,56,60,33,34,35,69,65,78,68,91,74,45,47,73,79,79,73,10,8,12,9,12
206198,D. Heintz,Dominique Heintz,"CB, LB, LM",73,31,15-08-1993,19,Bundesliga,31,1. FC Köln,Germany,1,55,23,72,66,58,65,62,51,55,41,71,49,71,55,83,73,45,61,68,74,73,71,14,15,7,9,15
78974,Diogo Martins,Diogo Jorge Sousa Martins,"CAM, CM",67,28,21-08-1996,308,Primeira Liga,717,Alverca,Portugal,1,62,48,46,67,74,64,75,74,67,64,73,73,50,67,44,27,64,63,64,43,40,41,7,10,6,13,14
200425,M. te Wierik,Mike Jarno Maria te Wierik,"CB, RB",65,33,08-06-1992,10,Eredivisie,100634,Heracles Almelo,Netherlands,1,60,38,66,61,52,64,62,45,57,55,60,58,67,68,74,66,52,59,69,68,63,62,13,12,13,12,14
237586,A. Dossena,Alberto Dossena,CB,73,26,13-10-1998,31,Serie A,1745,Como,Italy,1,46,29,73,62,56,58,62,47,53,56,75,68,73,73,75,75,32,42,75,75,77,71,11,8,13,14,8
234300,L. Lappalainen,Lassi Roni Kasperi Lappalainen,"LM, LB, LW",65,26,24-08-1998,39,Major League Soccer,687,Columbus Crew,Finland,1,52,64,50,62,69,53,64,86,86,62,55,57,74,50,68,34,64,60,62,60,65,40,7,14,6,6,9
246666,N. Katterbach,Noah Katterbach,"LB, RM, LM",68,24,13-04-2001,19,Bundesliga,28,Hamburger SV,Germany,1,65,40,54,66,72,53,71,72,66,77,68,46,61,52,54,67,50,53,70,66,68,67,12,13,12,10,8
277411,T. Hernes,Travis Enrique Hernes,CM,61,19,04-11-2005,10,Eredivisie,1915,FC Groningen,Norway,1,45,56,48,64,61,61,64,70,67,76,60,61,53,68,52,56,55,62,58,49,58,51,12,14,12,7,10
81320,N. Fernandez,Noah Fernandez,"CAM, LW, CM",60,17,09-01-2008,10,Eredivisie,247,PSV,Belgium,1,53,55,51,59,68,58,65,73,69,71,51,60,59,62,52,49,47,61,57,52,59,55,6,14,14,5,5
80665,J. Mensah,Jeremiah Mensah,"CM, CAM",61,17,21-02-2008,19,Bundesliga,32,Bayer 04 Leverkusen,Germany,1,53,62,45,64,67,60,70,67,69,55,58,53,55,60,55,50,54,61,58,55,61,53,10,9,9,13,9
234843,M. Leitsch,Maxim Leitsch,CB,72,27,16-05-1998,19,Bundesliga,169,1. FSV Mainz 05,Germany,1,59,29,71,69,57,61,54,77,68,58,74,56,76,36,72,74,44,40,65,75,75,74,12,14,14,7,12
74885,M. Bamba,Mohamed Aboubakar Bamba,"CDM, CM",65,20,08-10-2004,308,Primeira Liga,1888,Gil Vicente FC,Côte d'Ivoire,1,44,48,60,66,61,62,66,66,61,58,65,55,70,66,70,61,56,59,53,55,68,67,13,10,13,13,10
226495,Sergio Santos,Sergio Henrique Santos Gomes,"ST, CAM",67,30,04-09-1994,39,Major League Soccer,698,Houston Dynamo,Brazil,1,60,64,63,60,67,45,68,89,87,79,60,66,88,63,80,18,65,59,62,28,28,14,16,14,10,14,11
224962,M. Al Kuwaykibi,Mohammed Marzouq Al Kuwaykibi Al Ruwailiمحمد الكويكبي,"RM, RW",66,30,02-12-1994,350,Pro League,112393,Al Taawoun FC,Saudi Arabia,1,64,62,42,62,67,59,66,83,78,88,57,65,66,63,50,24,62,62,57,29,22,24,7,13,10,7,12
80067,K. Merah,Khalis Merah,"CAM, CM",66,18,24-02-2007,16,Ligue 1,66,Olympique Lyonnais,France,1,55,52,46,72,71,68,72,68,60,78,61,50,45,46,39,59,58,69,70,55,59,51,12,10,6,5,9
236533,R. Glatzel,Robert Nesta Glatzel,ST,73,31,08-01-1994,19,Bundesliga,28,Hamburger SV,Germany,1,39,75,81,60,65,40,73,63,50,53,75,77,89,65,85,24,77,48,69,20,28,25,10,11,14,13,9
273915,N. Štulić,Nikola ŠtulićНикола Штулић,ST,72,23,08-09-2001,31,Serie A,347,Lecce,Serbia,1,58,80,73,65,65,44,70,41,64,64,72,77,72,63,76,21,76,54,68,12,28,19,8,14,6,8,14
78686,Felipe Andrade,Felipe de Andrade Vieira,"LB, CB, LM",68,23,29-05-2002,39,Major League Soccer,698,Houston Dynamo,Brazil,1,57,48,62,65,62,59,59,80,84,62,54,54,77,75,68,60,49,42,59,64,71,70,10,15,6,7,10
74087,Mikel Goti,Mikel Goti López,"CAM, LM, RM, CM",67,23,23-05-2002,53,La Liga,457,Real Sociedad,Spain,1,64,71,64,68,67,67,68,59,53,61,66,68,67,58,64,28,68,68,62,34,32,36,11,7,7,7,14
77559,I. Feingold,Ilay Feingold,"RB, RM, LB",62,20,23-08-2004,39,Major League Soccer,691,New England Revolution,Israel,1,59,51,52,61,65,59,63,63,63,58,60,50,58,62,57,60,61,60,58,61,60,59,12,6,13,7,8
239096,A. Karazor,Atakan Karazor,"CDM, CM",76,28,13-10-1996,19,Bundesliga,36,VfB Stuttgart,Türkiye,1,39,35,78,78,66,68,74,37,51,61,74,47,69,81,69,77,34,69,73,78,79,69,12,10,6,11,5
75318,A. Ouattara,Abdoul Guemissongui Ouattara,"RM, LM, RW",68,19,22-10-2005,16,Ligue 1,76,RC Strasbourg Alsace,Côte d'Ivoire,1,64,61,49,67,71,59,69,76,72,75,65,56,66,59,63,42,62,64,66,33,45,38,5,5,11,8,8
275520,Manu Bueno,Manuel Bueno Sebastián,"CM, CAM, CDM",65,20,27-07-2004,53,La Liga,481,Sevilla FC,Spain,1,42,65,52,69,66,66,68,60,48,57,62,52,55,56,53,65,64,64,52,61,64,62,15,12,10,7,11
279702,S. El Mourabet,Samir El Mourabetسمير المرابط,CM,66,19,06-10-2005,16,Ligue 1,76,RC Strasbourg Alsace,Morocco,1,48,51,52,71,63,70,68,56,58,59,64,55,60,62,64,63,59,68,66,55,64,56,12,14,6,13,14
254230,S. Abdulai,Sabit Abdulai,"CM, CDM",62,26,11-05-1999,308,Primeira Liga,717,Alverca,Ghana,1,46,53,63,71,58,71,65,61,56,59,62,62,64,36,57,59,58,60,50,54,70,61,13,10,7,11,10
245790,Paulinho Bóia,Paulo Henrique Pereira da Silva,"LM, LW, RW",68,27,26-06-1998,308,Primeira Liga,1891,CD Nacional,Brazil,1,64,70,44,65,73,62,69,83,82,80,59,70,51,63,41,31,59,57,58,17,29,26,6,13,6,9,7
79908,D. Gui,Davy Gui,"CM, RM",60,19,15-06-2006,308,Primeira Liga,717,Alverca,Côte d'Ivoire,1,41,40,62,67,57,65,62,56,65,58,60,74,70,69,74,54,55,54,46,53,61,55,7,13,7,15,13
279942,Guilherme Biro,Guilherme da Trindade Dubas,"LB, CB",65,25,01-05-2000,39,Major League Soccer,114161,Austin FC,Brazil,1,63,39,70,59,61,58,64,71,73,64,55,41,81,60,77,58,60,50,57,55,66,65,12,11,9,8,10
273560,M. Rocha,Matías Emiliano Rocha Calderón,"CB, RB, RM",66,24,13-02-2001,308,Primeira Liga,112513,FC Arouca,Uruguay,1,52,50,62,61,53,57,58,54,64,65,62,53,72,64,78,63,52,58,61,68,67,65,5,6,7,15,7
262071,N. Ngoy,Nathan Ngoy,"CB, RB",69,22,10-06-2003,16,Ligue 1,65,Lille OSC,Belgium,1,54,38,66,60,68,58,67,76,80,67,65,69,76,66,81,67,40,29,65,66,68,66,12,15,8,6,13
276235,F. Mughe,François Régis Mughe,"RM, RW",63,21,16-06-2004,16,Ligue 1,219,Olympique de Marseille,Cameroon,1,60,58,51,56,61,52,61,88,87,82,57,66,64,62,49,32,56,56,49,30,37,32,8,7,5,13,14
258315,B. Arrey-Mbi,Bright Akwo Arrey-Mbi,"CB, LB",71,22,26-03-2003,308,Primeira Liga,1896,Sporting Clube de Braga,Germany,1,35,25,67,67,58,55,66,76,90,70,70,38,84,80,82,72,37,46,62,68,70,70,13,9,8,12,8
231948,B. Hines-Ike,Brendan Daniel Hines-Ike,CB,65,30,30-11-1994,39,Major League Soccer,114161,Austin FC,United States,1,50,52,63,60,54,59,58,53,50,65,58,65,70,69,75,65,39,56,66,65,65,64,6,12,14,13,6
263259,I. Bronkhorst,Ilias Bronkhorst,"RB, RM",66,28,10-05-1997,10,Eredivisie,1971,Excelsior,Netherlands,1,59,51,60,63,64,50,63,67,65,66,64,61,69,71,67,64,62,38,63,61,63,64,6,7,7,11,12
266615,D. Kerr,Deandre Christopher Kerr,"ST, RM, CM, RW",61,22,29-11-2002,39,Major League Soccer,111651,Toronto FC,Canada,1,46,60,61,61,63,48,58,78,78,64,51,62,83,68,79,44,55,50,51,40,52,45,15,12,9,7,9
80026,M. Mitrović,Matija Mitrović,CM,65,20,12-12-2004,308,Primeira Liga,1887,Vitória SC,Serbia,1,45,55,56,70,66,66,69,61,58,55,68,64,63,63,60,59,57,61,55,51,65,60,11,10,7,9,6
266453,Gonçalo Borges,Gonçalo Óscar Albuquerque Borges,"RW, LW, RM",72,24,29-03-2001,10,Eredivisie,246,Feyenoord,Portugal,1,69,58,39,66,77,53,75,86,85,84,75,69,64,54,60,24,67,67,66,25,33,26,8,8,15,11,10
235849,M. Fofana,Mamadou Fofana,CB,70,27,21-01-1998,39,Major League Soccer,691,New England Revolution,Mali,1,34,30,69,66,61,63,66,69,61,72,66,40,78,82,76,72,35,55,58,71,67,66,13,12,13,14,6
279627,S. Bouabré,Saïmon Nadélia Bouabré,"LM, CAM, LW",64,19,01-06-2006,350,Pro League,131798,NEOM SC,France,1,56,49,46,68,71,61,66,72,68,81,57,72,53,60,47,43,55,66,67,36,45,38,13,12,11,7,14
264288,Alexandre Penetra,Alexandre Manuel Penetra Correia,"CB, RB",74,23,09-09-2001,10,Eredivisie,1906,AZ Alkmaar,Portugal,1,57,33,70,66,52,63,64,64,69,56,75,42,76,75,76,75,24,44,67,76,75,76,7,14,9,14,10
237440,H. Delcroix,Hannes Delcroix,"CB, LB",71,26,28-02-1999,13,Premier League,1796,Burnley,Belgium,1,58,33,70,72,55,68,66,64,68,65,69,45,75,63,73,72,40,51,69,69,73,71,10,11,7,8,8
276372,I. Ansah,Ilyas Ansah,"ST, CAM, LW, CM",69,20,08-11-2004,19,Bundesliga,1831,1. FC Union Berlin,Germany,1,55,65,64,65,77,52,69,82,83,72,67,66,77,74,80,23,68,62,56,26,21,18,6,6,13,13,9
275101,B. Kamungo,Bernard Kamungo,"LM, RM, RW, LW",64,23,01-01-2002,39,Major League Soccer,695,FC Dallas,United States,1,60,60,56,58,70,50,64,78,77,64,52,60,62,55,48,39,64,60,66,42,48,42,11,14,9,12,8
242714,C. Mueller,Christopher Mueller,"LM, RM, LW",67,28,29-08-1996,39,Major League Soccer,693,Chicago Fire,United States,1,60,65,61,63,66,54,67,79,82,77,63,68,76,66,68,15,63,63,69,26,24,12,12,11,13,13,6
275487,B. Akinsola,Babatunde Jimoh Akinsola,"LM, RM, ST, LW",68,22,10-03-2003,308,Primeira Liga,131463,AVS Futebol SAD,Nigeria,1,63,67,48,62,70,59,69,82,91,83,62,74,59,55,48,24,64,58,57,29,26,33,9,13,10,6,8
200752,Juan Jesus,Juan Guilherme Nunes Jesus,CB,74,34,10-06-1991,31,Serie A,48,Napoli,Brazil,1,60,20,74,61,58,59,61,63,53,64,69,62,78,66,72,77,35,34,73,79,77,75,12,11,7,8,14
255033,D. Nealis,Dylan Nealis,"RB, CB, RM",66,26,30-07-1998,39,Major League Soccer,689,New York Red Bulls,United States,1,51,41,62,57,56,53,59,70,73,67,64,50,71,67,68,64,48,52,54,70,68,65,14,15,13,5,6
242769,S. Vines,Samuel Marqus Lloyd Vines,"LB, LM",69,26,31-05-1999,39,Major League Soccer,694,Colorado Rapids,United States,1,60,34,55,63,60,61,62,74,76,75,65,32,70,77,67,65,44,48,66,66,71,68,9,11,11,8,8
74871,Arthur Chaves,Arthur Largura Chaves,CB,74,24,29-01-2001,19,Bundesliga,10029,TSG 1899 Hoffenheim,Brazil,1,34,38,77,69,40,67,62,74,81,58,72,46,83,79,70,75,29,35,54,73,79,77,8,10,9,6,9
261766,A. Hountondji,Andreas Hountondji,ST,69,22,11-07-2002,19,Bundesliga,110329,FC St. Pauli,Benin,1,55,72,64,65,73,49,69,73,76,75,66,65,79,69,76,10,72,58,69,16,22,15,15,14,8,10,6
80521,K. Prieto,Kevin Prieto,"RM, RB, RW",63,22,27-06-2003,308,Primeira Liga,114510,Casa Pia,Uruguay,1,62,52,55,63,64,56,67,72,70,50,63,72,69,66,63,59,56,52,52,54,48,42,5,14,9,11,10
229800,R. Sharahili,Riyadh Mohammed Mohammed Husami Sharahiliرياض شراحيلي,"CDM, CM",63,32,28-04-1993,350,Pro League,113217,Damac FC,Saudi Arabia,1,48,54,61,61,62,61,63,47,58,57,58,57,70,72,80,62,59,57,53,60,62,57,10,15,10,14,7
75734,A. Bamba,Aladji Bamba,"CDM, CM",65,18,14-07-2006,16,Ligue 1,69,AS Monaco,France,1,52,51,60,66,58,64,62,54,64,52,62,64,68,62,72,64,55,62,63,59,67,58,12,12,7,11,14
279519,T. Chirewa,Tawanda Blessing Chirewa,"LM, CAM, RM, LB",64,21,11-10-2003,13,Premier League,110,Wolverhampton Wanderers,Zimbabwe,1,58,51,44,63,68,47,66,82,82,83,59,68,64,56,62,39,59,59,63,38,40,38,9,6,7,14,7
76803,Emersonn,Emersonn Correia da Silva,"RW, ST, LW, RM",65,20,16-07-2004,16,Ligue 1,1809,Toulouse FC,Brazil,1,58,66,61,59,70,45,68,72,80,79,56,67,73,57,69,21,60,59,58,29,28,23,7,8,13,13,12
250725,M. Diarra,Moussa Diarra,"CB, LB",71,24,10-11-2000,53,La Liga,463,Deportivo Alavés,Mali,1,58,30,65,69,65,53,69,66,62,58,69,26,72,73,70,72,54,47,55,70,74,72,6,10,6,8,11
270698,Yellu Santiago,Jesús Santiago Pérez,"CDM, CM",68,21,25-05-2004,31,Serie A,206,Hellas Verona FC,Spain,1,48,43,64,69,60,66,65,52,50,59,69,61,64,59,62,68,48,64,63,69,69,67,8,8,11,13,8
276343,A. Hawsawi,Abdulelah Mohammed Saeed Hawsawiعبد الإله محمد سعيد هوساوي,CM,60,24,10-03-2001,350,Pro League,112393,Al Taawoun FC,Saudi Arabia,1,46,50,44,58,72,55,67,66,70,81,59,49,60,69,72,55,50,63,60,50,55,51,12,7,11,8,15
277419,Jaime Vázquez,Jaime Vázquez Cuervo Arango,"CB, LB",65,19,01-02-2006,53,La Liga,450,RC Celta,Spain,1,57,20,63,65,61,64,63,67,65,59,62,61,73,62,71,64,26,49,54,63,65,64,13,11,12,15,10
238516,L. Østigård,Leo Skiri Østigård,CB,73,25,28-11-1999,31,Serie A,110556,Genoa,Norway,1,48,33,76,62,58,55,61,63,58,66,71,52,85,65,82,69,35,34,58,68,73,70,13,10,13,8,6
251829,R. Hendriks,Ramon Hendriks,"CB, LB",70,23,18-07-2001,19,Bundesliga,36,VfB Stuttgart,Netherlands,1,46,29,67,68,52,65,62,75,85,66,61,47,79,66,75,72,34,47,62,69,71,72,12,13,12,6,13
258805,H. Ashby,Harrison Charles Ashby,"RB, LB, RM",64,23,14-11-2001,13,Premier League,13,Newcastle United,Scotland,1,60,38,53,58,59,52,60,74,75,64,61,59,64,71,59,57,53,48,52,56,59,60,6,11,7,14,13
235513,S. Ganvoula,Silvère Ganvoula M'boussy,ST,69,29,29-06-1996,350,Pro League,113057,Al Fayha,Congo,1,40,72,72,61,63,40,65,75,79,61,61,75,88,62,83,21,66,61,62,23,21,18,15,10,15,6,10
257612,S. Mara,Sékou Mara,ST,70,22,30-07-2002,16,Ligue 1,57,AJ Auxerre,France,1,40,70,73,66,70,46,68,77,75,67,66,68,85,65,73,22,69,54,68,18,23,19,12,6,12,12,10
256854,W. Omari,Warmed Omari,CB,73,25,23-04-2000,19,Bundesliga,28,Hamburger SV,Comoros,1,44,25,74,73,59,64,68,56,64,53,71,52,78,63,77,72,34,51,68,72,75,73,9,7,13,10,14
279128,T. Nyoni,Treymaurice Nyoni,"CM, CAM",64,18,30-06-2007,13,Premier League,9,Liverpool,England,1,51,54,53,68,70,65,69,67,67,68,61,57,54,58,49,52,62,64,63,50,56,47,7,8,7,10,8
248477,S. Chergui,Samir Sophian Chergui,"CB, RB",67,26,06-02-1999,16,Ligue 1,111817,Paris FC,France,1,64,42,65,71,62,66,64,53,44,63,65,47,69,54,71,67,52,60,64,65,68,66,7,9,11,10,12
251616,David Carmo,David Mota Veiga Teixeira do Carmo,CB,76,25,19-07-1999,53,La Liga,110827,Real Oviedo,Angola,1,40,30,74,70,45,76,63,54,63,35,71,55,75,73,91,79,22,58,70,78,76,72,10,7,9,14,15
78312,Rodrigo Ribeiro,Rodrigo Santos Ribeiro,"CAM, CM",63,19,26-05-2006,308,Primeira Liga,112809,Famalicão,Portugal,1,55,62,50,64,60,59,67,64,65,62,64,62,51,52,46,38,64,66,62,46,55,48,13,12,7,8,5
79609,Y. Lawson,Yannis Lawson,"LB, LM",66,20,22-11-2004,16,Ligue 1,68,FC Metz,Belgium,1,52,41,53,57,54,45,60,67,78,58,60,48,70,74,77,61,54,42,56,58,66,70,15,14,10,13,12
247084,O. Fernandez,Omir Guadalupe Fernandez Mosso,"LM, RM, CAM, LW",66,26,08-02-1999,39,Major League Soccer,111140,Portland Timbers,United States,1,57,56,50,66,72,50,68,81,79,71,63,58,67,54,58,44,65,58,57,38,48,41,14,15,12,7,10
260910,S. Shoretire,Shola Maxwell Shoretire,"LM, RM, CAM, LW",66,21,02-02-2004,10,Eredivisie,1914,PEC Zwolle,England,1,54,60,54,67,70,58,68,73,72,84,60,59,61,64,52,36,63,63,62,32,40,34,7,7,8,5,9
212287,A. Maxsø,Andreas Beyer Maxsø,CB,69,31,18-03-1994,39,Major League Soccer,694,Colorado Rapids,Denmark,1,41,47,69,66,41,65,66,49,45,49,66,52,83,77,86,67,47,46,66,69,67,65,10,9,10,16,10
75519,R. Daal,Ro-Zangelo Daal,"LM, LW",68,21,10-02-2004,10,Eredivisie,1906,AZ Alkmaar,Netherlands,1,63,60,40,63,76,52,72,82,83,79,64,58,57,66,51,33,61,56,62,33,31,32,11,14,5,7,9
256008,Morato,Felipe Rodrigues da Silva,"CB, LB, LM",76,24,30-06-2001,13,Premier League,14,Nottingham Forest,Brazil,1,56,32,76,65,61,62,63,52,54,41,71,55,76,62,89,75,29,49,75,75,77,74,12,12,12,6,6
277801,I. Jenner,Ivar Jenner,"CDM, CM",61,21,10-01-2004,10,Eredivisie,1903,FC Utrecht,Indonesia,1,47,48,55,64,61,63,62,69,70,66,59,54,63,60,58,56,50,61,55,53,60,62,6,13,12,10,14
262237,A. Sangante,Arouna Sangante,"CB, RB",73,23,12-04-2002,16,Ligue 1,1738,Le Havre AC,Senegal,1,56,27,74,67,54,59,65,51,56,53,72,50,77,70,78,72,41,59,69,70,76,73,13,13,8,10,10
254831,B. Limbombe,Bryan Michael Limbombe Ekango,"RW, LW, RM",65,24,14-05-2001,10,Eredivisie,100634,Heracles Almelo,Belgium,1,64,59,46,62,67,53,68,84,66,73,64,58,67,72,61,35,62,58,65,28,33,29,7,6,9,11,10
227998,D. Badji,Dominique Badji,"ST, RM, RW",64,32,16-10-1992,39,Major League Soccer,688,DC United,Senegal,1,54,60,69,61,63,39,63,72,75,67,62,66,80,73,75,19,60,57,61,40,39,34,15,10,8,10,11
239269,L. Ndenbe,Logan Ndenbe,"LB, LM",66,25,09-02-2000,39,Major League Soccer,696,Sporting Kansas City,Belgium,1,64,22,53,64,65,64,63,83,76,78,57,42,72,70,64,59,54,49,59,61,61,61,12,10,14,15,5
74512,V. Gebel,Viggo Gebel,"CAM, LM, RM, CM",63,17,22-11-2007,19,Bundesliga,112172,RB Leipzig,Germany,1,59,57,44,61,67,59,67,75,69,78,62,62,46,50,44,35,58,63,64,47,44,42,14,5,10,13,11
255257,Joelson Fernandes,Joelson Augusto Mendes Mango Fernandes,"LM, RM, LW",66,22,28-02-2003,308,Primeira Liga,1888,Gil Vicente FC,Portugal,1,57,55,54,58,72,45,70,91,88,90,64,65,58,51,34,21,62,61,71,18,21,23,11,13,5,15,11
252961,T. Nianzou,Tanguy-Austin Nianzou Kouassi,CB,72,23,07-06-2002,53,La Liga,481,Sevilla FC,France,1,37,32,72,71,63,66,67,55,68,53,65,57,78,67,79,71,36,53,65,71,71,71,6,14,9,8,7
259923,A. Carlén,Adam Carlén,"CDM, CM, CB",65,25,27-06-2000,10,Eredivisie,1971,Excelsior,Sweden,1,44,32,58,64,66,63,67,53,58,64,61,57,80,80,83,63,53,56,68,61,57,52,12,5,14,13,7
264294,M. Løvik,Mathias Johan Fjørtoft Løvik,"LB, RB, RM, LM",65,21,06-12-2003,31,Serie A,50,Parma,Norway,1,62,40,54,61,63,56,64,82,81,77,57,47,72,70,64,61,57,53,52,61,61,58,12,5,15,8,10
72827,T. Lepley,Tucker Lepley,"CM, CDM",59,23,17-01-2002,39,Major League Soccer,697,LA Galaxy,United States,1,50,59,48,64,59,59,60,69,70,67,59,64,45,60,44,55,57,56,59,58,58,54,13,8,15,11,6
258432,C. Matsima,Chrislain Iris Aurel Matsima,CB,77,23,15-05-2002,19,Bundesliga,100409,FC Augsburg,France,1,38,29,78,66,54,54,63,64,84,45,77,54,85,72,82,76,44,51,74,80,78,70,12,8,8,6,11
216230,M. Amevor,Mawouna Kodjo Amevor,"CB, RB",67,33,16-12-1991,10,Eredivisie,645,FC Volendam,Togo,1,57,51,61,65,63,67,61,67,75,56,58,44,76,78,79,62,41,58,50,65,70,66,7,10,10,9,10
253146,Kaique Rocha,Kaique Rocha Lima,"CB, RB",69,24,28-02-2001,308,Primeira Liga,114510,Casa Pia,Brazil,1,58,42,67,58,63,58,63,61,64,60,65,45,79,64,85,69,42,40,52,66,68,67,9,6,15,11,14
247519,F. Mambimbi,Felix Khonde Mambimbi,"ST, LM, RM, CAM",66,24,18-01-2001,16,Ligue 1,1738,Le Havre AC,Switzerland,1,53,64,55,60,70,50,66,86,86,87,66,67,69,52,53,23,67,57,65,19,20,25,14,5,11,10,5
80610,S. Brunell,Snyder Brunell,"CDM, CM",61,18,23-03-2007,39,Major League Soccer,111144,Seattle Sounders FC,United States,1,48,49,59,62,58,58,62,65,65,68,55,56,63,58,58,58,48,47,51,62,63,60,10,12,7,7,13
211173,S. Al Shehri,Saleh Khalid Mohammed Al Shehriصالح خالد الشهري,ST,69,31,01-11-1993,350,Pro League,607,Al Ittihad,Saudi Arabia,1,38,71,73,61,64,44,64,67,66,67,72,66,84,60,81,20,77,55,65,26,19,33,12,13,16,10,13
266682,W. Sands,William Franklin Sands,"LM, LB",63,24,06-07-2000,39,Major League Soccer,691,New England Revolution,United States,1,59,44,47,61,66,48,63,72,73,74,56,64,62,74,60,58,64,53,50,57,59,57,7,9,11,15,11
217021,Sandro Lima,Sandro César Cordovil de Lima,ST,67,34,28-10-1990,308,Primeira Liga,717,Alverca,Brazil,1,37,66,71,58,61,40,69,55,64,52,69,72,82,65,86,25,65,43,67,30,26,27,9,7,8,16,9
70892,D. Turgeman,Dor Turgeman,ST,67,21,24-10-2003,39,Major League Soccer,691,New England Revolution,Israel,1,42,72,71,55,69,40,65,72,74,71,63,65,77,68,62,26,64,51,65,24,21,17,10,9,10,13,8
261140,J. Brown,Javain Okemio Brown,"CB, RB, RM",67,26,09-03-1999,39,Major League Soccer,111065,Real Salt Lake,Jamaica,1,58,44,62,62,50,50,58,76,83,62,50,48,80,71,75,61,44,49,68,64,74,68,8,7,8,11,5
257324,L. Skjellerup,Laurs Østerby Skjellerup,ST,65,22,12-08-2002,31,Serie A,111974,Sassuolo,Denmark,1,51,65,65,61,60,57,62,80,81,60,63,61,81,54,73,34,64,58,60,29,33,35,13,7,13,13,7
254860,Valera,Germán Valera Karabinaite,"RM, LM, LW, RW",71,23,16-03-2002,53,La Liga,468,Elche CF,Spain,1,68,67,42,68,73,60,71,81,88,81,66,65,55,54,46,21,69,68,63,27,24,23,7,12,12,8,12
73624,D. Mosengo,Daren Nbenbege Mosengo,CM,63,18,11-08-2006,16,Ligue 1,1738,Le Havre AC,France,1,51,52,54,68,63,66,66,53,52,59,63,62,56,50,59,61,57,62,60,56,63,56,7,15,13,6,14
76416,C. Kofane,Christian Michel Kofane,ST,68,18,26-07-2006,19,Bundesliga,32,Bayer 04 Leverkusen,Cameroon,1,54,74,72,69,69,51,70,58,67,56,65,67,66,59,54,17,69,65,69,22,21,23,14,14,14,7,12
258490,C. Riad,Chadi Riad Dnanouشادي رياض دنانو,CB,72,22,17-06-2003,13,Premier League,1799,Crystal Palace,Morocco,1,42,27,73,75,57,65,68,56,64,60,67,42,78,59,78,68,28,41,54,69,75,73,10,12,9,8,10
80885,Daniel Júnior,Daniel Melo Araujo Júnior,"CAM, LW, CM",66,23,09-05-2002,308,Primeira Liga,1891,CD Nacional,Brazil,1,64,57,33,67,71,60,73,61,67,71,68,62,41,65,45,38,58,64,63,44,44,38,8,14,8,12,13
248856,D. Leyva,Daniel Ulises Leyva,"CM, CDM",63,22,05-05-2003,39,Major League Soccer,111144,Seattle Sounders FC,United States,1,36,55,46,69,63,67,65,66,62,69,63,67,52,64,52,50,58,62,67,51,55,55,6,14,6,11,6
277820,N. Lahmadi,Noah Lahmadiنوح لحمادي,"CM, CDM",62,20,05-01-2005,16,Ligue 1,1809,Toulouse FC,France,1,48,57,52,68,64,63,63,65,60,59,55,62,56,58,54,56,55,64,61,52,61,49,12,10,9,10,11
274004,Kiki Silva,Francisco Pedro Tiago Silva,"RW, LW, RM",63,27,14-02-1998,308,Primeira Liga,114510,Casa Pia,Portugal,1,66,61,48,58,66,55,64,70,72,65,53,67,54,53,51,42,60,62,55,40,45,44,6,6,11,10,14
244206,N. Pérez,Patricio Nehuen Pérez,CB,76,25,24-06-2000,308,Primeira Liga,236,FC Porto,Argentina,1,43,35,74,69,47,64,62,61,60,53,74,50,79,74,77,79,28,39,70,77,81,77,9,8,8,9,6
260083,John Donald,John Chetauya Nwankwo Donald Okeh,"CB, CDM, CM",69,24,25-09-2000,53,La Liga,468,Elche CF,Spain,1,46,39,69,69,64,61,68,50,53,55,70,56,65,57,63,71,49,59,59,70,72,71,14,6,11,10,5
263161,B. Al Sayali,Basil Yousef Al Sayyali,"CM, CDM, CAM",59,24,22-06-2001,350,Pro League,113222,Al Hazem FC,Saudi Arabia,1,54,50,45,59,60,61,60,67,63,69,58,50,57,73,60,56,52,57,56,55,56,51,13,8,12,12,14
273666,A. Sbaï,Mohamed Amine Sbaï,"LM, LW, RM",68,24,05-11-2000,350,Pro League,112390,Al Fateh,Morocco,1,62,63,38,63,74,56,72,74,78,82,58,68,55,69,56,18,61,69,66,24,33,29,9,12,13,9,11
247209,D. Mbayo,Dylan Mbayo,"RM, LM, RW",68,23,11-10-2001,10,Eredivisie,1914,PEC Zwolle,Belgium,1,59,64,45,61,72,51,71,84,84,82,62,64,59,66,48,25,64,57,53,21,36,28,6,8,13,12,10
271053,A. Markanich Jr,Anthony Charles Markanich Jr.,"LB, LM, CB",65,25,26-12-1999,39,Major League Soccer,111138,Minnesota United FC,United States,1,54,60,57,58,56,40,60,69,75,57,60,62,66,66,60,65,60,56,50,58,67,63,14,9,5,15,10
278025,André Luiz,André Luiz Inácio da Silva,"RM, RW, LW",69,23,23-02-2002,308,Primeira Liga,744,Rio Ave FC,Brazil,1,56,66,62,61,78,51,69,85,86,76,67,78,78,74,65,16,66,56,60,17,13,20,7,12,9,6,6
80915,Jan Virgili,Jan Virgili Tenas,"LW, RW, ST, LM",68,18,26-07-2006,53,La Liga,453,RCD Mallorca,Spain,1,58,67,53,65,73,60,69,84,79,81,65,65,59,58,44,34,59,58,62,36,27,32,12,8,5,9,11
247612,D. Sealy,Dante Isiah Sealy,"LM, RM, LW",63,22,17-04-2003,39,Major League Soccer,111139,CF Montréal,Trinidad and Tobago,1,56,59,46,53,62,45,64,89,82,78,62,64,56,68,42,34,60,53,54,33,31,30,9,13,8,8,14
275878,E. Biumla,Emmanuel Junior Biumla Bayiha,CB,70,20,08-05-2005,16,Ligue 1,1530,Angers SCO,France,1,39,46,69,65,56,56,64,54,68,53,68,53,72,67,75,72,44,52,63,68,74,69,13,8,11,11,13
256194,P. Delgado,Patrickson Luiggy Delgado Villa,"CM, CAM, CDM",65,21,17-10-2003,39,Major League Soccer,695,FC Dallas,Ecuador,1,38,54,48,66,65,65,65,56,62,53,64,52,54,75,59,66,62,61,59,55,62,56,14,10,5,15,9
268009,K. O'Toole,Kevin O'Toole,"LB, LM",64,26,14-12-1998,39,Major League Soccer,112828,New York City FC,United States,1,57,58,40,63,69,58,61,71,74,66,61,57,58,70,65,59,59,49,54,63,64,62,10,8,8,14,9
79868,N. Ogidi Nwankwo,Nigel Ogidi Nwankwo,"LM, LB, LW",61,26,04-08-1998,10,Eredivisie,100638,Telstar,Netherlands,1,63,36,57,59,63,55,61,74,77,65,61,54,72,66,70,61,51,45,53,62,61,61,6,10,15,7,10
264480,S. Canestrelli,Simone Canestrelli,CB,70,24,11-09-2000,31,Serie A,110738,Pisa,Italy,1,45,41,68,61,50,56,61,63,67,46,65,60,76,88,76,71,30,48,50,72,74,70,6,11,13,13,6
259176,A. Al Haider,Arif Saleh Al Haydarعارف صالح آل حيدر,"RB, RM",59,28,20-06-1997,350,Pro League,112883,Al Khaleej,Saudi Arabia,1,52,50,40,51,60,50,55,88,82,81,50,54,62,75,58,53,53,53,52,53,51,49,13,11,14,13,9
248559,L. Pétrot,Léo Pétrot,"LB, CB, LM",70,28,15-04-1997,53,La Liga,468,Elche CF,France,1,61,33,68,63,54,48,61,64,66,61,67,30,79,79,81,69,45,42,55,70,72,73,15,8,7,11,7
77336,Nuno Félix,Nuno Miguel Madeira Fernandes Félix,"CDM, CM",64,21,16-03-2004,308,Primeira Liga,234,SL Benfica,Portugal,1,51,38,57,64,63,61,67,60,59,55,63,59,55,65,49,63,41,57,46,61,65,59,6,7,8,11,9
76624,Vitor Reis,Vitor de Oliveira Nunes dos Reis,CB,70,19,12-01-2006,53,La Liga,110062,Girona FC,Brazil,1,28,29,70,69,65,65,67,64,65,61,69,42,74,62,71,72,32,59,63,71,71,70,9,9,15,15,14
278659,Pau Navarro,Pau Navarro Badenes,"CB, RB, CM",70,20,25-04-2005,53,La Liga,483,Villarreal CF,Spain,1,44,34,74,69,66,61,69,59,58,63,69,52,70,64,59,71,29,59,57,73,73,71,9,9,8,10,10
255411,B. Duke,Bryce Duke,"CAM, CM",65,24,28-02-2001,39,Major League Soccer,111139,CF Montréal,United States,1,66,58,39,71,68,66,69,70,49,80,60,63,41,64,39,41,60,66,66,49,50,41,6,8,12,8,10
80096,J. Masanka Bungi,Joyeux Masanka Bungi,"LM, LW",61,18,24-01-2007,19,Bundesliga,112172,RB Leipzig,Belgium,1,64,45,60,65,60,64,55,70,65,60,58,64,69,55,63,46,58,55,50,40,56,55,14,10,11,8,12
78986,André Ceitil,André Filipe Castanheira Ceitil,"CDM, CM",67,30,11-03-1995,308,Primeira Liga,112516,CD Tondela,Portugal,1,49,52,68,69,59,64,69,56,56,50,64,58,68,57,67,63,37,62,49,66,69,64,7,12,7,11,10
253074,G. Kyeremeh,Godson Kyeremeh,"RM, LM, ST, RW",66,25,14-06-2000,16,Ligue 1,1738,Le Havre AC,France,1,64,63,49,58,66,55,65,90,83,80,60,65,55,56,33,21,63,62,61,24,38,40,11,6,7,7,9
252082,C. Brym,Charles-Andreas Brym,"ST, LM",66,26,08-08-1998,10,Eredivisie,1904,NAC Breda,Canada,1,56,66,56,63,65,41,64,83,84,75,65,68,65,76,61,26,66,55,59,18,31,26,10,8,14,7,5
257978,S. Soumano,Sambou Soumano,ST,71,24,13-01-2001,16,Ligue 1,217,FC Lorient,Senegal,1,45,76,71,65,78,46,74,71,70,64,58,73,76,58,61,23,70,59,58,24,22,20,5,12,7,11,11
246299,D. Diani,Djibril Diani,"CDM, CM",67,27,11-02-1998,39,Major League Soccer,114640,Charlotte FC,France,1,46,45,58,68,60,64,68,55,67,61,58,54,73,75,85,62,50,58,55,60,69,66,9,7,13,9,14
278814,Marcos Peña,Marcos Peña Ocaña,CM,61,20,22-01-2005,308,Primeira Liga,112809,Famalicão,Spain,1,52,52,32,66,60,60,63,72,55,83,64,49,39,54,39,54,55,62,61,54,58,51,14,5,8,12,11
264110,Javi Llabrés,Javier Llabrés Exposito,"LM, LW",69,22,11-09-2002,53,La Liga,453,RCD Mallorca,Spain,1,68,65,37,64,68,56,69,80,78,80,62,59,52,79,47,32,62,61,56,28,34,32,15,10,11,9,13
278990,Brenner,Brenner Lucas Gonçalves Santos,"LW, RW, LM",67,23,02-01-2002,308,Primeira Liga,1438,Santa Clara,Brazil,1,68,61,49,64,71,56,71,80,76,67,66,75,58,74,47,22,67,49,48,20,33,31,9,10,14,7,15
72711,C. Valerius,Cherrion Valerius,"RB, CB, RM",66,19,22-09-2005,10,Eredivisie,1904,NAC Breda,Netherlands,1,58,28,63,63,60,55,64,73,65,60,63,58,85,66,72,65,42,50,59,59,65,64,14,6,8,11,11
275288,M. Mbaye,Malick Mbaye,"RM, RW",65,21,06-04-2004,16,Ligue 1,68,FC Metz,Senegal,1,58,67,53,59,64,55,68,83,81,64,48,69,71,63,60,22,65,59,58,28,26,27,9,7,6,9,15
274528,L. Schouten,Lewis Schouten,"CB, CDM, CM",62,21,04-04-2004,10,Eredivisie,1971,Excelsior,Netherlands,1,44,44,58,66,58,64,67,64,72,51,57,57,70,60,71,61,42,60,52,59,63,58,13,14,7,13,8
209281,Y. Al Shehri,Yahya Sulaiman Ali Al Shehriيحيى سليمان علي الشهري,"RM, CM, CAM, RB",66,35,26-06-1990,350,Pro League,113037,Al Riyadh,Saudi Arabia,1,68,60,46,68,67,67,70,66,51,62,60,58,36,60,38,41,64,72,72,19,33,29,15,13,11,12,15
266685,L. Jaquez,Luca Antony Jaquez,CB,69,22,02-06-2003,19,Bundesliga,36,VfB Stuttgart,Switzerland,1,38,45,66,66,60,63,66,60,68,59,68,45,75,59,79,67,50,43,59,66,70,67,14,15,11,10,12
262889,A. García MacNulty,Anselmo García MacNulty,"CB, LB, LM",68,22,19-02-2003,10,Eredivisie,1914,PEC Zwolle,Republic of Ireland,1,59,34,66,62,59,60,62,64,66,66,62,48,77,73,79,65,29,49,54,66,66,75,9,6,11,14,14
80886,Rafael Lobato,Rafael Genuino Lobato,"RW, LW, RM",63,19,23-02-2006,308,Primeira Liga,744,Rio Ave FC,Brazil,1,58,65,43,59,65,53,66,68,69,67,60,75,50,56,54,37,62,58,71,27,33,29,6,9,7,8,10
265754,D. Salifou,Dikeni-Rafid Salifou,"CDM, CM",64,22,08-06-2003,19,Bundesliga,38,SV Werder Bremen,Togo,1,50,42,59,66,57,64,63,54,54,63,63,56,64,55,68,60,56,58,52,61,66,62,11,6,10,9,14
77671,K. Kossa-Rienzi,Kalani Kossa-Rienzi,"RB, RM",63,23,27-06-2002,39,Major League Soccer,111144,Seattle Sounders FC,United States,1,61,51,54,61,64,59,60,67,58,55,59,55,56,64,50,65,60,56,64,57,62,59,9,8,11,13,15
260264,N. Ohio,Noah Chidiebere Junior Anyanwu Ohio,ST,67,22,16-01-2003,10,Eredivisie,1903,FC Utrecht,Netherlands,1,42,65,57,63,67,40,65,88,88,77,64,68,82,64,75,20,64,47,62,21,24,22,14,7,12,10,9
76992,Pedro Bondo,Pedro Bondo Francisco,"LB, LM",66,20,16-11-2004,308,Primeira Liga,112809,Famalicão,Angola,1,67,42,47,56,67,44,65,78,79,79,70,37,66,71,64,62,55,52,51,60,60,59,9,8,11,11,9
265188,G. Scalvini,Giorgio Scalvini,CB,77,21,11-12-2003,31,Serie A,39,Atalanta,Italy,1,38,23,73,72,56,62,70,56,55,48,77,57,74,61,71,81,28,61,72,79,82,80,6,12,12,9,6
270331,Z. Hawsawi,Zakaria Seraj Hawsawiزكريا سراج هوساوي,"LB, LM",65,24,12-01-2001,350,Pro League,112387,Al Ahli SFC,Saudi Arabia,1,53,28,42,62,71,42,73,90,91,79,56,43,66,65,62,53,56,52,63,52,64,66,15,12,15,7,8
245518,M. Al Thani,Mohamed Al Thani,"RB, RM",61,28,22-01-1997,350,Pro League,112391,Al Qadsiah FC,Saudi Arabia,1,57,56,51,54,64,47,65,79,81,62,59,51,62,76,52,53,62,59,52,48,52,51,11,11,8,10,7
278061,T. Gomis,Tidiam Diadie Stephan Gomis,"LM, RM, ST, LW",68,18,08-08-2006,19,Bundesliga,112172,RB Leipzig,France,1,62,57,33,59,74,49,73,81,89,78,56,61,58,55,57,27,72,68,70,24,35,34,15,14,13,10,13
237391,M. De Luca,Manuel De Luca,ST,69,26,17-07-1998,31,Serie A,111434,Cremonese,Italy,1,42,72,74,61,62,49,69,53,52,50,68,74,80,73,81,33,75,61,69,39,22,18,8,12,9,6,8
76116,A. Bouwman,Aaron Bouwman,CB,65,17,28-08-2007,10,Eredivisie,245,Ajax,Netherlands,1,50,49,66,63,50,50,62,62,65,62,62,68,70,62,67,63,29,42,64,65,66,63,7,13,6,8,11
260436,S. van Ottele,Syb van Ottele,"CB, CDM",67,23,02-02-2002,10,Eredivisie,634,Fortuna Sittard,Netherlands,1,42,46,61,63,41,58,50,61,61,61,65,88,76,64,81,68,28,40,62,67,70,68,14,13,6,9,11
276600,Lee Hyun Ju,Hyun-ju Lee이현주,"CAM, RM, CM",69,22,07-02-2003,308,Primeira Liga,112513,FC Arouca,Korea Republic,1,57,65,39,73,72,62,71,81,59,87,68,52,54,71,48,33,69,71,68,34,27,31,8,15,14,11,7
269181,D. Coppola,Diego Coppola,CB,74,21,28-12-2003,13,Premier League,1808,Brighton & Hove Albion,Italy,1,40,36,74,70,61,62,65,52,52,42,74,59,74,68,72,75,35,52,58,76,75,74,10,8,7,14,5
77186,Korede Osundina,Oluwakorede David Osundina,"LW, RW, CAM, LM",64,21,13-02-2004,308,Primeira Liga,114510,Casa Pia,United States,1,65,70,60,52,64,50,63,78,80,58,56,74,75,55,65,26,62,54,50,24,24,25,12,11,11,5,13
216199,P. Mainka,Patrick Mainka,CB,76,30,06-11-1994,19,Bundesliga,111235,1. FC Heidenheim 1846,Germany,1,39,33,80,64,45,58,58,38,53,49,75,64,70,80,84,78,35,44,74,78,78,75,11,9,9,14,6
276633,N. Mendy,Nobel Mendy,"CB, LB",66,20,16-08-2004,53,La Liga,480,Rayo Vallecano,France,1,55,43,64,62,53,54,62,58,70,48,63,49,68,59,67,66,50,60,56,60,66,66,10,15,9,14,13
259766,F. Stevens,Finley John Stevens,"RB, RM",63,22,10-04-2003,19,Bundesliga,110329,FC St. Pauli,Wales,1,65,43,47,62,62,63,62,63,62,69,62,50,58,61,62,62,62,57,62,63,58,60,10,11,6,11,14
76730,J. Bourgault,Justin Bourgault,"LB, LM",65,19,14-09-2005,16,Ligue 1,378,Stade Brestois 29,France,1,65,35,65,61,57,38,65,67,57,56,55,67,70,68,64,59,48,42,57,55,68,65,12,8,7,15,14
262339,G. Luján,Gonzalo Luján Melli,"CB, RB, RM",69,24,27-04-2001,39,Major League Soccer,112893,Inter Miami,Argentina,1,66,25,65,64,57,60,61,66,59,58,68,65,77,74,78,68,52,42,61,70,71,68,10,9,5,9,10
231633,I. Diop,Issa Laye Lucas Jean Diop,CB,76,28,09-01-1997,13,Premier League,144,Fulham FC,France,2,37,30,77,68,52,63,59,49,63,52,75,51,82,60,87,77,42,43,65,77,76,75,10,7,6,14,9
258782,A. Ismajli,Ardian Ismajli,CB,74,28,30-09-1996,31,Serie A,54,Torino,Albania,1,34,22,75,64,58,61,61,66,68,66,74,60,76,72,66,78,24,38,67,79,78,74,9,14,10,12,13
77829,H. Makalou,Hamidou Makalou,"CDM, CM",63,18,15-07-2006,16,Ligue 1,378,Stade Brestois 29,Mali,1,36,53,44,68,66,63,68,60,58,78,54,56,40,64,44,60,52,56,60,56,66,61,12,11,11,7,6
272433,Herrando,Jorge Herrando Oroz,CB,74,24,28-02-2001,53,La Liga,479,CA Osasuna,Spain,1,41,26,77,75,69,69,72,53,45,51,74,59,72,66,61,75,31,50,63,75,77,76,10,12,11,6,13
278587,D. Gül,Deniz Gül,ST,66,20,02-07-2004,308,Primeira Liga,236,FC Porto,Türkiye,1,42,65,63,65,67,54,68,68,69,69,69,65,74,61,72,29,67,69,70,26,21,20,5,11,14,15,6
74329,J. Rouhi,Jonas Jakob Rouhi,"LB, LM",66,21,07-01-2004,31,Serie A,45,Juventus,Sweden,1,65,30,52,67,66,60,65,65,64,53,61,55,53,55,49,63,48,42,48,69,68,69,8,9,12,12,6
271202,N. Cavuoti,Nicolò Cavuoti,"CAM, CM",61,22,04-04-2003,31,Serie A,1842,Cagliari,Italy,1,58,52,48,65,65,61,66,69,65,70,59,61,53,59,52,33,50,59,57,40,42,40,14,12,7,9,5
279700,M. Coulibaly,Mamadou Coulibaly,CM,64,21,21-04-2004,16,Ligue 1,69,AS Monaco,France,1,47,53,48,68,61,65,66,63,55,68,63,56,49,64,49,64,55,65,64,57,63,57,11,8,8,8,6
79270,Alisson,Alisson de Almeida Santos,"LW, RW, LM",66,22,27-09-2002,308,Primeira Liga,237,Sporting CP,Brazil,1,58,56,39,62,72,61,70,82,83,84,59,66,57,69,54,24,60,60,59,29,34,32,6,8,10,11,15
256934,J. Atencio,Joshua Atencio,"CDM, CM, CB, CAM",64,23,31-01-2002,39,Major League Soccer,694,Colorado Rapids,United States,1,38,37,69,60,52,55,55,63,65,58,63,65,80,67,83,66,50,57,56,64,67,63,9,13,10,7,12
279239,J. Addai,Jayden Osei Addai,"RM, RW",67,19,26-08-2005,31,Serie A,1745,Como,Netherlands,1,62,65,42,61,72,56,67,90,78,79,58,62,63,62,56,20,63,56,60,28,33,28,12,12,11,12,8
269088,A. Nuñez,Alan Herminio Núñez Duarte,"RB, RM",60,20,01-10-2004,308,Primeira Liga,1891,CD Nacional,Paraguay,1,56,45,48,58,58,50,60,73,74,70,54,58,57,60,54,58,55,50,52,58,59,51,6,7,9,7,5
257340,S. Włodarczyk,Szymon Piotr Włodarczyk,ST,67,22,05-01-2003,10,Eredivisie,1971,Excelsior,Poland,1,33,67,72,60,63,49,64,68,74,73,64,68,79,75,71,14,68,60,67,17,21,18,14,12,6,9,14
74063,J. Díaz,Jefferson Abel Díaz Beleño,"CB, RB, RM",67,24,05-12-2000,39,Major League Soccer,111138,Minnesota United FC,Colombia,1,61,45,67,62,57,66,59,60,67,65,62,36,74,72,75,68,53,58,59,70,69,65,12,9,11,10,7
232693,C. Awaziem,Chidozie Collins Awaziem,CB,70,28,01-01-1997,16,Ligue 1,71,FC Nantes,Nigeria,1,30,36,70,66,57,61,61,70,73,69,70,53,79,72,77,68,28,44,69,67,71,69,12,5,11,14,13
253464,M. Højholt,Malthe Højholt,"CDM, CM",66,24,16-04-2001,31,Serie A,110738,Pisa,Denmark,1,40,41,46,68,63,64,67,63,64,63,68,54,55,71,57,64,59,62,72,65,64,61,10,10,8,6,13
74879,K. Shiogai,Kento Shiogai塩貝 健人,ST,66,20,26-03-2005,10,Eredivisie,1910,NEC Nijmegen,Japan,1,52,64,59,57,69,49,64,85,84,65,66,75,73,51,58,13,63,54,54,22,14,19,8,7,14,11,15
71296,İ. Vural,İsak Vural,CM,62,19,28-05-2006,31,Serie A,110738,Pisa,Türkiye,1,54,56,55,67,65,64,66,64,59,63,60,63,50,51,43,54,65,65,54,40,45,52,12,14,9,6,12
266123,O. Provstgaard,Oliver Provstgaard Nielsen,CB,67,22,04-06-2003,31,Serie A,46,Lazio,Denmark,1,40,32,66,66,54,60,62,65,67,53,65,58,77,72,80,63,48,44,62,65,67,64,13,11,12,6,13
225976,S. Mandash,Sultan Ahmed Mohammed Mandashسلطان مندش,"RW, RM",67,30,17-10-1994,350,Pro League,112393,Al Taawoun FC,Saudi Arabia,1,63,58,43,61,71,56,68,81,82,84,62,60,63,76,61,12,64,59,59,26,27,23,7,13,14,7,10
266507,A. Alvarado,Alejandro Alvarado Jr.,"CAM, CM",63,21,29-07-2003,39,Major League Soccer,131439,San Diego FC,United States,1,58,45,51,71,61,67,65,62,66,57,64,59,47,55,42,33,62,67,64,44,47,53,11,14,8,15,5
72054,Wendel Silva,Wendel da Silva Costa,ST,69,24,02-08-2000,308,Primeira Liga,1438,Santa Clara,Brazil,1,46,72,70,64,68,58,66,76,73,63,68,68,81,68,72,15,67,57,62,20,21,18,14,8,7,9,9
278923,Héctor Fort,Héctor Fort García,"RB, LB, LM",68,18,02-08-2006,53,La Liga,468,Elche CF,Spain,1,69,35,64,66,56,62,69,67,76,62,65,43,69,51,61,64,51,49,62,63,67,66,7,10,6,8,9
278434,T. Medina,Tobías Medina,"CM, CAM",64,21,03-03-2004,308,Primeira Liga,744,Rio Ave FC,Argentina,1,59,54,46,68,67,67,66,63,61,65,52,60,44,65,41,41,65,69,60,36,58,46,14,13,14,14,9
269250,Yago Santiago,Yago de Santiago Alonso,"LM, LW, RM",68,22,15-04-2003,53,La Liga,468,Elche CF,Spain,1,66,63,45,69,69,59,68,76,75,75,64,60,58,55,50,22,66,66,64,40,26,24,6,14,12,7,9
74759,Gustavo Nunes,Gustavo Nunes Fernandes Gomes,"LM, RM, LW",65,19,20-11-2005,13,Premier League,1925,Brentford,Brazil,1,61,60,51,59,70,48,64,85,78,80,59,62,62,60,46,27,61,63,63,28,31,31,7,14,11,12,12
171791,José Fonte,José Miguel da Rocha Fonte,CB,72,41,22-12-1983,308,Primeira Liga,114510,Casa Pia,Portugal,1,47,42,80,68,61,65,63,31,31,31,62,60,76,62,81,71,48,63,70,74,74,69,7,11,16,10,6
245264,M. Kaufmann,Mikkel Kaufmann Sørensen,ST,68,24,03-01-2001,19,Bundesliga,111235,1. FC Heidenheim 1846,Denmark,1,51,67,63,63,64,43,68,78,82,65,66,73,80,62,75,18,70,56,65,23,22,17,14,12,10,6,14
271414,K. Etta Eyong,Karl Edouard Blaise Etta Eyong,ST,68,21,14-10-2003,53,La Liga,1853,Levante UD,Cameroon,1,43,70,67,65,62,56,71,65,66,55,66,72,71,44,69,21,72,62,68,25,22,24,14,12,10,8,11
78669,Lucas Nuñez,Lucas Nuñez Ramirez,CM,61,19,18-03-2006,53,La Liga,461,Valencia CF,Spain,1,38,59,54,63,64,60,63,58,59,54,57,55,59,56,61,58,59,61,62,54,59,54,7,10,6,8,12
243390,I. Poveda,Ian Carlo Poveda-Ocampo,"RM, CAM, RW",69,25,09-02-2000,13,Premier League,106,Sunderland,Colombia,1,65,61,27,64,74,52,72,84,70,82,66,54,57,55,56,27,66,66,65,35,36,31,7,9,7,8,11
225263,D. Ćaleta-Car,Duje Ćaleta-Car,CB,74,28,17-09-1996,53,La Liga,457,Real Sociedad,Croatia,2,28,32,75,69,59,68,64,54,62,34,72,67,80,58,84,73,54,60,72,73,75,73,8,9,9,10,8
266335,L. Petrasso,Luca Allan Petrasso,"LB, LM, CB",62,25,16-06-2000,39,Major League Soccer,111139,CF Montréal,Canada,1,64,36,42,57,62,54,61,66,74,62,56,60,56,71,66,56,59,59,43,58,60,55,12,10,12,5,7
242558,R. Solan,Ramzi Fateh El Deen Solanرمزي فتح الدين صولان,"RB, RM",60,27,18-04-1998,350,Pro League,131735,Al Kholood,Saudi Arabia,1,54,49,47,54,61,48,61,83,83,80,55,50,61,74,51,51,53,49,51,48,53,52,13,13,6,15,11
260482,T. Ángel,Tomás Ángel Gutiérrez,"ST, LW, LM",69,22,20-02-2003,39,Major League Soccer,131439,San Diego FC,Colombia,1,49,74,66,62,69,48,68,80,81,81,65,66,77,60,66,11,68,55,49,13,13,15,11,9,12,12,12
276619,Rafael Navarro,Rafael Navarro Leal,"ST, CAM",68,25,14-04-2000,39,Major League Soccer,694,Colorado Rapids,Brazil,1,41,76,69,62,69,50,69,72,65,66,55,65,78,66,71,41,73,48,52,41,21,18,13,9,7,13,8
79513,B. Deuff,Bahmed Deuff,"CDM, CM",62,19,10-03-2006,16,Ligue 1,71,FC Nantes,France,1,43,44,61,69,68,60,63,52,58,51,59,65,74,53,85,53,47,53,63,51,67,65,11,12,11,15,13
251812,B. Kemper,Boy Kemper,"LB, CB, LM",66,26,21-06-1999,10,Eredivisie,1904,NAC Breda,Netherlands,1,55,36,58,60,62,55,66,66,63,63,63,48,71,69,73,66,44,47,60,63,67,66,9,13,11,7,10
256427,M. Lahdo,Mayckel Lahdo,"RW, LW, RM",68,22,30-12-2002,16,Ligue 1,71,FC Nantes,Sweden,1,60,69,31,61,73,57,72,84,75,81,61,68,58,65,56,31,64,57,62,24,27,25,14,6,14,14,8
258813,T. Wolff,Tyler David Wolff,"LM, LW, CM, LB",67,22,13-02-2003,39,Major League Soccer,111065,Real Salt Lake,United States,1,62,57,40,72,68,69,68,72,74,65,52,54,60,62,67,50,60,65,55,48,42,34,14,7,12,10,6
257570,J. Wieckhoff,Jannes Luca Wieckhoff,"RB, RM",65,24,02-08-2000,10,Eredivisie,100634,Heracles Almelo,Germany,1,64,40,52,61,61,53,64,73,81,67,61,55,65,72,60,61,55,51,49,57,60,55,9,15,9,9,10
258870,C. Staring,Casper Staring,"CDM, RM, CM",64,24,01-02-2001,10,Eredivisie,1904,NAC Breda,Netherlands,1,44,40,60,65,52,61,58,67,37,67,62,53,72,67,71,63,43,54,62,66,65,64,12,11,14,12,8
215651,Samir Caetano,Samir Caetano de Souza Santos,CB,73,30,05-12-1994,350,Pro League,115892,Al-Najma SC,Brazil,1,63,24,70,65,57,59,60,55,64,50,66,60,74,66,76,76,30,47,63,73,78,74,11,11,14,11,14
266373,B. Bender,Benjamin Bender,"CAM, LM, CM",62,24,07-03-2001,39,Major League Soccer,112134,Philadelphia Union,United States,1,59,59,42,65,62,58,65,65,64,62,57,66,52,65,59,60,61,65,53,29,36,58,5,10,8,11,8
241031,F. Garcés,Facundo Tomás Garcés,CB,73,25,05-09-1999,53,La Liga,463,Deportivo Alavés,Malaysia,1,38,31,74,64,59,60,62,50,54,60,69,55,78,69,81,67,43,53,70,75,75,74,7,6,9,12,13
268436,I. Hansen-Aarøen,Isak Hansen-Aarøen,"CAM, CM, ST",62,20,22-08-2004,19,Bundesliga,38,SV Werder Bremen,Norway,1,54,50,39,65,66,60,64,77,65,86,59,53,50,60,48,48,57,62,65,45,52,46,11,15,13,11,10
260772,W. Carmona,Wikelman José Carmona Torres,"LM, RM, CAM, LW",64,22,24-02-2003,39,Major League Soccer,689,New York Red Bulls,Venezuela,1,55,55,36,60,70,53,67,82,78,78,49,70,59,61,59,38,56,59,54,47,34,31,9,7,13,11,8
261422,A. Nagalo,Adamo Nagalo,CB,71,22,22-09-2002,10,Eredivisie,247,PSV,Burkina Faso,1,35,25,69,68,58,70,67,68,72,60,63,45,81,72,85,68,28,50,70,69,73,68,11,6,11,13,14
258396,C. Özkacar,Cenk Özkaçar,"CB, LB",70,24,06-10-2000,19,Bundesliga,31,1. FC Köln,Türkiye,1,42,26,71,65,58,62,64,55,59,61,66,64,78,68,78,68,44,59,64,69,70,70,11,8,10,9,5
241693,B. Lucassen,Boyd Lucassen,"RB, RM",64,27,01-07-1998,10,Eredivisie,1904,NAC Breda,Netherlands,1,55,48,52,60,56,58,60,68,63,59,62,58,64,72,67,65,48,41,55,63,64,61,15,6,9,7,11
277309,H. Meister,Henrik Wendel Meister,ST,67,21,17-11-2003,31,Serie A,110738,Pisa,Denmark,1,42,68,67,61,61,51,63,67,74,63,62,70,80,60,82,33,68,60,64,29,26,20,8,13,11,6,5
250998,S. Tengstedt,Søren Østergaard Tengstedt,"CAM, RM, ST",65,25,30-06-2000,10,Eredivisie,100632,Go Ahead Eagles,Denmark,1,59,66,59,64,69,59,70,77,62,68,64,70,77,63,72,15,63,60,64,19,17,19,11,12,9,8,11
264085,D. Brekalo,David Brekalo,"CB, LB",70,26,03-12-1998,39,Major League Soccer,112606,Orlando City SC,Slovenia,1,56,25,71,64,61,58,64,74,73,48,65,35,88,83,85,67,21,40,69,70,68,68,9,10,11,14,14
256689,L. Gueye,Mamadou Lamine Gueye,"RM, RW",64,27,13-03-1998,16,Ligue 1,111817,Paris FC,Senegal,1,62,61,61,64,64,60,65,70,68,71,59,69,66,51,56,19,60,59,63,19,23,18,6,10,11,13,8
268727,M. Jonathans,Miliano Jonathans,"RW, RM",66,21,05-04-2004,10,Eredivisie,1903,FC Utrecht,Indonesia,1,61,62,49,63,65,60,66,75,75,72,66,63,58,65,51,21,62,63,63,24,16,14,15,10,14,9,5
260616,A. Saldaña,Adam Jesús Jr. Esparza Saldaña,"CDM, CM",61,23,07-02-2002,39,Major League Soccer,112996,Los Angeles FC,United States,1,42,42,46,61,58,60,60,55,54,75,56,55,56,61,67,55,58,59,62,60,64,60,14,5,11,8,13
222493,M. Friedrich,Marvin Friedrich,CB,74,29,13-12-1995,19,Bundesliga,23,Borussia Mönchengladbach,Germany,1,43,39,79,58,43,64,57,54,62,40,69,58,73,55,79,74,32,59,68,72,79,78,10,13,13,15,14
251681,Maracás,Jóbson de Brito Gonzaga,CB,72,31,27-04-1994,308,Primeira Liga,1900,Moreirense FC,Brazil,1,40,26,73,66,51,63,63,74,75,67,72,48,83,73,74,71,25,28,61,71,73,72,13,5,11,6,12
243459,T. Barlow,Tom Barlow,"ST, CAM, CM",61,29,08-07-1995,39,Major League Soccer,693,Chicago Fire,United States,1,40,62,71,51,51,48,52,75,76,65,60,64,85,73,75,36,59,54,56,20,37,36,9,12,13,11,8
242245,F. Al Rashidi,Fahad Al Rashidiفهد الرشيدي,"RM, LM, RW",61,28,16-05-1997,350,Pro League,112387,Al Ahli SFC,Saudi Arabia,1,56,56,45,53,67,45,62,88,86,86,52,70,61,59,63,32,52,46,44,53,32,26,12,15,15,6,10
266099,P. Pagis,Pablo Pagis,"LM, ST, LW",68,22,29-12-2002,16,Ligue 1,217,FC Lorient,France,1,56,69,68,68,72,58,74,70,65,67,64,69,70,76,60,15,67,54,59,18,16,20,9,8,13,6,8
232829,K. Ogawa,Koki Ogawa小川 航基,ST,68,27,08-08-1997,10,Eredivisie,1910,NEC Nijmegen,Japan,1,49,70,74,63,64,48,67,50,51,67,68,72,66,68,72,12,74,63,72,25,32,19,9,10,14,9,14
271061,J. Ekomié,Jacques Ekomié,"LB, LM",68,21,19-08-2003,16,Ligue 1,1530,Angers SCO,Gabon,1,62,29,59,68,62,59,66,75,69,58,64,32,70,67,62,65,51,42,59,61,68,64,12,13,8,11,12
247264,A. Seko,Ayumu Seko瀬古 歩夢,"CB, CDM",69,25,07-06-2000,16,Ligue 1,1738,Le Havre AC,Japan,1,42,30,68,71,53,68,64,63,65,60,70,53,74,90,73,71,39,54,66,70,69,67,12,7,10,14,6
75516,E. Dijkstra,Elijah Dijkstra,"RB, LB, RM",64,18,05-08-2006,10,Eredivisie,1906,AZ Alkmaar,Netherlands,1,64,38,49,62,66,40,65,81,84,82,54,56,59,65,49,55,52,51,50,50,63,61,9,15,6,15,13
80690,M. De Carvalho,Mathys De Carvalho,"CDM, CM",63,20,01-05-2005,16,Ligue 1,66,Olympique Lyonnais,France,1,51,53,56,66,58,64,63,51,61,49,60,60,59,58,60,62,46,63,63,58,63,60,9,11,9,9,14
224396,Y. Gómez Andrade,Yeimar Pastor Gómez Andrade,CB,75,33,30-06-1992,39,Major League Soccer,111144,Seattle Sounders FC,Colombia,1,40,28,80,59,56,52,59,63,63,56,69,52,81,79,89,77,37,41,63,73,74,67,13,10,10,14,11
78989,Cícero,Cícero Clebson Alves Santana,"CDM, CM",66,28,10-05-1997,308,Primeira Liga,112516,CD Tondela,Brazil,1,53,35,58,67,59,67,67,63,56,57,58,51,67,67,70,67,42,59,46,62,66,64,15,10,13,14,6
277645,Afonso Rodrigues,Afonso de Oliveira Rodrigues,"LM, RM, LW",62,22,19-08-2002,308,Primeira Liga,112516,CD Tondela,Portugal,1,58,64,57,57,64,55,61,72,73,64,57,70,66,57,56,30,59,61,65,28,27,23,5,7,13,6,13
277969,A. Faye,Abdoulaye Faye,CB,68,20,22-09-2004,16,Ligue 1,217,FC Lorient,Senegal,1,23,26,65,67,63,63,66,75,77,65,65,41,79,65,74,68,55,57,58,66,67,66,9,14,11,12,13
239078,S. Schimmer,Stefan Schimmer,ST,68,31,28-04-1994,19,Bundesliga,111235,1. FC Heidenheim 1846,Germany,1,40,71,69,61,59,36,67,64,61,66,65,70,77,65,77,20,72,40,67,30,23,23,7,6,15,9,14
75541,M. Sofo,Mohammed Sofo,"LM, LW, RM",64,20,31-10-2004,39,Major League Soccer,689,New York Red Bulls,Ghana,1,60,70,56,59,71,55,61,77,78,63,52,68,65,60,53,26,64,51,50,30,35,33,10,13,7,12,10
246300,B. Vera,Brayan Emanuel Vera Ramírez,CB,69,26,15-01-1999,39,Major League Soccer,111065,Real Salt Lake,Colombia,1,64,41,67,59,45,46,62,69,70,67,64,45,78,56,78,68,29,37,60,72,69,68,5,12,12,10,8
71981,Diogo Spencer,Diogo Filipe Spencer Marques,"RB, RM, LB",64,21,17-04-2004,308,Primeira Liga,131463,AVS Futebol SAD,Portugal,1,62,48,43,70,72,63,70,74,73,68,58,54,44,77,37,57,49,65,62,54,58,57,13,11,11,9,12
269120,N. Hopland,Nikolai Søyset Hopland,CB,67,20,24-07-2004,10,Eredivisie,1913,SC Heerenveen,Norway,1,40,40,65,63,51,55,61,63,64,67,66,55,75,66,76,66,41,38,58,67,69,66,10,6,10,12,13
240859,Berrocal,Juan Berrocal González,CB,71,25,05-12-1999,39,Major League Soccer,112885,Atlanta United,Spain,1,35,29,68,66,42,58,62,52,63,61,71,59,73,73,78,72,33,42,60,73,73,70,11,12,12,11,11
71388,Cabello,Jorge Cabello Trujillo,"CB, LB",66,21,25-04-2004,53,La Liga,1853,Levante UD,Spain,1,53,37,66,63,49,57,52,68,67,63,62,45,70,68,63,64,42,48,54,67,71,69,13,10,11,11,9
74502,O. Kouassi,Christ-Owen Kouassi Bathele,"RB, CB, RM",69,22,15-04-2003,31,Serie A,347,Lecce,Côte d'Ivoire,1,52,28,71,63,51,49,59,67,73,52,66,47,79,81,74,68,47,37,53,65,73,68,8,9,13,9,15
77664,T. Kraaijeveld,Thijs Kraaijeveld,"CM, CDM, CB",59,18,03-05-2007,10,Eredivisie,246,Feyenoord,Netherlands,1,51,52,57,65,64,65,62,63,68,62,59,61,64,53,60,45,50,59,66,44,58,56,8,13,15,7,13
272487,Dani Pérez,Daniel Pérez Guerrero,"CM, CAM",63,19,26-07-2005,53,La Liga,449,Real Betis Balompié,Spain,1,58,55,42,69,67,66,69,61,52,80,55,52,37,52,36,54,52,65,56,54,55,53,7,9,8,8,15
81307,Lorran,Lorran Lucas Pereira de Sousa,"CAM, CM",65,18,04-07-2006,31,Serie A,110738,Pisa,Brazil,1,48,61,48,66,71,65,71,68,69,67,61,61,60,61,61,30,62,56,60,40,34,33,12,7,6,11,7
242114,I. Mahnashi,Ibrahim Mahnashi,"CDM, CM",61,25,18-11-1999,350,Pro League,112391,Al Qadsiah FC,Saudi Arabia,1,54,42,51,60,55,56,64,67,65,67,60,49,64,62,69,60,48,55,46,55,63,59,14,8,14,6,8
80666,Manu Fernández,Manuel Fernández Arroyo,CB,70,24,23-04-2001,53,La Liga,450,RC Celta,Spain,1,49,41,70,64,53,56,62,54,65,49,70,52,72,54,74,71,39,54,63,70,72,66,13,9,5,15,9
275507,M. Sarr,Mamadou Sarr,CB,76,19,29-08-2005,16,Ligue 1,76,RC Strasbourg Alsace,France,1,36,21,75,71,53,58,63,53,76,37,75,58,78,61,80,77,19,56,75,77,78,74,14,5,8,13,12
246836,A. Pieper,Amos Pieper,CB,75,27,17-01-1998,19,Bundesliga,38,SV Werder Bremen,Germany,1,37,27,76,68,50,60,62,60,71,38,76,50,74,76,78,76,31,50,71,77,78,76,12,12,10,9,11
75896,J. Rodríguez,Juan Sebastián Rodríguez López,"CM, CDM",59,19,27-03-2006,308,Primeira Liga,112516,CD Tondela,Ecuador,1,43,48,49,61,60,60,62,68,66,65,57,51,44,67,40,56,51,56,45,48,59,51,15,11,14,9,14
276646,R. Hranáč,Robin Hranáč,CB,71,25,29-01-2000,19,Bundesliga,10029,TSG 1899 Hoffenheim,Czechia,1,30,25,73,66,48,64,56,65,84,55,69,68,84,64,84,70,36,45,54,68,71,70,5,15,15,6,6
232904,A. Al Dawsari,Abdulrahman Mutlaq Al Dosariعبدالرحمن الدوسري,"CM, CDM, LM",59,27,25-09-1997,350,Pro League,131735,Al Kholood,Saudi Arabia,1,51,38,49,64,61,61,61,71,67,69,56,46,63,69,65,59,55,57,54,52,60,53,6,14,12,10,12
70893,S. Idumbo,Stanis Idumbo Muzambo,"CAM, LM, RM, CM",67,20,29-06-2005,16,Ligue 1,69,AS Monaco,Belgium,1,59,65,60,64,68,59,69,75,80,79,64,60,66,66,53,20,66,66,63,36,15,12,9,13,5,6,10
207616,A. Webster,Adam Harry Webster,CB,75,30,04-01-1995,13,Premier League,1808,Brighton & Hove Albion,England,1,50,30,77,74,68,71,71,52,55,50,75,37,80,55,79,75,26,55,78,76,76,75,10,8,14,7,12
268820,M. Smit,Milan Smit,"ST, LM, LW",66,22,13-02-2003,10,Eredivisie,100632,Go Ahead Eagles,Netherlands,1,50,69,65,58,64,44,65,67,76,67,65,65,71,77,66,22,68,59,64,22,24,23,10,11,11,15,9
79913,Alex Amorim,Amorim Alexsandro,"CAM, CM",64,20,18-05-2005,308,Primeira Liga,717,Alverca,Brazil,1,58,58,47,67,71,62,70,71,63,53,63,69,57,55,54,31,58,57,64,43,38,42,8,14,9,15,6
260657,P. Rothrock,Paul Rothrock,"LM, RM, LW",65,26,09-01-1999,39,Major League Soccer,111144,Seattle Sounders FC,United States,1,63,63,39,56,67,50,66,80,83,78,59,60,63,62,50,38,67,55,56,32,42,32,6,6,9,11,7
266334,S. Rogers,Samual Jarard Rogers,CB,66,26,17-05-1999,39,Major League Soccer,693,Chicago Fire,United States,1,46,39,63,66,58,61,62,66,65,67,61,55,80,67,87,62,44,41,58,62,66,63,12,9,6,8,7
268402,D. Gjengaar,Dennis Gjengaar,"RM, RW",61,21,24-02-2004,39,Major League Soccer,689,New York Red Bulls,Norway,1,55,56,44,54,58,40,60,85,83,80,53,48,65,69,64,52,56,52,52,50,53,51,13,8,11,14,9
245377,N. Al Harthi,Nawaf Khalid Radwad Al Humaili Al Harthiنواف الحارثي,"CM, LM, RM, CAM",60,26,12-10-1998,350,Pro League,113057,Al Fayha,Saudi Arabia,1,58,44,46,62,60,63,64,73,67,73,59,44,62,73,61,53,53,58,63,47,53,41,8,9,11,8,15
209816,Buatu,Jonathan Buatu Mananga,CB,69,31,27-09-1993,308,Primeira Liga,1888,Gil Vicente FC,Angola,1,51,32,70,64,52,58,62,58,54,45,66,64,77,79,82,64,50,34,67,70,73,64,14,6,8,8,9
74416,S. Bane,Sidi Bane,CB,64,21,14-01-2004,308,Primeira Liga,131463,AVS Futebol SAD,Senegal,1,51,49,60,62,53,58,56,67,69,45,62,50,72,44,71,63,39,51,60,62,66,64,12,13,11,8,11
80617,Ryan Carlos,Ryan Carlos Santos de Souza,"LB, LM",64,23,14-05-2002,308,Primeira Liga,718,Estrela da Amadora,Brazil,1,63,33,53,52,66,42,63,74,68,65,68,38,63,63,55,68,63,62,59,60,58,56,10,13,14,6,11
274702,L. Lipani,Luca Lipani,"CM, CDM",65,20,18-05-2005,31,Serie A,111974,Sassuolo,Italy,1,54,35,60,72,62,68,70,53,54,56,64,57,57,60,53,62,58,64,56,60,66,62,6,12,7,10,8
254503,A. Descotte,Anthony Kevin Descotte,"ST, CAM",64,21,03-08-2003,10,Eredivisie,645,FC Volendam,Belgium,1,50,63,48,60,70,46,69,79,74,76,64,65,66,63,63,24,62,54,60,22,33,28,5,6,13,11,12
73259,Ander Yoldi,Ander Yoldi Aizagar,"CAM, LM, CM",66,24,09-09-2000,53,La Liga,479,CA Osasuna,Spain,1,63,66,45,65,66,62,68,70,76,66,63,60,64,57,71,30,66,65,65,35,27,29,9,12,5,9,12
78991,Maranhão,Pedro Henryque Pereira dos Santos,"RW, LM, LW, RM",68,26,02-03-1999,308,Primeira Liga,112516,CD Tondela,Brazil,1,64,65,53,63,73,56,70,75,76,74,63,70,58,65,46,17,64,61,48,29,34,29,8,14,9,8,14
276377,L. Høgsberg,Lucas Høgsberg,"CB, RB, LB, RM",69,19,23-06-2006,16,Ligue 1,76,RC Strasbourg Alsace,Denmark,1,55,29,67,66,59,62,62,65,68,65,67,28,74,67,73,69,54,46,57,67,70,69,6,12,7,13,9
79543,Bernardo Lourenço,Bernardo José Almeida Lourenço,"CAM, CM",61,22,21-08-2002,308,Primeira Liga,10020,GD Estoril Praia,Portugal,1,58,58,51,60,67,57,66,64,68,72,56,65,51,61,48,37,55,57,63,40,41,31,11,11,9,13,14
78540,C. Herrmann,Charles Kwablan Herrmann,"RM, RW",62,19,21-01-2006,19,Bundesliga,23,Borussia Mönchengladbach,Germany,1,57,61,47,58,68,56,66,71,70,72,53,62,56,49,52,26,52,56,56,33,36,47,6,6,10,14,7
256768,J. Mutombo,Jonathan Mutombo Mawesi,"RB, LB, RM",65,22,27-08-2002,308,Primeira Liga,1888,Gil Vicente FC,France,1,60,36,55,57,63,52,66,68,73,60,64,50,71,62,73,59,52,46,51,59,68,65,7,6,8,14,15
157481,Raúl Albiol,Raúl Albiol Tortajada,CB,76,39,04-09-1985,31,Serie A,110738,Pisa,Spain,3,38,27,75,74,59,72,70,31,30,37,74,65,70,34,77,75,30,64,74,77,80,78,8,6,5,9,8
251446,E. Mihaj,Enea MihajΕνέα Μιχάι,CB,72,26,05-07-1998,39,Major League Soccer,112885,Atlanta United,Albania,1,48,33,75,65,47,61,47,59,63,51,60,67,80,67,79,70,42,29,65,73,76,75,8,9,8,11,8
271522,A. Carter,Anthony Charles Carter,ST,70,30,31-08-1994,308,Primeira Liga,1438,Santa Clara,Australia,1,35,73,73,54,65,47,69,64,66,61,71,78,84,66,83,23,69,47,59,17,23,18,15,9,13,11,6
72100,A. Kouassi,Arsène Kan Guy Kouassi,"LB, LM",66,20,11-09-2004,16,Ligue 1,217,FC Lorient,Burkina Faso,1,69,42,29,61,65,52,70,73,51,60,63,34,56,67,65,64,56,42,58,68,68,67,7,9,13,8,11
72905,Raul Gustavo,Raul Gustavo Pereira Bicalho,CB,71,26,24-04-1999,39,Major League Soccer,112828,New York City FC,Brazil,1,31,44,69,69,56,66,60,67,66,60,70,46,78,60,78,69,48,43,65,73,74,70,10,10,5,13,10
242389,Rafael Barbosa,Rafael Avelino Pereira Pinto Barbosa,"LM, CAM, LW",66,29,29-03-1996,308,Primeira Liga,131463,AVS Futebol SAD,Portugal,1,63,58,43,65,70,65,68,74,74,74,60,60,44,58,34,35,61,61,66,22,31,28,6,8,8,7,13
251349,T. Baeten,Thibo Roger Baeten,"ST, CAM",64,23,04-06-2002,10,Eredivisie,100632,Go Ahead Eagles,Belgium,1,29,61,61,50,69,32,66,74,76,70,60,68,77,75,71,34,66,48,56,44,35,36,10,9,6,11,15
229879,D. Romney,David Romney,CB,69,32,12-06-1993,39,Major League Soccer,111928,San Jose Earthquakes,United States,1,59,24,68,66,60,64,60,54,46,49,68,52,76,72,84,68,48,50,68,68,68,68,9,12,8,5,14
277244,Rafa Marín,Rafael Marín Zamora,CB,70,23,19-05-2002,53,La Liga,483,Villarreal CF,Spain,1,47,25,71,71,43,48,71,66,67,65,66,31,76,64,69,67,54,62,65,70,73,71,7,7,13,11,9
229173,G. Gül,Gökhan Gül,"CDM, CM",66,26,17-07-1998,350,Pro League,113060,Al Akhdoud Saudi Club,Türkiye,1,41,38,58,66,59,60,65,65,57,69,65,44,67,71,66,69,34,51,52,65,67,64,12,12,8,12,15
81252,C. Balentien,Cheveyo Balentien,"RM, RW",62,18,18-12-2006,31,Serie A,47,AC Milan,Netherlands,1,61,56,56,62,66,56,65,67,61,56,56,65,62,65,56,29,61,51,56,40,51,40,13,6,12,9,8
80805,Mauro,Mauro Echegoyen Berrozpe,"CDM, CM",64,20,03-03-2005,53,La Liga,479,CA Osasuna,Spain,1,40,41,49,66,57,63,60,66,64,60,59,60,57,64,58,62,54,59,56,60,66,63,12,9,14,12,6
273123,N. Zézé,Nathan Zézé,CB,73,20,18-06-2005,350,Pro League,131798,NEOM SC,France,1,48,31,73,67,53,54,73,68,56,49,72,43,77,69,69,76,32,37,65,74,77,75,15,7,7,9,15
264702,K. Takai,Kota Takai高井 幸大,CB,72,20,04-09-2004,13,Premier League,18,Tottenham Hotspur,Japan,1,39,28,74,67,65,60,62,64,68,51,70,41,81,55,76,71,35,57,66,72,73,71,15,13,5,12,8
259119,S. Sow,Saïdou Sow,CB,71,22,04-07-2002,16,Ligue 1,76,RC Strasbourg Alsace,Guinea,1,43,38,71,64,59,59,65,58,61,52,67,49,79,48,79,69,42,49,68,71,72,69,10,5,10,6,9
262208,R. Baker-Whiting,Reed Vanarthur Baker-Whiting,"LB, RB, LM",60,20,31-03-2005,39,Major League Soccer,111144,Seattle Sounders FC,United States,1,57,56,49,58,61,52,61,73,75,64,52,63,65,59,68,50,53,56,60,52,57,57,6,7,6,6,9
192840,M. Đurić,Milan Đurić,ST,71,35,22-05-1990,31,Serie A,50,Parma,Bosnia and Herzegovina,1,48,72,88,67,57,51,75,32,34,31,74,78,84,62,92,30,75,50,79,28,24,20,7,5,13,10,8
275024,J. Kalumba,Justin-Noël Kalumba Mwana Ngongo,"LM, LB, RM, LW",63,20,25-12-2004,16,Ligue 1,1530,Angers SCO,France,1,64,51,49,66,67,59,67,70,63,74,55,48,54,53,52,51,56,55,61,47,51,44,10,10,12,8,7
247125,Z. Bassong,Zorhan Ludovic Bassong,"LB, CB, CM",63,26,07-05-1999,39,Major League Soccer,696,Sporting Kansas City,Canada,1,57,28,57,58,64,54,62,78,71,70,52,43,73,62,64,60,46,49,50,57,61,60,10,8,12,12,9
251289,T. Keller,Thomas Leon Keller,"CB, CDM",67,25,05-08-1999,19,Bundesliga,111235,1. FC Heidenheim 1846,Germany,1,42,37,68,64,47,59,56,65,52,56,64,61,77,54,77,63,35,52,55,67,70,64,11,7,11,8,12
244915,M. Salisu,Mohamed Salisu Abdul Karim,CB,76,26,17-04-1999,16,Ligue 1,69,AS Monaco,Ghana,1,40,30,72,71,47,58,62,55,62,47,74,60,81,67,87,79,35,24,68,77,77,74,7,7,11,10,6
268259,N. Weiper,Nelson Felix Patrick Weiper,"ST, CAM, CM",70,20,17-03-2005,19,Bundesliga,169,1. FSV Mainz 05,Germany,1,39,72,72,55,69,37,68,64,84,61,68,68,81,65,78,18,72,53,59,23,20,19,10,13,12,6,6
77657,Pedrinho,Pedro Henrique Fonseca de Araújo Martins,"CAM, LM, RM, CM",62,22,18-04-2003,39,Major League Soccer,695,FC Dallas,Brazil,1,49,55,58,61,68,54,68,70,74,81,55,64,67,59,63,30,59,58,70,32,30,21,11,7,14,12,6
244068,K. Schlotterbeck,Keven Schlotterbeck,CB,76,28,28-04-1997,19,Bundesliga,100409,FC Augsburg,Germany,1,25,23,79,68,49,64,56,56,69,54,73,45,84,54,84,73,27,58,68,76,85,77,13,14,11,10,8
278911,T. Gooijer,Tristan Gooijer,"RB, CB, RM",64,20,02-09-2004,10,Eredivisie,1914,PEC Zwolle,Netherlands,1,61,29,58,61,66,47,64,71,74,59,59,58,74,60,73,58,40,40,59,62,63,62,14,12,6,13,12
74429,A. Diallo,Alpha Diallo,CM,62,19,25-02-2006,16,Ligue 1,64,RC Lens,France,1,56,53,44,67,65,64,66,62,56,72,60,52,44,46,48,55,58,64,62,49,56,46,7,12,12,12,11
75461,W. Adeh,Wesley Adeh,"CM, CDM",60,18,08-01-2007,19,Bundesliga,38,SV Werder Bremen,Germany,1,54,40,54,64,57,58,63,63,65,51,63,57,54,62,50,61,48,59,57,60,59,50,12,12,14,6,15
75736,A. Tape,Axel Tape-Kobrissa,CB,65,17,10-08-2007,19,Bundesliga,32,Bayer 04 Leverkusen,France,1,51,41,62,67,56,58,63,64,71,65,59,47,65,51,58,62,46,54,57,65,71,67,7,12,5,5,12
265194,Iker Bravo,Iker Bravo Solanilla,ST,67,20,13-01-2005,31,Serie A,55,Udinese,Spain,1,54,67,66,66,74,50,73,69,65,69,62,70,68,46,59,22,68,58,60,20,24,18,6,6,7,6,15
258812,T. Siersleben,Tim Siersleben,CB,72,25,09-03-2000,19,Bundesliga,111235,1. FC Heidenheim 1846,Germany,1,48,40,70,61,51,48,57,59,72,55,70,57,85,56,81,72,26,40,60,74,75,71,6,11,11,9,15
70676,N. Dubersarsky,Nicolás Dubersarsky,"CM, CDM",61,20,21-12-2004,39,Major League Soccer,114161,Austin FC,Argentina,1,49,35,55,70,63,68,66,64,55,55,61,61,66,58,68,49,59,55,49,48,57,56,11,9,8,6,15
274231,Ó. Perea,Óscar Andrés Perea Abonce,"LM, LW",67,19,27-09-2005,308,Primeira Liga,131463,AVS Futebol SAD,Colombia,1,59,59,46,62,74,52,72,84,78,75,62,58,70,57,70,20,63,62,67,22,31,24,9,11,11,9,11
262474,C. Odenthal,Cas Odenthal,CB,69,24,26-09-2000,31,Serie A,111974,Sassuolo,Netherlands,1,54,25,67,62,54,59,60,53,68,59,68,54,72,68,76,69,25,44,68,70,72,69,8,6,11,8,15
278350,S. Fini,Seydou Fini,"RM, LM, ST, RW",65,19,02-06-2006,31,Serie A,110556,Genoa,Italy,1,59,61,50,61,69,48,65,80,77,74,62,59,71,60,68,30,63,59,56,31,28,24,10,14,6,7,6
73888,M. Silvetti,Mateo Thiago Silvetti,"RM, LM, ST, RW",63,19,14-01-2006,39,Major League Soccer,112893,Inter Miami,Argentina,1,68,65,51,55,70,55,60,75,85,72,44,60,63,51,55,29,55,61,56,24,50,48,5,9,13,14,7
71418,B. Touré,Bazoumana Touré,"LM, LW, CAM",70,19,02-03-2006,19,Bundesliga,10029,TSG 1899 Hoffenheim,Côte d'Ivoire,1,68,61,41,65,70,60,72,90,92,80,60,60,60,65,50,21,66,63,56,23,35,25,5,8,12,6,9
77354,C. Obi,Chidozie Obi-Martin,ST,65,17,29-11-2007,13,Premier League,11,Manchester United,Denmark,1,55,67,63,57,62,48,61,72,70,71,62,66,74,58,69,23,66,57,64,23,26,24,7,10,9,9,6
273962,M. Soumano,Moussa Soumano,"ST, LM, LW",66,19,09-07-2005,10,Eredivisie,1904,NAC Breda,France,1,44,66,63,58,60,40,65,74,76,61,63,71,82,65,82,19,64,56,65,25,26,19,15,10,9,6,15
241197,A. Al Amri,Abdulelah Ali Awadh Al Amriعبد الإله علي عوض العمري,CB,70,28,15-01-1997,350,Pro League,112139,Al Nassr,Saudi Arabia,1,50,20,78,53,47,63,40,63,73,55,65,49,93,76,80,70,51,50,50,64,67,72,11,8,13,9,12
275253,D. Ruíz,David Antonio Ochoa Posas,"CM, CDM, RB",64,21,08-02-2004,39,Major League Soccer,112893,Inter Miami,Honduras,1,52,50,40,66,72,62,70,69,67,63,58,48,49,66,53,60,59,64,59,61,66,65,9,12,8,5,12
241007,E. Ebosse,Enzo Jacques Rodolphe Ebosse,CB,69,26,11-03-1999,31,Serie A,206,Hellas Verona FC,Cameroon,1,56,28,68,62,60,53,66,55,56,46,63,45,72,66,75,72,51,45,52,67,72,71,13,7,9,12,10
76924,L. Đurić,Luka Đurić,"CM, CDM",61,22,18-06-2003,19,Bundesliga,10029,TSG 1899 Hoffenheim,Germany,1,44,50,55,69,59,65,62,65,60,48,62,61,62,61,59,56,43,59,49,48,60,60,12,7,14,13,9
269257,A. Plat,Alex Plat,"CDM, CM",65,27,04-02-1998,10,Eredivisie,645,FC Volendam,Netherlands,1,40,58,59,65,55,62,59,61,64,57,63,54,66,71,67,66,45,50,52,67,62,64,15,13,13,6,5
275982,I. Yegoian,Irakli Yegoianირაკლი ეგოიანი,"CAM, CM",63,21,19-03-2004,10,Eredivisie,1971,Excelsior,Georgia,1,54,56,43,63,65,55,69,59,70,67,59,67,38,54,40,34,57,64,65,44,48,44,10,7,8,14,12
266518,N. Tsakiris,Nikolas Diego Tsakiris,"CDM, CM, CAM",63,20,19-06-2005,39,Major League Soccer,111928,San Jose Earthquakes,United States,1,41,49,51,66,71,64,69,69,67,71,58,41,63,40,62,64,60,64,46,60,62,60,7,12,6,11,6
205850,L. Pavoletti,Leonardo Pavoletti,ST,68,36,26-11-1988,31,Serie A,1842,Cagliari,Italy,1,36,71,85,65,58,48,64,36,45,54,61,71,79,35,77,27,77,56,68,45,29,27,15,6,12,14,9
272943,M. Ilenič,Mitja Ilenič,"RB, RM",64,20,26-12-2004,39,Major League Soccer,112828,New York City FC,Slovenia,1,63,41,43,61,68,54,64,78,81,71,65,39,59,64,59,55,51,50,48,54,62,60,9,15,12,15,7
210679,Paulo Oliveira,Paulo André Rodrigues de Oliveira,CB,74,33,08-01-1992,308,Primeira Liga,1896,Sporting Clube de Braga,Portugal,1,36,25,75,68,62,66,66,52,54,49,72,59,83,67,75,75,30,42,60,77,77,71,13,8,10,11,10
258196,Y. Benhattab,Yassine Benhattab,"RW, CAM, RM",67,22,18-11-2002,16,Ligue 1,71,FC Nantes,France,1,65,51,42,67,75,49,74,79,75,86,52,52,48,51,39,32,58,68,65,34,38,32,14,15,8,5,11
279200,Buba Sangaré,Aboubacar Sangaré Traoré,"RB, RM",63,17,06-08-2007,31,Serie A,52,Roma,Spain,1,61,35,58,61,61,59,62,64,63,64,62,60,55,50,47,62,58,48,56,62,59,62,12,10,9,11,13
261025,D. Scarlett,Dane Pharrell Scarlett,"ST, LW, LM",65,21,24-03-2004,13,Premier League,18,Tottenham Hotspur,England,1,48,66,67,57,64,44,65,78,73,78,61,64,77,64,64,22,65,55,64,17,16,18,12,8,7,5,14
77730,Afonso Patrão,Afonso da Cruz Patrão,"ST, CAM, RW",66,18,03-02-2007,308,Primeira Liga,1896,Sporting Clube de Braga,Portugal,1,31,70,69,53,68,48,73,79,72,72,64,50,76,73,60,46,73,65,70,11,14,12,13,6,7,9,10
273667,J. Diehl,Justin Diehl,"LM, CAM, LW",66,20,27-11-2004,19,Bundesliga,36,VfB Stuttgart,Germany,1,49,67,57,59,70,54,70,87,91,81,61,68,61,60,39,19,60,59,51,18,17,20,7,6,5,12,8
265734,W. Kumado,William Kumado,"RB, RM",62,22,16-10-2002,39,Major League Soccer,131439,San Diego FC,Ghana,1,60,42,43,58,61,45,62,81,82,84,59,42,54,67,49,53,54,54,48,53,57,56,11,10,11,14,12
80147,J. van Ommeren,Jaygo van Ommeren,"CDM, CM",62,17,08-05-2008,10,Eredivisie,1903,FC Utrecht,Netherlands,1,46,35,44,64,58,62,58,67,69,60,61,62,46,60,49,63,50,59,59,56,61,66,11,10,14,11,7
75598,M. Meïté,Mohamed Kader Meïté,ST,70,17,11-10-2007,16,Ligue 1,74,Stade Rennais FC,France,1,45,72,73,62,69,45,71,62,67,58,59,75,83,60,83,18,67,52,65,13,23,19,10,10,12,7,13
72099,R. Messali,Rafik Messali,"RB, RM",64,22,28-04-2003,16,Ligue 1,1809,Toulouse FC,Algeria,1,60,42,52,69,58,57,60,69,76,61,54,45,63,68,63,58,57,49,54,55,61,60,11,13,6,7,12
237807,D. Vente,Dylan Vente,ST,69,26,09-05-1999,10,Eredivisie,1913,SC Heerenveen,Suriname,1,40,77,66,67,64,42,66,70,77,68,68,67,68,70,59,30,71,62,67,25,18,17,13,10,7,9,10
268803,T. van Gilst,Tristan van Gilst,"CAM, LW, CM",63,22,18-02-2003,10,Eredivisie,100634,Heracles Almelo,Netherlands,1,55,56,57,64,66,59,62,76,74,74,58,58,71,64,62,27,57,64,58,28,23,27,11,13,5,15,12
247309,S. Junqua,Samuel Junqua,"CB, LB, LM",64,28,09-11-1996,39,Major League Soccer,111065,Real Salt Lake,United States,1,59,25,50,54,65,52,53,52,61,61,59,61,58,66,68,68,60,35,47,65,68,66,8,14,12,12,6
237658,S. Bueno,Santiago Ignacio Bueno Sciutto,CB,76,26,09-11-1998,13,Premier League,110,Wolverhampton Wanderers,Uruguay,1,30,20,76,73,47,68,69,52,49,44,76,56,79,73,79,78,30,53,69,77,77,75,5,8,9,13,10
257959,D. Min,David Min,ST,67,26,23-06-1999,10,Eredivisie,1903,FC Utrecht,Netherlands,1,49,67,72,61,48,39,65,77,78,56,65,68,86,76,74,25,67,59,58,25,22,21,10,7,10,12,9
255461,Barbero,Iván Martínez Gonzálvez,ST,67,26,17-08-1998,308,Primeira Liga,112513,FC Arouca,Spain,1,43,68,70,67,60,55,63,55,62,50,65,72,74,78,77,17,72,48,54,15,19,10,8,10,12,14,8
71003,Y. Bright,Yannick Bright,"CDM, CM, CB",68,23,03-09-2001,39,Major League Soccer,112893,Inter Miami,Italy,1,52,35,50,70,59,65,66,71,70,63,63,34,63,63,58,67,49,66,54,71,70,65,10,12,10,14,10
76410,R. Vaz,Robinio Vaz,ST,64,18,17-02-2007,16,Ligue 1,219,Olympique de Marseille,France,1,54,61,64,59,65,48,63,78,79,76,64,63,75,46,60,25,62,51,59,20,27,21,9,14,11,10,9
268414,W. Kambwala,Willy Kambwala Ndengushi,CB,72,20,25-08-2004,53,La Liga,483,Villarreal CF,France,1,48,25,70,69,63,62,68,62,70,63,64,46,77,56,78,69,42,47,66,71,74,71,11,5,7,13,9
229574,A. Calabresi,Arturo Calabresi,"CB, RB, RM",68,29,17-03-1996,31,Serie A,110738,Pisa,Italy,1,64,22,66,64,60,50,62,34,63,57,66,45,66,68,77,69,49,56,67,66,69,68,6,8,12,12,13
277979,G. Abuashvili,Giorgi Abuashviliგიორგი აბუაშვილი,"LM, LW",66,22,08-02-2003,16,Ligue 1,68,FC Metz,Georgia,1,59,59,38,63,74,58,69,75,72,80,54,62,56,68,57,27,59,54,66,22,27,24,7,12,7,5,7
234070,M. Kanabah,Majed Omar Kanabahماجد كنبه,"CM, CDM",61,32,27-02-1993,350,Pro League,112883,Al Khaleej,Saudi Arabia,1,56,48,41,65,60,62,62,65,58,62,59,50,53,66,62,60,60,62,60,58,57,57,8,8,14,14,5
70909,K. Bos,Kasey Bos,"LB, LM",65,21,08-05-2004,19,Bundesliga,169,1. FSV Mainz 05,Australia,1,62,48,64,63,52,45,65,74,72,69,61,51,74,37,65,63,47,45,50,62,68,67,13,15,10,6,5
268300,K. Kelsy,Kevin Jesús Kelsy Genez,ST,68,20,27-07-2004,39,Major League Soccer,111140,Portland Timbers,Venezuela,1,40,69,71,56,66,32,62,73,80,65,68,65,85,64,78,23,66,56,63,22,23,22,8,14,12,7,13
264825,I. Mohamed,Iyad Mohamed,"CDM, CM, CB",65,24,05-03-2001,308,Primeira Liga,114510,Casa Pia,Comoros,1,49,45,64,70,67,61,64,54,56,57,58,55,67,61,70,62,45,61,57,66,69,62,9,14,15,13,14
272876,D. Kamenović,Dimitrije KamenovićДимитрије Каменовић,"LB, CB, LM",63,24,16-07-2000,31,Serie A,46,Lazio,Serbia,1,52,31,46,64,58,60,59,69,71,60,56,40,70,55,83,61,46,44,54,61,66,66,12,12,13,12,8
78864,M. Gueye,Mouhamed Lamine Gueye,"RM, RW",61,20,15-09-2004,53,La Liga,110827,Real Oviedo,Senegal,1,56,47,48,60,62,55,58,83,81,75,54,61,65,63,57,33,57,50,53,30,35,38,6,12,7,10,14
75056,Chema Andrés,José María Andrés Baixauli,"CDM, CM",63,20,25-04-2005,19,Bundesliga,36,VfB Stuttgart,Spain,1,55,27,64,66,52,63,61,57,59,57,62,55,67,57,66,62,52,63,66,61,63,60,9,6,15,10,10
244674,O. Urhoghide,Osaze Urhoghide,CB,69,24,04-07-2000,39,Major League Soccer,695,FC Dallas,England,1,45,41,64,56,64,53,62,73,84,66,69,40,80,67,79,70,42,26,50,65,70,68,7,6,8,15,7
79814,T. Mercera,Tyrique Mercera,"RB, RM",64,21,19-12-2003,10,Eredivisie,1915,FC Groningen,Curacao,1,64,45,46,58,63,43,60,69,74,65,58,51,59,66,60,59,54,56,49,57,65,62,7,9,10,8,14
259349,M. Al Bishi,Mansor Faiez Al Besheمنصور البيشي,"CM, CAM, CDM",59,25,24-04-2000,350,Pro League,113057,Al Fayha,Saudi Arabia,1,54,50,36,64,63,61,64,68,64,68,55,50,61,76,61,51,51,57,55,44,50,44,13,15,11,13,11
255335,J. Marshall-Rutty,Jahkeele Stanford Jack Marshall-Rutty,"RM, RB, LB",63,21,16-06-2004,39,Major League Soccer,114640,Charlotte FC,Canada,1,55,51,31,59,68,54,66,84,79,82,59,55,43,62,32,51,54,53,63,54,57,57,13,13,11,8,10
70801,S. Ørjasæter,Sondre Holmlund Ørjasæter,"LM, LW",67,21,28-11-2003,10,Eredivisie,1908,FC Twente,Norway,1,63,64,38,61,68,58,66,80,81,80,61,56,55,61,53,22,62,61,65,27,32,41,12,13,7,11,9
79763,N. Rothweiler,Nick Rothweiler,CM,59,19,16-06-2006,19,Bundesliga,111235,1. FC Heidenheim 1846,Germany,1,49,42,59,69,56,66,63,67,65,52,57,61,71,59,72,45,57,51,47,45,48,58,7,5,10,14,11
71598,Osambela,Asier Osambela Larraya,CM,61,20,30-10-2004,53,La Liga,479,CA Osasuna,Spain,1,33,50,57,66,61,62,64,64,63,51,60,55,67,60,69,59,59,55,53,53,62,60,7,8,6,6,13
269744,Rui Mendes,Rui Jorge Monteiro Mendes,"RM, ST, RW",65,25,10-11-1999,10,Eredivisie,1915,FC Groningen,Portugal,1,64,66,46,57,67,52,67,79,71,73,60,74,62,69,55,21,65,47,63,27,32,26,15,6,12,9,9
230855,H. Wahl,Hauke Finn Wahl,CB,74,31,15-04-1994,19,Bundesliga,110329,FC St. Pauli,Germany,1,28,30,68,76,58,66,71,41,64,60,73,44,69,79,79,77,29,59,71,78,77,68,15,14,5,13,7
266448,A. van Axel Dongen,Amourricho Jahvairo Déshauntino van Axel Dongen,"LM, LW",65,20,29-09-2004,10,Eredivisie,1913,SC Heerenveen,Netherlands,1,62,60,39,59,69,52,72,80,79,74,55,58,53,36,63,26,62,64,62,29,28,27,11,9,12,12,14
262648,A. Goodwin,Archie Stuart Wayne Goodwin,"ST, LW, LM",64,20,07-11-2004,39,Major League Soccer,114640,Charlotte FC,Australia,1,42,68,56,54,62,44,63,84,67,72,60,62,76,65,68,27,66,53,64,26,32,26,10,5,5,12,13
274976,Alonso Coello,Alonso Coello Camarero,"CM, CAM, CDM",64,25,18-10-1999,39,Major League Soccer,111651,Toronto FC,Spain,1,48,35,43,69,66,69,68,54,64,51,64,47,53,67,70,60,64,64,66,62,64,56,6,13,14,10,13
207725,M. van der Hoorn,Mike Adrianus Wilhelmus van der Hoorn,CB,75,32,15-10-1992,10,Eredivisie,1903,FC Utrecht,Netherlands,1,41,40,83,65,42,67,48,37,75,34,67,71,76,65,93,74,46,37,70,74,74,70,7,11,15,10,15
268913,A. Circati,Alessandro Circati,CB,71,21,10-10-2003,31,Serie A,50,Parma,Australia,1,42,24,71,63,42,65,58,54,63,37,71,52,78,74,80,72,25,45,55,71,72,71,11,12,7,5,13
80283,Giovane,Giovane Santana,"RW, RM, ST",65,21,24-11-2003,31,Serie A,206,Hellas Verona FC,Brazil,1,56,64,59,62,77,59,67,67,65,62,65,76,67,52,63,16,57,63,68,20,15,16,5,10,13,8,11
72863,A. Ntoi,Andreas NdojΑνδρέας-Ριχάρδος Ντόι,CB,72,22,02-02-2003,308,Primeira Liga,744,Rio Ave FC,Greece,1,45,34,72,67,44,58,53,60,64,46,61,51,82,68,83,74,31,48,52,71,72,71,8,12,8,14,14
77483,F. Westfield,Francis Westfield,RB,62,19,09-12-2005,39,Major League Soccer,112134,Philadelphia Union,United States,1,59,43,56,63,60,60,58,71,72,58,49,51,63,57,54,51,58,50,53,63,63,60,8,10,8,11,14
223696,M. Hamdaoui,Mohamed Hamdaoui,"LM, CAM, CM, LW",65,32,10-06-1993,10,Eredivisie,100638,Telstar,Netherlands,1,52,67,53,59,70,53,69,77,72,79,65,56,55,56,41,12,64,63,62,25,21,21,9,15,8,12,13
71634,E. da Silva Moreira,Eric Emanuel da Silva Moreira,"RM, RB, RW",61,19,03-05-2006,308,Primeira Liga,744,Rio Ave FC,Germany,1,59,45,47,60,64,52,61,75,73,73,53,50,63,58,61,48,55,56,54,49,60,54,14,10,11,6,13
80696,A. Vossah,Alexis Vossah,"CDM, CM",61,17,11-03-2008,16,Ligue 1,1809,Toulouse FC,France,1,36,41,52,66,64,61,67,74,66,68,47,52,71,64,71,53,43,50,65,53,67,58,10,6,7,14,10
271940,M. Godo,Becket Fabrice-Martial Godo,"RM, LM, RW",65,22,14-03-2003,16,Ligue 1,76,RC Strasbourg Alsace,Côte d'Ivoire,1,61,60,46,62,68,48,66,77,70,75,59,60,50,60,37,35,60,62,62,40,28,30,5,7,11,12,14
259403,J. Ideho,Joel Ideho,"LM, RM, LW",64,21,17-07-2003,10,Eredivisie,645,FC Volendam,Netherlands,1,64,56,64,65,67,47,64,80,73,75,52,66,73,58,56,22,54,63,55,32,36,46,5,9,10,7,8
279116,D. Zeitler,Deniz Zeitler,"ST, LW",63,18,13-12-2006,19,Bundesliga,10029,TSG 1899 Hoffenheim,Germany,1,51,66,59,62,64,48,66,72,82,60,54,62,69,59,60,39,63,52,59,30,44,39,10,15,11,9,12
263790,Léo Chú,Leonardo Alves Chú Franco,"LM, CAM, LW",66,25,06-04-2000,308,Primeira Liga,717,Alverca,Brazil,1,64,65,39,48,78,45,73,86,87,83,50,66,54,56,45,24,57,53,53,25,29,27,13,5,15,12,11
271300,D. Prpić,Dominik Prpić,CB,71,21,19-05-2004,308,Primeira Liga,236,FC Porto,Croatia,1,53,23,65,65,56,68,67,67,75,56,73,37,77,70,78,67,36,49,64,73,71,68,14,10,8,11,11
264206,A. Bahusayn,Ahmed Saleh Bahusaynأحمد صالح باحسين,"CM, CAM, LW",60,24,10-02-2001,350,Pro League,112393,Al Taawoun FC,Saudi Arabia,1,54,51,51,66,58,61,64,68,61,60,59,52,59,63,56,49,55,57,58,50,55,59,12,13,7,6,8
265749,K. Topp,Keke Maximilian Topp,ST,68,21,25-03-2004,19,Bundesliga,38,SV Werder Bremen,Germany,1,48,70,68,62,62,46,67,55,64,55,67,78,78,56,88,23,67,48,54,25,30,20,14,7,14,12,14
254998,N. Emeran,Noam Fritz Emeran,"LM, RM, LW",61,22,24-09-2002,10,Eredivisie,1915,FC Groningen,France,1,61,55,44,59,62,44,58,79,72,86,54,64,56,58,53,30,59,59,55,33,29,24,13,8,13,14,11
70480,A. Njie,Alieu Eybi Njie,"ST, LW, LM",65,20,14-05-2005,31,Serie A,54,Torino,Sweden,1,58,68,48,61,71,45,71,78,77,76,68,66,53,65,43,20,68,54,55,20,23,19,6,12,9,7,5
74102,F. Baldé,Fabio Amado Uri Baldé,"LW, RW, LM",65,19,20-07-2005,19,Bundesliga,28,Hamburger SV,Germany,1,64,58,45,59,69,54,68,83,83,62,52,62,68,54,64,28,62,57,60,27,35,34,12,9,6,8,10
258194,D. Duarte,Diego Ariel Duarte Garcete,ST,67,23,08-04-2002,308,Primeira Liga,131463,AVS Futebol SAD,Paraguay,1,50,74,65,62,63,45,68,73,72,73,52,67,73,66,62,13,68,47,52,10,17,11,15,7,7,6,9
268440,L. Sy,Lamine Sy,"RB, RM",66,22,10-08-2002,16,Ligue 1,57,AJ Auxerre,France,1,60,39,48,58,58,46,63,86,78,75,58,41,60,68,48,59,45,41,63,55,65,67,14,8,11,8,15
256666,Y. Mosquera,Yerson Mosquera Valdelamar,CB,72,24,02-05-2001,13,Premier League,110,Wolverhampton Wanderers,Colombia,1,35,20,70,65,41,54,63,76,83,57,68,45,83,61,78,70,35,45,65,70,72,71,8,7,8,10,8
74460,A. Oufkir,Ayoub Oufkir,"RM, RW",63,19,04-01-2006,10,Eredivisie,100646,Sparta Rotterdam,Netherlands,1,59,56,34,58,66,60,68,80,77,73,48,63,50,48,47,33,55,65,56,36,41,40,7,10,12,9,15
77560,B. Leroux,Beau Mathew Lovie Leroux,"CM, CDM",61,21,31-08-2003,39,Major League Soccer,111928,San Jose Earthquakes,United States,1,46,58,48,66,59,58,64,68,68,65,60,59,59,65,60,62,60,61,50,54,56,54,5,7,10,8,6
275251,M. Cuevas,Mauricio Aimar Cuevas,"RB, RM",63,22,10-02-2003,39,Major League Soccer,697,LA Galaxy,United States,1,60,43,48,63,68,59,67,75,70,69,54,44,47,62,35,57,60,59,58,60,62,60,9,15,8,9,15
278338,Saná Fernandes,Saná Eusébio Mango Fernandes,"ST, CAM",62,19,10-03-2006,31,Serie A,46,Lazio,Portugal,1,48,59,54,61,67,48,68,89,80,88,57,61,58,51,36,30,65,46,55,34,38,33,7,14,14,6,7
240728,D. Tchamba,Duplexe Tchamba Bangou,CB,71,26,10-07-1998,308,Primeira Liga,114510,Casa Pia,Cameroon,1,38,32,72,59,51,56,62,65,72,52,59,40,89,72,80,69,36,39,53,67,72,69,10,6,9,5,12
278884,O. Svatok,Oleksandr SvatokСваток Олександр Сергійович,CB,70,30,27-09-1994,39,Major League Soccer,114161,Austin FC,Ukraine,1,40,29,67,71,45,68,59,61,64,50,65,57,73,68,74,71,36,38,68,72,72,70,5,9,8,7,6
264728,A. Kaplan,Ahmetcan Kaplan,CB,71,22,16-01-2003,10,Eredivisie,1910,NEC Nijmegen,Türkiye,1,26,25,70,72,49,71,67,61,64,54,70,44,77,64,79,71,27,67,69,73,71,69,14,14,12,8,13
223524,E. Goldaniga,Edoardo Goldaniga,CB,72,31,02-11-1993,31,Serie A,1745,Como,Italy,1,44,26,72,61,50,58,58,51,55,65,71,50,76,74,77,73,28,37,66,75,74,71,9,12,7,15,15
259401,S. Lagsir,Samir Lagsir,"LM, CAM, LW",60,22,20-05-2003,10,Eredivisie,1914,PEC Zwolle,Netherlands,1,44,56,46,60,70,52,67,78,76,75,52,64,53,31,57,33,46,52,60,52,50,56,10,11,12,12,13
243571,B. Diaby,Bambo Diaby Diaby,CB,68,27,17-12-1997,53,La Liga,468,Elche CF,Senegal,1,56,28,62,62,56,54,59,57,71,51,64,55,78,54,92,64,52,48,61,62,66,63,12,10,13,7,14
74133,J. Canvot,Jaydee Canvot,"CB, CDM, CM",70,18,29-07-2006,13,Premier League,1799,Crystal Palace,France,1,43,29,70,68,55,59,64,64,75,47,62,44,77,69,76,68,39,58,59,63,74,69,7,7,11,15,10
278237,D. Bartesaghi,Davide Bartesaghi,"LB, CB, LM",62,19,29-12-2005,31,Serie A,47,AC Milan,Italy,1,58,38,62,61,60,53,63,54,54,47,59,49,69,51,74,61,51,49,50,61,64,62,8,13,9,14,12
270617,A. Murphy,Alex Murphy,"LB, CB, LM",64,21,25-06-2004,13,Premier League,13,Newcastle United,Republic of Ireland,1,55,40,59,59,55,55,58,63,65,59,63,47,71,65,74,62,41,44,56,63,64,62,13,7,10,11,7
75068,Guille Fernández,Guillermo Fernández Casino,CM,60,17,18-06-2008,53,La Liga,241,FC Barcelona,Spain,1,39,60,47,64,62,57,64,66,68,65,58,68,60,68,67,36,68,58,60,39,51,48,15,10,9,11,8
274492,M. Perez,Miguel Perez,"CDM, CM",59,20,28-04-2005,39,Major League Soccer,113018,St. Louis CITY SC,United States,1,44,50,45,62,64,59,64,62,62,63,60,60,50,53,54,52,50,54,60,58,61,60,8,15,12,8,7
262513,Karrikaburu,Jon Karrikaburu Jaimerena,ST,67,22,19-09-2002,53,La Liga,457,Real Sociedad,Spain,1,40,68,67,59,66,48,68,69,73,67,62,66,76,55,74,20,70,52,59,17,28,24,13,9,9,12,15
74140,D. Janse,Dies Janse,CB,66,19,17-01-2006,10,Eredivisie,1915,FC Groningen,Netherlands,1,58,29,69,68,64,67,69,62,45,46,62,57,72,64,70,66,42,58,70,70,66,62,8,6,5,15,9
270519,W. Osula,William Idamudia Daugaard Osula,ST,68,21,04-08-2003,13,Premier League,13,Newcastle United,Denmark,1,49,68,65,60,70,42,67,72,73,66,68,72,77,57,71,18,69,57,67,23,16,18,13,6,9,9,7
247240,Rafael Santos,Rafael Lucas Cardoso dos Santos,"LB, LM",64,27,05-02-1998,39,Major League Soccer,694,Colorado Rapids,Brazil,1,67,48,45,55,63,50,51,74,71,66,57,45,62,66,61,59,55,49,50,57,67,68,6,12,6,10,12
277705,Y. Konak,Yunus Emre Konak,"CDM, CM, CB",62,19,10-01-2006,13,Premier League,1925,Brentford,Türkiye,1,41,41,51,64,55,62,60,60,60,54,59,55,59,60,61,62,45,60,51,57,58,60,15,12,14,11,13
78063,L. Karl,Lennart Karl,"CAM, RM, CM",63,17,22-02-2008,19,Bundesliga,21,FC Bayern München,Germany,1,62,53,47,60,68,55,67,70,68,77,58,66,42,55,29,28,57,64,58,36,32,35,11,6,8,14,12
71205,Yoon Do Young,Do-young Yun윤도영,"RM, CAM, RW",63,18,26-10-2006,10,Eredivisie,1971,Excelsior,Korea Republic,1,59,54,35,54,66,41,62,82,75,83,62,63,51,65,46,39,63,59,58,23,43,29,7,6,11,14,8
278065,S. Sané,Sadibou Sané,CB,70,21,10-06-2004,16,Ligue 1,68,FC Metz,Senegal,1,36,31,69,58,46,54,51,63,69,45,64,54,77,66,77,70,51,51,68,69,73,73,13,8,11,8,5
232785,C. Togashi,Cayman Graybill Togashi富樫 敬真,"ST, RW",64,31,10-08-1993,39,Major League Soccer,112885,Atlanta United,Japan,1,42,63,65,52,62,44,63,75,69,70,61,66,78,64,72,21,68,43,53,34,31,20,7,12,14,12,12
258439,O. Camara,Ousmane Camara,CB,69,22,06-03-2003,16,Ligue 1,1530,Angers SCO,France,1,42,43,71,67,56,64,66,35,36,40,64,64,75,59,88,68,42,59,64,66,69,62,6,13,8,7,5
272324,J. Girdwood-Reich,Jake Max Girdwood-Reich,"CB, CDM, CM",63,21,26-05-2004,39,Major League Soccer,113018,St. Louis CITY SC,Australia,1,41,35,58,65,47,61,58,64,56,65,56,55,70,80,71,55,42,46,58,64,64,62,12,13,11,11,15
274126,P. Brunner,Paris Josua Brunner,"ST, LM",66,19,15-02-2006,16,Ligue 1,69,AS Monaco,Germany,1,47,72,62,63,70,46,66,69,66,72,62,65,70,55,65,24,64,52,59,20,28,20,10,7,12,8,6
77814,L. Jetten,Lucas Jetten,"LB, LM",62,18,07-06-2007,10,Eredivisie,245,Ajax,Netherlands,1,50,36,51,63,68,61,64,87,82,78,58,39,58,69,41,55,52,54,65,57,55,54,10,6,5,8,7
254492,T. Gray,Tayvon Howard Gray,"RB, CB",66,22,19-08-2002,39,Major League Soccer,112828,New York City FC,Jamaica,1,64,25,43,65,64,55,60,79,77,76,60,34,62,69,63,62,58,56,62,65,66,60,5,12,6,14,10
275515,E. Echenique,Ender Jesús Echenique Peña,"RM, ST, LW, RW",68,21,02-04-2004,39,Major League Soccer,113149,FC Cincinnati,Venezuela,1,52,73,56,60,73,47,76,78,83,75,71,60,58,66,40,16,66,53,48,29,16,13,12,11,15,6,8
274273,A. Fortune,Ajani Fortune,"CM, CDM, CAM, CB",61,22,30-12-2002,39,Major League Soccer,112885,Atlanta United,Trinidad and Tobago,1,54,49,48,69,58,67,63,74,71,64,57,51,62,72,60,55,54,57,53,34,55,57,8,5,9,12,10
270460,A. Noor,Abdulaziz Noor Sheikh Noor,"RM, LM, ST, RW",65,26,18-01-1999,350,Pro League,131798,NEOM SC,Saudi Arabia,1,59,62,53,65,62,58,59,83,78,86,57,52,65,61,51,29,62,65,49,24,30,28,9,6,11,6,7
80771,J. Vignolo,Julián Vignolo,"ST, RW",65,18,07-12-2006,16,Ligue 1,1809,Toulouse FC,Argentina,1,57,67,63,58,64,53,66,72,76,62,54,70,74,59,68,24,61,53,60,28,26,21,6,6,8,7,15
266660,Óscar Rivas,Óscar Rivas Viondi,"CB, CDM, CM",67,25,27-03-2000,308,Primeira Liga,1887,Vitória SC,Spain,1,40,39,65,62,43,46,55,54,60,50,64,60,72,65,77,70,31,39,54,67,69,66,8,12,10,14,15
240328,A. Bamsaud,Ahmed Mohammed Abdulsayed Bamasudأحمد بامسعود,"LB, CB, LM",61,29,22-11-1995,350,Pro League,113057,Al Fayha,Saudi Arabia,1,60,44,44,59,59,53,57,71,70,67,53,59,55,68,58,54,52,44,56,52,57,59,8,12,9,7,5
228363,J. Kramer,Joris Kramer,CB,72,28,02-08-1996,10,Eredivisie,100632,Go Ahead Eagles,Netherlands,1,27,27,69,59,45,63,60,48,74,58,65,58,79,72,78,76,34,34,54,75,72,68,6,8,7,11,12
275221,I. Aliyu,Ibrahim Aliyu,"LM, ST, LW",65,23,16-01-2002,39,Major League Soccer,687,Columbus Crew,Nigeria,1,57,68,49,60,70,52,63,67,80,69,60,70,60,69,61,24,66,60,60,29,39,23,8,7,6,12,5
279919,D. Nandín,Dylan Alexander Nandín Berrutti,ST,69,23,28-02-2002,308,Primeira Liga,112513,FC Arouca,Uruguay,1,44,73,68,51,68,35,65,64,69,57,70,69,75,60,75,22,74,44,55,20,15,11,12,9,11,13,13
259442,R. van den Berg,Rav van den Berg,"CB, RB",70,20,07-07-2004,19,Bundesliga,31,1. FC Köln,Netherlands,1,30,31,67,67,57,63,65,67,64,53,70,48,77,68,76,70,37,47,68,71,71,71,13,9,13,9,6
260732,I. Fray,Ian Charles Michael Fray,"RB, CB, RM",64,22,31-08-2002,39,Major League Soccer,112893,Inter Miami,United States,1,58,42,60,58,61,54,66,72,76,55,51,39,74,48,70,60,56,51,49,66,67,63,13,10,6,15,13
276705,E. Pieragnolo,Edoardo Pieragnolo,"LB, LM",67,22,03-01-2003,31,Serie A,111974,Sassuolo,Italy,1,68,32,42,66,62,56,64,68,71,55,61,37,54,73,59,64,52,48,50,62,68,66,5,10,10,10,9
274442,A. Joujou,Antoine Joujou,"LM, RM, LW",69,22,12-03-2003,308,Primeira Liga,112809,Famalicão,France,1,66,66,54,68,73,54,73,66,73,63,66,68,60,53,56,18,69,66,66,20,19,13,10,11,10,13,9
261674,X. Severina,Xander David Severina,"LW, LM",67,24,12-04-2001,308,Primeira Liga,114510,Casa Pia,Curacao,1,62,68,55,63,67,51,68,78,75,65,64,58,68,34,55,18,67,63,62,20,36,38,14,12,7,13,15
263249,S. Vrontis,Stylianos VrontisΣτυλιανός Βρόντης,CM,61,20,05-11-2004,350,Pro League,113057,Al Fayha,Cyprus,1,35,56,51,64,59,61,64,69,67,67,55,54,56,66,51,52,54,64,53,50,63,51,9,12,6,12,10
264044,M. Viti,Mattia Viti,CB,72,23,24-01-2002,31,Serie A,110374,Fiorentina,Italy,1,35,26,75,67,45,57,60,63,68,52,68,56,76,67,69,72,31,39,63,74,75,72,13,11,13,6,11
71101,A. Sarco,Alejo Sarco,ST,64,19,06-01-2006,19,Bundesliga,32,Bayer 04 Leverkusen,Argentina,1,50,63,60,53,59,47,62,78,67,77,65,65,76,55,68,23,67,54,57,22,27,24,12,15,15,5,10
243908,D. Ballard,Daniel George Ballard,CB,73,25,22-09-1999,13,Premier League,106,Sunderland,Northern Ireland,1,31,25,72,64,56,69,59,55,64,50,68,44,82,68,88,70,36,58,61,72,74,72,13,7,7,8,7
244250,P. Owusu,Prince Osei Owusu,ST,68,28,07-01-1997,39,Major League Soccer,111139,CF Montréal,Germany,1,30,72,70,55,54,32,59,66,77,40,64,73,83,65,90,32,74,58,58,35,32,26,12,12,7,7,8
77631,T. Barišić,Téo Barišić,"RB, CB, RM",63,20,30-09-2004,16,Ligue 1,66,Olympique Lyonnais,Croatia,1,57,39,60,62,56,59,61,62,69,53,61,44,67,58,65,61,51,54,62,60,64,62,10,13,8,12,15
76411,I. Gueye,Idrissa Guèye,ST,70,18,16-09-2006,31,Serie A,55,Udinese,Senegal,1,34,71,77,59,70,40,72,63,70,55,66,68,81,60,72,19,72,54,64,14,23,15,12,7,13,15,5
260477,N. Harriel,Nathan Lee William Harriel,"RB, CB",67,24,23-04-2001,39,Major League Soccer,112134,Philadelphia Union,United States,1,63,29,60,58,54,56,56,77,79,62,60,38,81,75,77,61,38,35,52,68,66,61,11,9,6,8,14
231821,Z. Al Sahafi,Ziyad Abdulwahed Al Sahafiزياد الصحفي,"CB, CDM, CM",61,31,03-02-1994,350,Pro League,113057,Al Fayha,Saudi Arabia,1,54,50,61,56,46,58,57,43,38,56,56,68,67,63,76,57,48,40,48,53,63,59,12,11,7,8,11
183491,Zanka,Mathias Jattah-Njie Jørgensen,CB,70,35,23-04-1990,39,Major League Soccer,697,LA Galaxy,Denmark,1,47,34,70,68,50,64,64,41,49,45,62,62,71,57,81,70,43,62,64,68,70,67,16,9,9,14,13
80224,M. Kerkez,Marko Kerkez,"LB, CB, LM",65,25,26-06-2000,10,Eredivisie,634,Fortuna Sittard,Serbia,1,58,34,61,56,64,52,59,65,69,56,60,54,68,68,65,62,49,44,59,64,65,66,12,6,7,9,13
247931,A. Van Hoorenbeeck,Alec Van Hoorenbeeck,"CB, LB",68,26,30-12-1998,10,Eredivisie,100634,Heracles Almelo,Belgium,1,63,21,71,66,58,56,63,48,74,62,62,41,73,69,75,68,39,45,57,66,67,65,10,15,13,8,12
271746,A. Blake,Adrian Blake,"LW, LM",66,19,15-07-2005,10,Eredivisie,1903,FC Utrecht,England,1,56,61,35,62,68,49,66,81,77,78,63,68,55,61,51,22,63,60,62,24,24,31,15,12,12,7,6
262102,R. Kluivert,Ruben Caine Kluivert,CB,67,24,21-05-2001,16,Ligue 1,66,Olympique Lyonnais,Netherlands,1,46,25,70,62,49,53,59,68,74,63,64,50,76,68,71,65,29,52,65,64,70,69,13,11,7,7,7
71218,N. Petković,Nikola PetkovicНикола Петковић,"CDM, CAM, CM",63,22,23-02-2003,39,Major League Soccer,114640,Charlotte FC,Serbia,1,55,58,55,68,60,65,67,52,55,65,54,48,58,57,59,59,50,54,55,63,63,59,6,8,6,9,14
259993,E. Ahlstrand,Erik Melker Ahlstrand,"RM, ST, RW",65,23,14-10-2001,19,Bundesliga,110329,FC St. Pauli,Sweden,1,61,57,32,62,64,53,66,75,70,68,63,54,54,55,57,43,66,64,65,34,36,36,13,14,7,13,10
240867,A. Alese,Ajibola Joshua Odunayo Afolarin Alese,"LB, CB",66,24,17-01-2001,13,Premier League,106,Sunderland,England,1,56,26,62,61,63,51,58,71,79,56,59,43,80,67,80,65,43,40,64,67,68,63,14,6,14,10,6
75751,Gonzalo Pastor,Gonzalo Pastor Sánchez,"RM, CAM, CM, RW",63,19,20-03-2006,308,Primeira Liga,112809,Famalicão,Spain,1,64,57,40,62,64,58,63,66,67,59,59,59,44,55,47,42,60,61,58,40,39,38,7,7,12,15,6
219145,G. Maripán,Guillermo Alfonso Maripán Loaysa,CB,76,31,06-05-1994,31,Serie A,54,Torino,Chile,2,41,39,80,70,49,72,63,32,33,33,70,58,76,65,84,78,46,56,75,78,78,74,7,12,7,16,12
205363,M. Bianchetti,Matteo Bianchetti,CB,71,32,17-03-1993,31,Serie A,111434,Cremonese,Italy,1,52,21,72,68,55,58,59,50,52,67,71,65,74,70,75,73,21,45,64,73,71,71,7,10,5,5,10
272445,Álvaro Rodríguez,Álvaro Daniel Rodríguez Muñoz,"ST, LW, LM",68,20,14-07-2004,53,La Liga,468,Elche CF,Uruguay,1,64,68,76,66,69,48,69,60,66,61,66,68,77,53,65,16,68,61,61,15,16,15,11,14,12,7,13
242199,C. McVey,Christopher Donald McVey,"CB, LB",64,28,12-04-1997,39,Major League Soccer,131439,San Diego FC,Sweden,1,55,25,62,65,52,63,58,66,65,50,60,38,76,87,79,60,51,48,46,64,64,58,10,13,12,10,9
235551,I. Al Shuayl,Ibrahim Fahd Ibrahim Al Shuail,"LB, LM",59,30,21-11-1994,350,Pro League,112393,Al Taawoun FC,Saudi Arabia,1,61,25,44,59,56,57,55,72,67,68,48,65,56,58,59,53,55,49,45,54,58,58,13,6,12,10,7
79396,Neiva,Guilherme Neiva Silva,"LW, LM",63,24,15-03-2001,308,Primeira Liga,131463,AVS Futebol SAD,Brazil,1,60,62,43,67,67,62,63,69,71,64,53,73,50,59,54,14,61,63,58,18,31,25,12,15,14,12,7
222286,G. Lloris,Gautier Lloris,CB,74,29,18-07-1995,16,Ligue 1,1738,Le Havre AC,France,1,44,29,77,65,49,60,63,36,38,53,75,53,77,71,84,75,34,49,69,74,75,72,11,9,14,10,15
242312,A. Adam,Abdulfattah Mohamed Adamعبدالفتاح محمد آدم,ST,66,30,01-01-1995,350,Pro League,112393,Al Taawoun FC,Saudi Arabia,1,42,67,65,59,66,38,65,79,75,75,57,66,86,60,67,22,68,54,58,22,21,21,7,8,13,14,9
78012,Y. Diomande,Yan Diomande,"LM, RM, ST, LW",66,18,14-11-2006,19,Bundesliga,112172,RB Leipzig,Côte d'Ivoire,1,59,60,64,65,66,58,66,69,73,47,68,60,63,55,51,15,68,65,55,21,21,25,9,15,7,5,13
76801,E. Kujović,Emin KujovicЕмин Кујовић,"CM, CDM",58,20,09-09-2004,19,Bundesliga,31,1. FC Köln,Montenegro,1,56,53,50,64,63,62,63,50,63,59,52,52,61,56,72,55,52,54,40,41,56,56,7,8,7,10,8
74333,Gui Beleza,Guilherme Beleza Braga Figueiredo,"CDM, CM",60,18,09-12-2006,308,Primeira Liga,1888,Gil Vicente FC,Portugal,1,48,38,53,60,54,58,59,65,64,69,59,52,62,63,62,57,43,41,52,58,62,62,13,13,11,10,12
261737,A. Bedrane,Abdelkader Bedraneعبد القادر بدران,CB,72,33,02-04-1992,350,Pro League,113217,Damac FC,Algeria,1,42,24,74,72,46,71,64,51,67,42,68,49,77,77,80,74,35,44,63,71,71,72,15,10,11,10,14
252316,H. Ekdal,Hjalmar Ekdal,CB,72,26,21-10-1998,13,Premier League,1796,Burnley,Sweden,1,29,30,70,67,59,64,64,49,56,69,70,43,74,67,81,70,37,55,72,72,73,71,5,12,12,6,12
273826,Emiro Garcés,Carlos Emiro Garcés Torres,"CB, RB",69,23,01-10-2001,39,Major League Soccer,697,LA Galaxy,Colombia,1,37,38,69,63,40,52,56,83,85,64,68,33,87,72,80,68,26,33,50,63,69,65,6,11,6,9,13
73128,Zé Vitor,José Vítor Lima Cardoso,CB,71,24,09-02-2001,308,Primeira Liga,1891,CD Nacional,Brazil,1,41,26,75,59,51,58,61,62,68,41,68,44,86,76,90,66,38,38,51,67,72,67,11,13,12,9,12
79293,Jorge Meireles,Jorge Monteiro Meireles,"LW, RW, ST, LM",62,21,04-04-2004,308,Primeira Liga,718,Estrela da Amadora,Portugal,1,59,66,62,62,68,52,63,71,74,66,44,61,62,64,48,24,60,53,66,21,34,33,13,8,10,9,14
255177,Tah Anunga,Brian Anunga Tah,"CDM, CM, CB",63,28,10-08-1996,39,Major League Soccer,113149,FC Cincinnati,Cameroon,1,49,35,37,65,50,61,64,57,55,60,58,48,58,64,77,62,61,59,55,63,59,60,13,9,9,13,14
272881,S. Baetaih,Saeed Khalid Baattiaسعيد خالد باعطيه,"RB, RM",63,24,23-09-2000,350,Pro League,112390,Al Fateh,Saudi Arabia,1,61,45,54,56,52,60,55,74,71,65,56,42,67,73,62,55,46,43,49,55,62,60,14,10,14,10,6
268837,Rodrigo Ribeiro,Rodrigo Duarte Ribeiro,"ST, CAM, LW, CM",68,20,28-04-2005,308,Primeira Liga,237,Sporting CP,Portugal,1,49,70,69,64,71,55,74,68,73,66,66,65,73,60,68,16,69,69,73,19,17,15,13,13,12,9,7
242236,Ferro,Francisco Reis Ferreira,CB,68,28,26-03-1997,308,Primeira Liga,10020,GD Estoril Praia,Portugal,1,30,26,68,68,60,70,63,54,50,35,63,79,73,67,78,66,52,51,68,68,68,66,8,7,9,13,12
236621,P. Hamel,Pierre-Yves Hamel,ST,67,31,03-02-1994,16,Ligue 1,111817,Paris FC,France,1,57,70,72,59,61,46,68,50,40,55,69,71,74,66,73,24,72,51,66,22,20,24,11,14,13,13,13
79474,Samu Becerra,Samuel Becerra Gómez,CM,59,19,01-01-2006,53,La Liga,480,Rayo Vallecano,Spain,1,59,53,37,62,60,62,60,70,70,65,55,53,43,71,45,52,56,58,56,56,56,57,9,14,12,10,14
73882,Pedro Carvalho,Pedro Maria Salgueiro Costa Pessoa Carvalho,"RB, RM",65,22,14-02-2003,308,Primeira Liga,10020,GD Estoril Praia,Portugal,1,55,34,52,56,65,44,66,71,70,64,62,66,65,78,60,61,46,36,45,56,64,62,12,11,9,7,14
71081,M. Dawran,Majed Mohammed Yazid Dawran,CM,56,21,16-08-2003,350,Pro League,112096,Al Ettifaq,Saudi Arabia,1,46,49,45,59,60,56,59,78,75,75,53,52,64,70,61,49,52,49,54,49,54,50,13,8,9,10,9
72375,H. Kijima,Hosei Kijima木島 萌生,"CM, CDM, CAM",60,23,01-07-2002,39,Major League Soccer,688,DC United,Japan,1,47,56,51,65,58,58,65,67,69,51,58,56,59,63,57,58,59,57,47,41,53,48,7,11,9,10,9
240068,S. Al Nabit,Sumayhan Dhaidan Al Nabit Al Baqaawiسميحان النابت,"LM, RM, LW",63,29,27-03-1996,350,Pro League,112387,Al Ahli SFC,Saudi Arabia,1,61,58,42,57,65,56,61,78,77,86,54,60,56,71,42,26,57,59,49,35,26,23,12,11,8,9,13
74449,I. Mbaye,Ibrahim Mbaye,"RW, LW, RM",68,17,24-01-2008,16,Ligue 1,73,Paris Saint-Germain,France,1,60,62,39,64,73,53,70,78,77,82,64,60,48,51,42,19,66,61,66,21,29,25,15,14,7,9,9
272603,N. Norris,Nolan Norris,"LB, CDM, CM, CB",57,20,17-02-2005,39,Major League Soccer,695,FC Dallas,United States,1,42,57,48,58,58,45,58,61,71,63,59,53,50,59,53,55,60,45,64,52,58,50,15,10,9,5,5
273936,A. Dembélé,Ali Bina Dembélé,"RB, RM",62,21,05-01-2004,31,Serie A,54,Torino,France,1,60,38,52,61,60,50,62,66,67,66,57,52,62,54,62,60,51,48,50,61,62,60,11,7,10,6,13
241954,Y. Al Mozairib,Yousef Sami Al Mozairib Al Shammariيوسف المزيريب الشمري,"ST, LM, LW",59,27,09-12-1997,350,Pro League,113222,Al Hazem FC,Saudi Arabia,1,44,58,58,52,62,45,63,72,72,67,55,52,79,74,64,38,57,54,55,45,38,41,8,12,10,13,7
270652,W. Agada,William Agada,ST,66,25,17-09-1999,39,Major League Soccer,111065,Real Salt Lake,Nigeria,1,32,71,65,57,59,44,66,73,74,76,65,68,73,66,64,25,67,56,65,14,18,16,13,10,9,8,15
259150,A. Ndiaye,Abdoulaye Niakhate Ndiaye,CB,75,23,10-04-2002,31,Serie A,50,Parma,Senegal,1,28,24,78,68,43,53,59,60,72,42,70,56,83,63,80,72,21,54,66,75,78,73,12,9,12,10,10
256110,J. Skahan,John Jack Skahan,"CM, CAM",62,27,07-02-1998,39,Major League Soccer,111928,San Jose Earthquakes,United States,1,47,45,51,69,68,67,70,67,52,64,51,60,61,70,60,38,62,60,55,45,55,55,14,7,8,5,7
231111,A. Hack,Alexander Hack,CB,71,31,08-09-1993,39,Major League Soccer,689,New York Red Bulls,Germany,1,55,36,76,66,48,71,50,55,54,40,70,49,75,65,82,73,32,53,63,71,72,67,6,6,5,7,8
263396,Copete,José Manuel Arias Copete,CB,75,25,10-10-1999,53,La Liga,461,Valencia CF,Spain,1,36,32,77,74,50,60,71,56,45,35,73,43,76,65,69,76,31,44,62,77,78,76,11,13,9,13,8
262930,D. Oyegoke,Daniel Oladele Akinbiyi Oyegoke,"CB, RB, RM",62,22,03-01-2003,31,Serie A,206,Hellas Verona FC,England,1,51,40,55,61,62,56,56,72,79,63,57,48,69,52,63,61,51,44,54,61,64,65,8,6,5,6,12
74567,I. James,Isaac James,"LB, LM",63,20,28-08-2004,308,Primeira Liga,717,Alverca,Nigeria,1,66,38,51,53,63,39,61,63,68,55,62,48,69,56,77,59,48,41,51,52,65,64,10,12,7,6,14
257957,M. Rente,Marco Rente,"RB, CB",68,28,25-02-1997,10,Eredivisie,1915,FC Groningen,Germany,1,52,23,62,68,45,56,56,76,88,59,60,41,85,67,86,65,28,36,62,67,68,65,15,6,10,12,8
81319,V. Milosavljević,Veljko Milosavljević,CB,70,18,28-06-2007,13,Premier League,1943,AFC Bournemouth,Serbia,1,41,30,68,64,55,59,59,52,54,42,67,65,75,64,83,68,31,54,63,69,70,69,8,6,11,9,8
70160,T. Yegbe,Terry Yegbe,CB,69,24,25-01-2001,16,Ligue 1,68,FC Metz,Ghana,1,37,30,68,64,57,61,60,78,79,46,63,42,89,68,91,65,31,38,55,62,68,67,7,14,12,9,8
241494,M. Jenz,Moritz Jenz,CB,76,26,30-04-1999,19,Bundesliga,175,VfL Wolfsburg,Germany,1,35,27,74,69,51,62,59,66,59,51,74,38,77,69,85,75,25,38,66,75,81,75,11,12,11,11,8
260443,S. Ibrahim,Sunusi Ibrahim,"ST, RW, RM",65,22,01-10-2002,39,Major League Soccer,111139,CF Montréal,Nigeria,1,48,63,63,60,64,49,60,88,85,85,47,69,82,38,85,18,64,52,54,13,22,20,11,8,11,7,11
74483,H. Ahanor,Honest Ahanor,"LB, LM",66,17,23-02-2008,31,Serie A,39,Atalanta,Italy,1,61,42,61,62,61,50,65,67,68,53,61,50,62,62,52,61,52,40,48,62,68,65,7,8,15,9,8
78367,Oso,Joaquín Martínez Gauna,"LB, LM",61,21,09-07-2003,53,La Liga,481,Sevilla FC,Spain,1,58,57,48,57,60,55,63,75,74,67,49,61,54,60,49,57,49,56,60,56,61,59,14,6,6,7,5
272983,J. Banel,Jaydon Amauri Banel,"LM, LW, RW",64,20,19-10-2004,13,Premier League,1796,Burnley,Netherlands,1,58,56,45,60,67,48,66,80,78,76,58,61,59,51,51,24,60,58,58,26,30,32,14,10,13,12,12
73625,G. Zohouri,Guy-Noël Prince Zohouri,CM,61,18,01-02-2007,16,Ligue 1,1738,Le Havre AC,France,1,51,51,51,68,59,65,64,52,54,58,59,59,57,34,62,60,54,64,62,53,62,55,7,7,9,5,15
271270,R. Weijenberg,Robbin Weijenberg,"CAM, CM, CDM",61,20,08-11-2004,10,Eredivisie,100632,Go Ahead Eagles,Netherlands,1,46,47,55,67,62,64,63,64,69,62,54,57,64,49,61,25,57,65,64,47,46,52,7,12,10,6,8
247248,M. Mbow,Mamadou Moustapha Mbow,CB,72,25,08-03-2000,16,Ligue 1,111817,Paris FC,Senegal,1,23,36,71,71,59,69,66,61,63,43,70,52,81,72,82,71,24,44,65,74,73,67,6,5,14,14,5
71291,Fabrício Garcia,Fabrício Garcia Andrade,"LM, LW, RW",67,24,04-05-2001,308,Primeira Liga,10020,GD Estoril Praia,Cabo Verde,1,64,73,46,65,66,50,69,74,72,62,62,73,48,66,37,18,70,58,49,23,33,30,11,13,14,8,13
221656,E. Miller,Eric Miller,"LB, RB, CB, LM",64,32,15-01-1993,39,Major League Soccer,111140,Portland Timbers,United States,1,57,31,54,59,57,52,57,65,67,66,61,44,67,72,71,63,57,42,54,66,59,59,9,16,7,14,7
210205,D. Malone,Dion Omar Rudchell Malone,CB,63,36,13-02-1989,10,Eredivisie,100638,Telstar,Suriname,1,56,30,58,61,58,58,60,56,62,50,61,66,68,63,75,60,42,44,55,60,63,61,11,11,9,12,8
71477,Diogo Sousa,Diogo Lobão de Sousa,"CDM, CM",59,19,20-01-2006,308,Primeira Liga,1887,Vitória SC,Portugal,1,50,41,46,63,54,60,61,60,62,57,58,59,49,62,51,53,49,55,53,54,59,58,12,12,12,13,7
263229,M. Pellegrino,Mateo Pellegrino Casalanguila,ST,67,23,22-10-2001,31,Serie A,50,Parma,Argentina,1,31,66,72,64,61,45,68,55,55,49,66,73,81,61,83,21,67,48,59,23,27,33,8,7,15,14,7
239438,T. Hadebe,Teenage Lingani Hadebe,CB,69,29,17-09-1995,39,Major League Soccer,113149,FC Cincinnati,Zimbabwe,1,45,29,70,57,43,50,47,83,80,49,69,41,81,63,82,69,35,39,59,69,66,64,15,9,5,14,6
259406,S. Muñóz,Santiago René Muñóz Robles,"ST, CAM",63,22,14-08-2002,39,Major League Soccer,696,Sporting Kansas City,Mexico,1,58,63,59,63,66,52,66,71,71,77,60,59,70,60,65,21,66,63,62,21,21,20,5,7,12,8,5
73057,C. Campbell,William Cole Campbell,"RM, RW",67,19,20-02-2006,19,Bundesliga,22,Borussia Dortmund,United States,1,63,62,40,63,72,53,68,87,90,85,62,58,50,57,36,27,58,56,61,25,21,29,6,12,6,14,14
80772,D. Zema,Darris Zema,"RW, CAM, RM",62,18,20-05-2007,16,Ligue 1,1809,Toulouse FC,Algeria,1,62,51,45,65,70,61,67,71,67,83,47,66,46,57,38,33,53,61,68,27,43,28,6,12,10,6,13
80523,J. Dillema,Jismerai Dillema,"CDM, CM, CAM",58,18,14-02-2007,10,Eredivisie,1915,FC Groningen,Netherlands,1,42,48,48,65,66,61,65,71,70,70,56,56,52,55,48,55,52,45,49,51,56,52,11,8,14,6,8
75946,R. El Arguioui,Rafik El Arguiouiرفيق العرقيوي,"CAM, LW, CM",60,19,31-07-2005,10,Eredivisie,1903,FC Utrecht,Morocco,1,52,57,51,63,60,61,61,64,68,72,58,53,60,54,60,32,57,61,58,42,37,42,7,6,11,11,12
269259,L. Zeefuik,Lequincio Zeefuik,ST,64,20,26-11-2004,10,Eredivisie,1906,AZ Alkmaar,Netherlands,1,45,62,60,53,65,45,62,78,81,69,60,71,92,68,81,21,59,52,56,22,24,20,6,11,10,6,13
75787,P. Ugwu,Precious Joel Uche-Chukwu Ugwu,"CB, RB, RM",62,19,08-02-2006,10,Eredivisie,645,FC Volendam,Netherlands,1,36,39,56,55,44,48,59,71,79,73,57,67,71,59,69,63,29,42,65,58,63,64,8,6,11,6,10
80165,A. Markgraf,Andrik Markgraf,"LB, LM",63,19,07-03-2006,19,Bundesliga,1831,1. FC Union Berlin,Germany,1,60,38,55,50,62,48,55,75,68,65,60,40,59,61,45,58,57,48,45,56,67,65,14,8,5,7,6
277561,S. Amo-Ameyaw,Samuel Christian Osaze Amo-Ameyaw,"RM, RW",69,18,18-07-2006,16,Ligue 1,76,RC Strasbourg Alsace,England,1,63,62,44,66,72,54,71,78,77,81,66,58,47,58,34,26,65,67,68,23,28,26,9,8,9,11,6
274534,A. Privett,Andrew Privett,CB,66,24,02-08-2000,39,Major League Soccer,114640,Charlotte FC,United States,1,35,28,62,65,50,59,64,62,64,63,59,42,72,76,72,66,49,58,56,68,68,63,12,12,7,15,9
72337,Gustavo Varela,Gustavo Miguel Pereira Sousa Varela,ST,68,20,30-01-2005,308,Primeira Liga,1888,Gil Vicente FC,Portugal,1,40,71,64,62,69,50,68,68,67,63,67,67,74,60,72,20,68,50,62,17,16,22,10,7,10,14,13
78765,G. Bernardeau,Gabin Bernardeau,"CAM, RW, CM",66,19,24-01-2006,16,Ligue 1,72,OGC Nice,France,1,56,59,24,68,74,65,70,64,68,70,55,58,50,58,65,13,58,66,67,20,46,41,9,9,8,6,15
80582,G. Rahajaän,Givaro Rahajaän,CM,59,17,19-02-2008,10,Eredivisie,1914,PEC Zwolle,Netherlands,1,50,52,50,69,69,70,67,77,74,61,58,58,52,43,40,28,50,55,61,43,42,50,10,6,13,15,13
77035,T. Johnson,Tate Johnson,"LB, LM",62,19,10-07-2005,39,Major League Soccer,101112,Vancouver Whitecaps FC,United States,1,53,40,48,58,57,49,55,76,78,73,53,49,65,70,63,56,55,46,44,57,62,56,14,10,13,7,6
275516,T. Strata,Tony Strata,"RB, LB, RM",64,20,07-09-2004,308,Primeira Liga,1887,Vitória SC,Romania,1,63,34,49,59,64,53,66,66,64,72,59,34,61,65,67,64,53,39,48,59,65,60,13,12,13,8,15
272980,O. Aertssen,Olivier Aertssen,"RB, CB, RM",65,20,07-08-2004,10,Eredivisie,1914,PEC Zwolle,Netherlands,1,52,38,65,65,61,64,63,64,75,50,57,45,74,61,74,65,39,51,47,66,66,64,7,10,15,12,13
271195,Elias Manoel,Elias Manoel Alves de Paula,ST,63,23,30-11-2001,308,Primeira Liga,1438,Santa Clara,Brazil,1,40,61,61,52,68,37,67,90,87,78,53,60,78,75,76,18,62,50,45,21,12,14,14,9,8,7,14
230762,S. Al Hamsal,Saeed Mubarak Saad Al Hamsalسعيد آل حمسل,"RB, RM",62,29,18-04-1996,350,Pro League,112883,Al Khaleej,Saudi Arabia,1,51,31,41,51,47,46,52,85,82,84,56,44,63,76,61,57,49,45,45,55,57,59,7,11,11,6,13
80290,Yanis da Rocha,Yanis Franklin da Rocha,"CDM, CM",63,21,10-05-2004,308,Primeira Liga,1896,Sporting Clube de Braga,Portugal,1,46,36,66,64,59,60,62,64,60,52,59,56,71,59,70,60,32,47,47,63,66,62,12,11,5,12,11
224959,A. Al Khaibary,Abdulrahman Al Khaibary,"CDM, CM",61,37,03-02-1988,350,Pro League,113222,Al Hazem FC,Saudi Arabia,1,42,41,62,61,60,60,61,51,37,59,55,54,65,53,70,60,53,57,61,58,58,61,8,11,9,11,13
259568,C. Harvey,Carlos Miguel Harvey Cesneros,"CB, CM, RB, CDM",65,25,03-02-2000,39,Major League Soccer,111138,Minnesota United FC,Panama,1,39,40,56,66,53,60,65,56,50,61,56,48,70,60,79,61,43,53,46,64,68,65,15,12,10,5,9
262140,Carlos Domínguez,Carlos Domínguez Cáceres,CB,74,24,11-02-2001,53,La Liga,450,RC Celta,Spain,1,50,29,74,69,45,62,68,56,68,52,73,36,78,57,78,75,40,47,68,73,76,72,5,14,5,9,15
76111,P. Čović,Patrice Čović,"CAM, RM, CM",63,18,25-06-2007,19,Bundesliga,38,SV Werder Bremen,Croatia,1,54,53,39,66,65,58,64,73,66,75,62,59,40,53,30,36,58,64,65,40,40,36,13,15,15,8,14
234835,Domingos Duarte,Domingos de Sousa Coutinho Meneses Duarte,CB,74,30,10-03-1995,53,La Liga,1860,Getafe CF,Portugal,1,55,30,76,72,48,60,62,50,36,31,73,52,79,66,78,76,40,44,64,75,75,74,9,9,14,14,13
269940,X. Blomme,Xander Blomme,"CDM, CM",63,23,21-06-2002,10,Eredivisie,100632,Go Ahead Eagles,Belgium,1,50,42,59,66,55,63,61,64,43,55,59,56,58,67,50,64,42,53,55,63,62,63,7,12,5,5,6
272530,D. Payne,Deron Payne,"RB, RM",65,22,25-09-2002,10,Eredivisie,645,FC Volendam,Netherlands,1,57,33,52,58,62,53,58,72,70,62,60,42,65,73,61,62,62,46,49,62,64,63,5,6,14,8,10
78785,G. Reiziger,Gabriël Reiziger,"CAM, CM",60,19,10-10-2005,10,Eredivisie,1914,PEC Zwolle,Netherlands,1,51,64,48,56,70,57,66,77,76,73,52,63,62,36,55,24,46,57,64,32,41,46,9,7,8,14,11
260390,R. Zouhir,Rida Zouhir Takedam,CM,57,21,23-11-2003,39,Major League Soccer,688,DC United,Canada,1,46,40,48,64,64,61,59,63,69,58,53,60,60,63,69,48,53,53,61,53,55,43,9,8,9,15,8
75572,Fortea,Jesús Fortea Tejedo,"RB, RM",60,18,26-03-2007,53,La Liga,243,Real Madrid,Spain,1,52,20,62,63,66,58,60,65,64,60,53,48,69,68,67,52,61,50,45,46,66,57,11,5,12,13,5
77633,R. Fofana,Rayan Fofana,ST,65,19,12-02-2006,16,Ligue 1,64,RC Lens,France,1,55,65,62,59,67,48,64,71,77,68,63,66,69,53,58,23,65,51,63,18,25,20,13,9,12,14,14
77415,R. Nijstad,Ruud Nijstad,CB,59,17,17-01-2008,10,Eredivisie,1908,FC Twente,Netherlands,1,49,29,59,62,65,62,66,77,73,61,47,49,78,61,72,60,25,41,66,50,59,56,11,11,11,15,13
79317,David Santos Daiber,David Michael Santos Daiber,"CDM, CM",59,18,10-01-2007,19,Bundesliga,21,FC Bayern München,Portugal,1,45,46,56,67,57,61,59,60,61,68,61,54,45,50,33,54,55,58,47,56,60,63,11,14,5,7,10
259299,J. Siebert,Jamil Siebert,CB,70,23,02-04-2002,31,Serie A,347,Lecce,Germany,1,30,23,68,68,47,61,58,69,72,51,65,52,75,72,88,64,35,40,55,68,72,67,11,11,8,9,11
265701,V. Sejk,Václav Sejk,ST,66,23,18-05-2002,10,Eredivisie,1913,SC Heerenveen,Czechia,1,37,67,67,58,62,43,66,75,72,74,64,65,79,62,74,22,68,34,47,20,23,21,7,8,10,12,12
70908,André Lacximicant,André Filipe Ferreira Lacximicant,ST,68,24,19-05-2001,308,Primeira Liga,10020,GD Estoril Praia,Portugal,1,52,75,75,57,63,40,68,52,55,46,63,76,72,66,66,19,70,58,60,20,35,30,8,8,12,14,10
78216,N. Kamara,Noham Kamara,CB,62,18,22-01-2007,16,Ligue 1,73,Paris Saint-Germain,France,1,52,44,62,64,54,56,62,60,65,61,61,51,64,47,58,62,41,51,62,60,66,64,14,6,11,11,6
80588,R. Oudsten,Rojendro Oudsten,CM,59,17,12-11-2007,10,Eredivisie,100638,Telstar,Suriname,1,46,41,39,66,65,61,61,74,68,76,61,45,48,61,49,49,55,62,55,49,51,51,5,13,7,10,12
277485,S. Chérif,Sidiki Chérif,"LM, ST, LW",67,18,15-12-2006,16,Ligue 1,1530,Angers SCO,France,1,62,66,57,63,73,54,70,66,71,59,64,63,65,53,62,26,68,63,59,27,34,27,6,6,9,9,7
259862,M. Morales,Marcelo Ariel Morales Suárez,"LB, LM",66,22,06-06-2003,39,Major League Soccer,689,New York Red Bulls,Chile,1,65,25,48,62,54,39,66,73,73,71,60,36,64,83,64,58,62,38,47,57,60,64,15,14,15,6,13
74636,J. Plug,Jan Plug,"CB, CDM",62,20,02-04-2005,10,Eredivisie,246,Feyenoord,Netherlands,1,51,40,59,50,50,44,50,70,74,53,59,64,70,65,70,62,41,38,54,62,62,63,11,6,6,6,12
74145,S. Chambers,Samuel Nicholas Chambers,"CAM, RM, CM",61,17,18-08-2007,13,Premier League,8,Leeds United,Scotland,1,56,59,40,66,60,59,62,74,73,68,56,59,51,52,52,48,57,60,59,43,47,45,6,13,9,6,7
271080,A. Adelgaard,Aske Emil Berg Adelgaard,"LB, LM",65,21,10-11-2003,10,Eredivisie,100632,Go Ahead Eagles,Denmark,1,63,30,46,53,61,46,64,69,66,72,64,30,57,79,57,61,52,47,53,63,64,63,6,14,7,13,6
238370,M. Pongračić,Marin Pongračić,CB,74,27,11-09-1997,31,Serie A,110374,Fiorentina,Croatia,1,27,21,76,67,59,63,64,56,65,62,71,40,83,63,82,71,28,54,69,73,77,73,6,6,14,8,5
72740,S. Al Rashid,Saud Al Rashidسعود الراشد,"RB, RM",59,27,17-05-1998,350,Pro League,113222,Al Hazem FC,Saudi Arabia,1,51,46,47,50,53,42,52,75,75,66,55,57,64,72,67,58,51,41,46,51,52,56,13,8,14,7,13
276358,G. Ranos,Grant-Leon Ranos,ST,63,21,20-07-2003,19,Bundesliga,23,Borussia Mönchengladbach,Armenia,1,49,67,55,57,65,44,65,65,60,71,57,64,65,57,64,22,64,53,53,25,25,25,12,6,14,15,7
74959,Y. Sellami,Yanis Sellami,CM,61,18,04-01-2007,16,Ligue 1,219,Olympique de Marseille,Algeria,1,61,49,42,69,65,64,69,58,55,70,51,58,41,54,47,47,54,63,58,38,52,40,11,6,11,15,14
74705,A. Jasim,Ali-Jasim El-Aibi Al Tameemiعلي جاسم,"LM, RM, LW",62,21,20-01-2004,350,Pro League,115892,Al-Najma SC,Iraq,1,61,61,58,61,66,51,62,68,66,65,56,66,64,68,59,26,58,52,51,16,16,16,10,11,7,9,11
277235,F. Al Shamrani,Farhah Ali Saeed Al Shamraniفرحة الشمراني,"CM, CDM",58,19,27-02-2006,350,Pro League,113037,Al Riyadh,Saudi Arabia,1,50,46,35,62,62,55,60,65,68,74,60,43,41,53,47,64,53,57,51,58,58,56,12,11,6,12,13
264763,F. Chiarodia,Fabio Cristian Chiarodia,CB,68,20,05-06-2005,19,Bundesliga,23,Borussia Mönchengladbach,Italy,1,51,26,67,59,55,54,51,64,69,68,65,42,74,53,73,69,26,35,60,70,72,68,11,14,11,9,7
75116,Rangel,Vinicius Rangel da Silva,"LB, LM",60,21,30-04-2004,350,Pro League,113057,Al Fayha,Brazil,1,54,62,46,61,58,52,63,67,65,64,56,24,56,58,58,58,54,44,51,58,57,56,6,15,8,14,5
270732,Espigares,Antonio Espigares Morillas,"CB, RB",66,20,05-09-2004,308,Primeira Liga,1888,Gil Vicente FC,Spain,1,54,26,69,65,33,60,54,62,62,60,63,59,69,66,62,66,30,50,55,66,68,68,11,6,11,8,13
263178,Oier Luengo,Oier Luengo Redondo,"CB, RB, RM",69,27,11-11-1997,53,La Liga,110827,Real Oviedo,Spain,1,47,27,70,58,52,49,57,54,64,53,66,45,75,76,80,69,40,39,58,68,70,67,10,13,9,11,12
251660,A. Al Safri,Abdulrahman Salem Aatiq Al Safariعبدالرحمن السفري,"CM, CDM",60,32,31-03-1993,350,Pro League,131735,Al Kholood,Saudi Arabia,1,53,37,50,67,59,60,63,53,55,56,55,46,57,79,63,61,46,61,46,56,61,58,7,9,9,9,8
75838,D. van der Werff,David van der Werff,"CAM, LM, CM",62,20,31-08-2004,10,Eredivisie,1915,FC Groningen,Netherlands,1,60,54,47,68,65,70,63,58,57,60,59,61,42,42,42,40,48,67,57,47,44,50,7,9,6,11,9
238476,D. Zagadou,Dan-Axel Zagadou,CB,76,26,03-06-1999,19,Bundesliga,36,VfB Stuttgart,France,2,46,26,86,72,51,70,52,34,55,33,69,66,75,55,92,74,31,59,70,74,80,70,9,13,5,14,14
264092,Alan Godoy,Alan Godoy Domínguez,"ST, LW, RW",64,22,04-05-2003,308,Primeira Liga,718,Estrela da Amadora,Spain,1,44,66,60,54,67,37,69,76,72,74,59,64,73,66,62,23,63,52,61,31,28,25,11,9,8,8,13
275153,M. Jeng,Malcolm John Matarr Jeng,CB,65,20,09-03-2005,10,Eredivisie,246,Feyenoord,Sweden,1,45,28,63,66,59,61,61,65,72,61,61,31,73,69,73,64,53,48,59,65,67,62,14,9,10,9,8
247528,C. Ndaba,Corrie Richard Ndaba,"LB, CB",65,25,25-12-1999,31,Serie A,347,Lecce,Republic of Ireland,1,57,21,61,61,59,54,56,68,71,62,56,40,79,78,84,62,35,48,56,61,64,61,13,15,14,15,12
234988,M. Al Saeed,Mohammed Khalifah Mohammed Al Saeedمحمد خليفه السعيد,"LB, LM, LW",58,28,14-11-1996,350,Pro League,113037,Al Riyadh,Saudi Arabia,1,62,36,42,57,57,54,56,69,71,70,54,52,54,67,62,50,54,54,50,49,52,51,14,12,8,12,8
256018,M. Berry,Miguel Berry,ST,64,27,16-09-1997,39,Major League Soccer,697,LA Galaxy,Spain,1,32,61,62,58,66,38,63,68,69,58,64,70,76,63,77,25,63,53,60,23,22,24,11,14,13,13,14
226181,H. Al Jayzani,Hamad Sulaiman Al Jayzani,"LB, RB, LM",61,32,04-03-1993,350,Pro League,112883,Al Khaleej,Saudi Arabia,1,58,37,50,60,53,50,57,73,73,72,55,51,65,82,62,51,50,44,54,52,56,56,14,13,6,11,12
223115,P. Gladon,Paul Gladon,ST,64,33,18-03-1992,10,Eredivisie,634,Fortuna Sittard,Netherlands,1,43,62,70,59,50,51,62,52,63,58,61,72,73,58,76,29,68,56,68,20,21,20,14,15,8,15,14
268010,B. Medina,Brayan Stiven Medina Hurtado,CB,68,23,04-03-2002,308,Primeira Liga,112516,CD Tondela,Colombia,1,45,22,68,63,40,55,58,64,63,62,60,37,78,65,80,62,51,40,62,70,70,67,13,7,14,14,6
75085,V. Adžić,Vasilije AdžićВасилије Аџић,"CAM, CM",65,19,12-05-2006,31,Serie A,45,Juventus,Montenegro,1,40,66,42,66,68,61,67,66,67,65,62,52,51,43,55,34,65,61,65,33,33,39,7,7,10,13,6
72071,J. Slory,Jaden Fernando Slory,"RW, LW, RM",66,20,09-05-2005,10,Eredivisie,246,Feyenoord,Netherlands,1,60,59,43,59,69,47,68,83,84,83,62,64,51,58,43,22,57,63,62,27,28,29,6,7,7,14,6
228295,R. Holding,Robert Samuel Holding,CB,72,29,20-09-1995,39,Major League Soccer,694,Colorado Rapids,England,1,50,30,73,70,62,63,65,38,41,51,67,48,71,40,76,72,40,55,67,74,73,72,14,11,10,14,13
243153,M. Al Rashidi,Makhir Saleh Makhir Al Rashidiمخير الرشيدي,"CB, RB, RM",62,26,20-05-1999,350,Pro League,113057,Al Fayha,Saudi Arabia,1,51,38,52,57,51,46,52,76,75,68,64,36,69,73,64,65,44,42,42,69,64,67,5,15,11,11,11
80741,Gonçalo Maia,Gonçalo Maia Pereira,"CAM, CM",58,19,30-11-2005,308,Primeira Liga,1888,Gil Vicente FC,Portugal,1,54,44,47,58,61,51,63,65,63,55,64,71,47,48,46,44,49,65,57,41,49,51,7,15,13,7,9
211320,D. Rugani,Daniele Rugani,CB,75,30,29-07-1994,31,Serie A,45,Juventus,Italy,2,40,33,79,66,57,65,66,36,32,47,73,61,75,50,80,76,28,50,71,80,78,75,5,10,5,5,5
73855,M. Hawsawi,Murad Othman Harun Al Hawsawiمراد عثمان الهوساوي,"CDM, CM, CB",57,24,03-06-2001,350,Pro League,112883,Al Khaleej,Saudi Arabia,1,54,43,50,54,60,59,59,65,70,67,48,49,63,63,69,55,42,54,54,53,54,50,11,8,9,8,14
81283,Miguel Nogueira,João Miguel da Costa Nogueira,"CAM, CM",61,20,27-02-2005,308,Primeira Liga,1887,Vitória SC,Portugal,1,56,62,50,62,61,60,66,56,59,51,57,60,52,51,54,28,61,65,60,44,48,44,7,11,13,13,9
256215,M. Peltola,Matti Peltola,"CB, CDM, CM",66,22,03-07-2002,39,Major League Soccer,688,DC United,Finland,1,50,30,56,62,57,58,60,66,64,56,62,40,67,69,68,72,42,53,56,73,71,66,11,11,14,5,9
273124,Célio Pompeu,Célio Antonio Pompeu Pinheiro Martins,"LM, CAM, RW, LW",65,25,10-12-1999,39,Major League Soccer,113018,St. Louis CITY SC,Brazil,1,53,59,32,54,75,49,70,79,72,84,62,61,45,60,40,29,65,63,66,22,34,31,8,11,9,12,5
74491,D. Methalie,Dayann Methalie,"LB, LM",64,19,15-02-2006,16,Ligue 1,1809,Toulouse FC,France,1,60,29,52,65,62,53,66,64,57,58,61,41,61,58,60,65,53,48,52,60,65,64,9,14,10,14,13
75295,I. Toklomati,Idan Toklomati Jorno,ST,66,20,09-08-2004,39,Major League Soccer,114640,Charlotte FC,Israel,1,29,67,64,62,64,49,65,81,85,75,63,68,78,55,65,25,68,59,51,18,21,19,14,12,11,10,15
71977,Alberto Risco,Alberto Risco Alcántara,"CAM, CM",62,19,30-08-2005,53,La Liga,1860,Getafe CF,Spain,1,56,53,46,67,63,64,65,57,55,55,62,66,45,38,46,35,58,63,63,37,48,47,12,13,7,10,5
279130,A. Camara,Amady Camara,"ST, CAM",63,20,28-05-2005,16,Ligue 1,71,FC Nantes,Mali,1,57,65,57,61,62,42,61,74,74,71,59,62,71,70,66,20,62,56,55,17,19,17,7,9,14,9,7
222557,J. Glad,Justen Thomas Glad,CB,69,28,28-02-1997,39,Major League Soccer,111065,Real Salt Lake,United States,1,27,30,68,68,41,66,56,68,69,49,64,45,75,77,73,73,40,42,68,70,70,66,10,16,10,10,6
75707,M. Borrell,Mateo Borrell,"CDM, CM",60,19,01-01-2006,350,Pro League,113060,Al Akhdoud Saudi Club,Argentina,1,39,43,54,64,58,58,60,68,69,68,51,46,65,57,67,59,51,50,47,57,58,54,8,12,6,13,12
220385,Iván Márquez,Iván Márquez Álvarez,CB,69,31,09-06-1994,10,Eredivisie,634,Fortuna Sittard,Spain,1,37,45,68,61,39,54,59,39,61,56,65,53,72,64,86,69,43,47,65,70,68,64,12,12,6,13,9
277488,A. Fallatah,Ayman Yousef Ibrahim Fallatah,"CDM, CM, CAM",57,21,02-10-2003,350,Pro League,112387,Al Ahli SFC,Saudi Arabia,1,46,40,53,59,63,54,63,55,62,62,55,57,61,52,70,54,49,51,55,51,56,52,12,12,6,9,10
78145,A. Gomes Rodríguez,Alejandro Jesús Gomes Rodríguez,ST,64,17,11-03-2008,16,Ligue 1,66,Olympique Lyonnais,England,1,47,66,63,59,62,49,64,70,70,68,62,64,67,56,59,15,65,51,63,12,18,19,12,11,13,14,6
278856,A. Obando,Allen Aldair Obando Ayoví,ST,64,19,13-06-2006,39,Major League Soccer,112893,Inter Miami,Ecuador,1,27,67,68,57,64,41,60,66,66,64,68,56,83,68,72,20,69,66,65,25,25,20,13,13,6,12,13
215698,M. Maignan,Mike Peterson Maignan,GK,87,29,03-07-1995,31,Serie A,47,AC Milan,France,4,18,15,17,64,30,61,40,65,62,60,85,64,82,39,83,25,15,65,68,23,18,20,84,83,85,84,88
233109,F. Stokkers,Finn Stokkers,ST,65,29,18-04-1996,10,Eredivisie,100632,Go Ahead Eagles,Netherlands,1,32,66,65,54,62,32,66,66,76,72,62,67,83,72,74,16,65,44,66,40,18,14,7,5,12,6,8
254121,C. Cresswell,Charlie Richard Cresswell,CB,74,22,17-08-2002,16,Ligue 1,1809,Toulouse FC,England,1,36,23,77,69,55,62,64,55,54,35,69,55,81,65,79,70,24,33,71,73,78,73,11,11,13,10,11
76843,G. Alders,Gerald Alders,"RB, RM",61,20,07-05-2005,10,Eredivisie,245,Ajax,Netherlands,1,51,32,47,56,68,49,69,84,86,82,57,33,68,59,61,58,67,40,50,54,56,52,9,7,6,11,12
271691,J. Diaz,Michel Junior Diaz,CB,69,21,23-07-2003,16,Ligue 1,378,Stade Brestois 29,Côte d'Ivoire,1,43,22,64,60,42,53,53,75,82,64,62,45,82,71,81,67,21,38,54,67,74,71,13,9,7,6,13
230021,J. Aidoo,Joseph Aidoo,CB,75,29,29-09-1995,53,La Liga,450,RC Celta,Ghana,1,34,18,75,69,35,50,58,66,72,67,73,50,85,65,86,75,25,23,63,72,74,74,11,6,9,13,6
76944,R. Bounida,Rayane Bounida,"LW, CAM, LM",64,19,03-03-2006,10,Eredivisie,245,Ajax,Belgium,1,59,60,30,57,70,57,72,69,71,80,52,71,36,38,34,20,53,70,64,37,29,30,11,14,5,8,6
76454,W. Reilly,William James Reilly,"CM, CDM, CAM",56,22,13-12-2002,39,Major League Soccer,112885,Atlanta United,United States,1,44,54,39,61,58,60,58,73,72,56,52,53,56,70,62,35,54,55,54,43,48,51,10,13,10,10,7
77759,A. Smolyakov,Artem SmolyakovСмоляков Артем Геннадійович,"LB, LM",61,22,29-05-2003,39,Major League Soccer,112996,Los Angeles FC,Ukraine,1,61,44,44,64,64,64,64,65,66,55,54,46,54,58,60,48,51,60,46,52,68,64,15,10,12,7,8
243497,S. Walukiewicz,Sebastian Wiktor Walukiewicz,"CB, RB",71,25,05-04-2000,31,Serie A,111974,Sassuolo,Poland,1,43,36,71,64,52,58,60,59,43,44,62,42,77,68,75,73,41,40,69,74,74,72,10,14,6,15,6
261190,B. Al Hurayji,Bassam Mohammed Al Hurayji,"RB, CM, CB",62,25,29-03-2000,350,Pro League,112387,Al Ahli SFC,Saudi Arabia,1,54,34,44,61,57,57,57,65,69,78,56,46,66,68,70,57,45,55,57,55,64,60,8,6,8,8,8
78453,Afonso Assis,Afonso Assis Cunha Almeida,"CDM, CM",60,18,15-07-2006,308,Primeira Liga,1900,Moreirense FC,Portugal,1,51,38,52,62,58,58,55,64,55,58,62,55,62,51,64,60,53,58,59,54,60,58,12,13,14,12,5
79479,Pablo Ruan,Pablo Ruan Messias Cardozo,"ST, RW, RM",63,22,01-02-2003,308,Primeira Liga,1891,CD Nacional,Brazil,1,54,67,64,60,62,51,64,59,60,61,56,68,63,60,57,25,63,58,57,26,20,21,10,14,14,14,6
263068,L. Ennali,Lawrence Ennali,"LM, RM, LW",64,23,07-03-2002,39,Major League Soccer,698,Houston Dynamo,Germany,1,59,62,46,56,70,49,66,89,90,87,50,62,60,50,47,26,56,55,55,23,31,22,6,7,12,13,7
74481,I. Salhi,Iliesse Salhi,"LB, CM, LM",60,17,27-07-2007,53,La Liga,453,RCD Mallorca,France,1,61,38,43,58,60,55,58,77,71,75,47,48,51,58,47,60,54,58,49,52,57,53,11,5,11,9,9
243302,D. Musovski,Danny MusovskiДени Мусовски,ST,63,29,30-11-1995,39,Major League Soccer,111144,Seattle Sounders FC,United States,1,45,66,64,58,60,42,63,62,63,61,63,65,62,70,53,40,67,55,59,44,39,39,5,5,5,13,13
258926,J. Hubner,Justin Quincy Hubner,"CB, LB",64,21,14-09-2003,10,Eredivisie,634,Fortuna Sittard,Indonesia,1,49,36,64,59,53,63,58,58,57,60,57,52,68,58,68,62,34,48,55,61,64,61,9,13,15,8,14
73349,Sidney Lima,Sidney Alexssander Pena de Lima,CB,71,28,17-01-1997,308,Primeira Liga,1438,Santa Clara,Brazil,1,35,30,75,63,44,53,56,56,64,55,69,48,74,71,70,64,28,28,60,72,77,74,7,13,13,7,11
263573,A. Al Dakhil,Ameen Al Dakhilأمين الدخيل,CB,72,23,06-03-2002,19,Bundesliga,36,VfB Stuttgart,Belgium,1,27,22,72,68,59,66,65,69,68,58,69,41,81,68,76,71,15,47,70,72,73,71,9,14,9,10,8
240150,T. Totland,Tomas Olai Totland,"RB, LB, RM",64,26,28-09-1998,39,Major League Soccer,113018,St. Louis CITY SC,Norway,1,65,36,44,55,66,40,65,81,81,77,58,22,63,78,60,56,59,35,52,53,59,57,13,5,13,13,14
73375,I. Bekhoucha,Ismael Bekhoucha Lemlal,"RB, RM",61,20,20-11-2004,53,La Liga,1860,Getafe CF,Morocco,1,54,32,49,55,59,47,60,72,73,69,58,53,60,67,58,56,54,44,48,53,57,55,9,5,9,10,14
75535,A. Sliti,Aymen Sliti,"LW, RW, LM",64,19,24-03-2006,10,Eredivisie,246,Feyenoord,Netherlands,1,66,56,40,58,68,49,66,77,79,85,56,66,46,54,41,19,56,55,56,27,28,30,15,9,13,9,6
253969,L. Hjelde,Leo Fuhr Hjelde,"LB, CB, LM",66,21,26-08-2003,13,Premier League,106,Sunderland,Norway,1,60,32,65,61,59,57,63,62,71,59,63,29,73,56,74,65,50,46,59,66,66,64,10,13,11,9,8
269617,J. Mina,Juan José Mina González,"RB, RM",64,20,27-07-2004,39,Major League Soccer,689,New York Red Bulls,Colombia,1,64,41,57,59,55,50,57,69,74,68,61,38,67,61,63,61,46,35,48,62,60,58,14,8,9,8,7
76087,M. Ćatović,Mirza Ćatović,"CDM, CM",60,18,01-05-2007,19,Bundesliga,36,VfB Stuttgart,Serbia,1,41,44,59,63,59,58,61,56,60,58,60,60,67,50,71,57,44,60,52,58,58,55,12,10,9,14,15
278679,M. Cimermancic,Markus Cimermancic,"CM, LM",57,20,01-10-2004,39,Major League Soccer,111651,Toronto FC,Canada,1,51,50,51,62,56,59,60,66,70,58,55,60,57,65,55,49,61,53,50,43,46,44,6,7,12,12,8
211107,Frederico Venâncio,Frederico André Ferrão Venâncio,CB,71,32,04-02-1993,308,Primeira Liga,1438,Santa Clara,Portugal,1,34,30,71,65,46,56,66,60,53,54,70,53,80,58,79,70,25,49,72,70,71,68,13,10,11,8,15
279782,Z. Athekame,Zachary Athekame,"RB, RM",65,20,13-12-2004,31,Serie A,47,AC Milan,Switzerland,1,58,24,55,58,61,45,63,81,82,71,59,26,81,64,77,60,50,38,46,57,60,63,13,8,10,13,13
279544,A. Fadal,Ali Fadal,"CM, CDM",59,21,14-01-2004,39,Major League Soccer,694,Colorado Rapids,Ghana,1,46,38,60,66,49,63,63,54,62,60,57,60,53,58,48,54,49,60,47,54,54,54,8,6,10,10,12
247038,J. Haak,Justin Haak,"CB, CDM, CM",63,23,12-09-2001,39,Major League Soccer,112828,New York City FC,United States,1,45,38,54,68,64,60,63,52,48,57,62,46,57,49,61,65,52,54,53,68,67,63,13,12,9,7,11
248878,L. Kilian,Luca Jannis Kilian,CB,69,25,01-09-1999,19,Bundesliga,31,1. FC Köln,Germany,1,48,36,71,64,48,61,57,47,64,50,67,56,69,56,82,68,33,52,67,65,70,69,10,8,11,9,11
272486,Diego Méndez,Diego Méndez Molero,"CDM, CM",64,21,29-08-2003,53,La Liga,480,Rayo Vallecano,Spain,1,38,50,60,65,60,60,63,56,66,54,55,60,65,52,64,65,55,56,55,66,66,66,7,7,5,13,9
80489,R. van Cruijsen,Robin van Cruijsen,"CAM, CM",58,19,20-02-2006,10,Eredivisie,645,FC Volendam,Netherlands,1,65,55,45,54,64,53,62,74,71,66,49,51,47,48,44,29,54,58,62,41,39,42,12,11,11,13,13
258972,I. Touré,Souleymane Isaak Touré,CB,71,22,28-03-2003,16,Ligue 1,217,FC Lorient,France,1,42,29,66,61,49,47,64,62,68,50,65,39,81,69,93,69,41,54,66,69,71,67,14,7,7,5,12
279202,F. Camarda,Francesco Camarda,ST,65,17,10-03-2008,31,Serie A,347,Lecce,Italy,1,40,68,66,61,66,48,69,65,68,66,61,67,66,55,58,22,61,48,58,16,22,16,11,9,15,12,15
76710,Vando Félix,Vando Baifas Félix,"LM, RM, LW",66,22,03-09-2002,308,Primeira Liga,1887,Vitória SC,Guinea-Bissau,1,59,60,39,54,71,50,72,83,79,75,68,64,53,53,46,27,60,55,50,22,30,31,11,14,13,11,8
262087,D. Dodson,Derek Dodson,"RB, RM",58,26,03-11-1998,39,Major League Soccer,688,DC United,United States,1,45,54,57,55,53,49,55,64,66,59,61,46,69,61,71,55,51,52,52,56,54,52,13,12,7,14,7
266236,A. Ibrahimović,Arijon Ibrahimović,"LM, LW, RM",61,19,11-12-2005,19,Bundesliga,111235,1. FC Heidenheim 1846,Germany,1,55,60,57,59,68,49,68,64,54,71,58,65,55,38,47,24,63,59,57,19,23,28,12,12,10,10,8
279573,L. Zogbé,Tolikpaley Luck Evrad Zogbé,"RB, LB, RM",68,20,24-03-2005,16,Ligue 1,378,Stade Brestois 29,Côte d'Ivoire,1,65,32,55,62,58,43,66,69,63,58,66,44,64,69,59,65,47,39,49,68,71,63,11,7,11,9,10
80663,Jofre Torrents,Jofre Torrents Salvat,"LB, LM",61,18,28-01-2007,53,La Liga,241,FC Barcelona,Spain,1,58,27,51,61,56,56,61,65,67,68,62,41,62,65,63,58,63,40,56,51,56,54,10,15,8,13,6
258843,A. Pembélé,Andy Pembélé,"RM, ST, RW",62,24,04-07-2000,16,Ligue 1,111817,Paris FC,France,1,53,55,45,56,64,46,61,83,81,75,61,57,64,53,55,34,59,58,60,30,32,30,15,11,10,6,9
75087,A. Heaven,Ayden Edford Heaven,"CB, LB",69,18,22-09-2006,13,Premier League,11,Manchester United,England,1,39,24,67,62,60,55,58,69,69,56,67,35,77,61,76,68,35,52,67,70,70,69,6,9,6,7,8
202073,E. Zavaleta,Eriq Anthony Zavaleta Vanney,CB,62,32,02-08-1992,39,Major League Soccer,697,LA Galaxy,El Salvador,1,29,30,63,61,54,58,58,47,34,32,55,68,70,63,80,59,53,53,54,57,60,59,12,7,15,13,15
277944,O. Fayed,Omar Fayedعمر فايد,CB,65,21,04-07-2003,308,Primeira Liga,112513,FC Arouca,Egypt,1,44,25,61,57,58,61,56,60,59,58,56,59,72,59,75,67,35,39,60,65,66,65,14,10,15,7,11
72891,M. Aïko,Makan Aïko,"ST, RM, RW",63,24,07-01-2001,10,Eredivisie,634,Fortuna Sittard,France,1,57,62,58,61,64,52,66,74,83,68,62,60,72,68,52,15,66,54,59,26,28,29,10,11,8,14,6
73746,L. Tunjić,Luka Tunjić,"CAM, LM, CM",64,19,19-11-2005,10,Eredivisie,634,Fortuna Sittard,Croatia,1,45,57,49,66,66,63,68,68,69,57,63,59,57,62,57,24,59,64,58,30,33,29,7,13,6,12,12
275570,S. Al Zaid,Suhayb Ayman Al Zaid,"CDM, CM",57,20,12-08-2004,350,Pro League,605,Al Hilal,Saudi Arabia,1,51,43,35,60,56,59,56,69,68,73,54,50,45,70,51,54,45,58,59,53,53,49,7,11,12,6,10
199550,B. Martins Indi,"Rolando Maximiliano ""Bruno"" Martins Indi",CB,68,33,08-02-1992,10,Eredivisie,100646,Sparta Rotterdam,Netherlands,1,59,38,68,68,54,66,61,30,34,46,63,57,67,55,81,68,42,40,67,69,68,67,11,9,7,15,6
278488,O. Valencia,Omar Javier Valencia Arauz,"LB, CB, LM",59,21,08-06-2004,39,Major League Soccer,689,New York Red Bulls,Panama,1,58,43,58,61,58,57,58,56,62,53,54,49,59,52,57,58,50,51,51,55,60,57,6,8,7,11,12
271596,I. Glavinovich,Ian Glavinovich Maceratesi,CB,64,23,27-10-2001,39,Major League Soccer,112134,Philadelphia Union,Argentina,1,55,31,68,62,54,55,50,65,62,58,51,26,71,63,65,71,42,38,44,65,63,65,9,11,12,12,14
199174,A. Caracciolo,Antonio Aldo Caracciolo,CB,71,35,30-06-1990,31,Serie A,110738,Pisa,Italy,1,41,38,69,61,52,58,60,57,47,68,68,25,77,71,82,74,28,34,70,75,71,69,7,13,13,11,15
266852,T. Ku-DiPietro,Theodore Ku-DiPietro,"LM, CAM, ST, LW",65,23,28-01-2002,39,Major League Soccer,694,Colorado Rapids,United States,1,50,62,35,60,70,47,68,72,73,70,60,62,54,67,58,44,65,63,65,40,35,30,8,8,10,6,6
275436,N. Darvich,Noah Yanis Darvich,"CAM, CM, RM",62,18,25-09-2006,19,Bundesliga,36,VfB Stuttgart,Germany,1,52,54,43,65,69,52,67,77,70,80,57,47,55,59,53,37,56,60,60,34,31,29,9,6,11,7,12
202750,W. Boly,Willy-Arnaud Zobo Boly,CB,73,34,03-02-1991,13,Premier League,14,Nottingham Forest,Côte d'Ivoire,1,50,32,75,67,54,64,61,34,34,33,72,54,68,34,88,72,45,61,79,75,74,73,7,8,15,10,9
79113,E. Demircan,Emirhan Cüneyt Demircan,"LW, RW, LM",62,20,20-01-2005,10,Eredivisie,1903,FC Utrecht,Türkiye,1,60,55,59,60,67,54,65,77,81,72,51,55,72,53,61,22,56,54,50,27,29,28,12,9,13,13,9
278601,Aitor Gismera,Aitor Gismera Monge,"CDM, CM",63,21,21-02-2004,53,La Liga,449,Real Betis Balompié,Spain,1,41,45,47,68,56,58,62,57,52,54,55,53,53,57,58,64,62,68,56,60,62,58,11,8,10,7,11
243045,A. Al Khatib,Abdullah Ahmed Al Khateebعبد الله الخطيب,"CB, LB, LM",65,30,12-03-1995,350,Pro League,112096,Al Ettifaq,Saudi Arabia,1,51,23,61,64,55,55,63,71,77,67,63,40,79,82,77,63,34,32,54,63,68,63,11,11,9,9,6
74883,E. Molebe,Enzo Anthony Honoré Molebe,ST,64,17,18-09-2007,16,Ligue 1,66,Olympique Lyonnais,France,1,41,64,46,58,70,35,69,79,77,82,61,66,67,56,68,18,61,54,65,15,16,13,14,5,11,7,12
247474,C. Gasper,Chase Blair Gasper,"LB, LM",63,29,25-01-1996,39,Major League Soccer,693,Chicago Fire,United States,1,60,32,51,63,60,58,60,67,67,60,55,37,68,68,74,58,49,43,60,60,63,62,13,13,8,7,6
213007,A. Aseri,Abdulfattah Tawfiq Jaber Asiriعبد الفتاح توفيق عسيري,"RM, CAM, RB",60,31,26-02-1994,350,Pro League,131735,Al Kholood,Saudi Arabia,1,57,58,50,58,67,57,65,73,63,83,52,61,50,33,41,18,52,56,55,26,30,28,12,8,14,11,15
261453,O. Larraz,Oliver Love Larraz,"CDM, CM",62,23,16-09-2001,39,Major League Soccer,694,Colorado Rapids,United States,1,48,44,36,65,61,62,64,62,53,61,57,48,48,55,57,61,48,52,55,64,63,60,9,13,8,13,12
80749,Antonio Martínez,Antonio Martínez Bastida,CM,59,19,09-04-2006,53,La Liga,468,Elche CF,Spain,1,42,56,37,63,62,60,64,67,63,63,57,52,43,50,49,53,49,60,60,52,53,51,12,6,12,15,11
74122,A. Papakanellos,Antonis PapakanellosΑντώνης Παπακανέλλος,"RM, LM, CAM, RW",61,19,01-08-2005,308,Primeira Liga,744,Rio Ave FC,Greece,1,57,60,53,60,64,57,61,69,68,58,55,57,64,59,64,30,58,53,65,38,31,34,13,6,9,6,11
79800,A. Harangi,Aiden Harangi,"LB, RB, LM",62,19,08-02-2006,39,Major League Soccer,131439,San Diego FC,United States,1,64,27,48,53,54,51,53,69,73,62,61,33,57,68,58,57,58,39,57,59,59,60,7,11,7,12,13
79042,S. Hetli,Soufiane Hetli,"ST, CAM",64,24,30-05-2001,10,Eredivisie,100638,Telstar,Netherlands,1,49,61,61,62,67,45,67,79,70,77,61,64,76,57,67,15,60,54,59,19,13,17,11,9,14,6,10
264401,B. Meïté,Bamo Abdoul Meïté,CB,73,23,03-12-2001,16,Ligue 1,217,FC Lorient,Côte d'Ivoire,1,34,26,73,66,57,43,65,46,55,31,69,54,72,68,72,71,33,35,55,75,79,75,9,8,14,14,9
261647,A. Omobamidele,Andrew Abiola Omobamidele,CB,73,23,23-06-2002,16,Ligue 1,76,RC Strasbourg Alsace,Republic of Ireland,1,25,24,72,68,53,62,59,65,72,52,71,42,75,67,81,73,41,58,68,72,75,71,8,10,7,8,7
268396,D. Pizarro,Damián Nicolás Pizarro Huenuqueo,ST,65,20,28-03-2005,16,Ligue 1,1738,Le Havre AC,Chile,1,26,64,62,61,67,51,66,79,86,72,60,66,83,50,80,18,63,48,66,11,14,11,10,14,14,13,8
273550,J. Dean,Robert Jonathan Dean Jr,"RB, LB, RM",63,28,15-05-1997,39,Major League Soccer,693,Chicago Fire,United States,1,57,33,55,64,53,61,57,67,73,58,58,46,62,71,56,54,46,48,57,58,61,61,13,6,13,11,10
71618,T. Spicer,Tyrese Spicer,"LM, LW, RM, LB",63,24,04-12-2000,39,Major League Soccer,112606,Orlando City SC,Trinidad and Tobago,1,54,59,40,59,72,50,67,77,86,58,45,70,58,46,58,34,64,54,53,39,45,39,7,9,12,12,8
274684,N. Scardina,Nicholas Scardina,"RB, LB, RM",60,24,22-06-2001,39,Major League Soccer,114640,Charlotte FC,United States,1,60,39,49,59,60,54,62,69,69,68,48,47,57,65,56,53,50,50,45,53,58,53,13,14,11,6,10
264191,G. Lagerbielke,Gustaf Johan Lagerbielke,CB,71,25,10-04-2000,308,Primeira Liga,1896,Sporting Clube de Braga,Sweden,1,34,25,74,70,59,74,63,40,59,44,67,60,75,64,82,68,29,58,65,69,73,67,9,11,11,14,12
77609,A. Guboglo,Yuri Aleksandr Guboglo,"RM, RB",59,18,20-03-2007,39,Major League Soccer,111139,CF Montréal,Haiti,1,64,31,42,53,64,40,58,82,79,73,49,50,63,60,62,51,49,52,45,51,51,50,12,13,14,6,12
242253,M. Toye,Mason Vincent Toye,ST,65,26,16-10-1998,39,Major League Soccer,696,Sporting Kansas City,United States,1,41,69,67,51,61,35,62,64,74,68,54,70,74,35,74,19,65,42,59,35,23,18,8,7,13,12,10
275294,R. Donkor,Ronald Donkor,"CDM, CM",61,20,20-11-2004,39,Major League Soccer,689,New York Red Bulls,Ghana,1,55,27,48,68,68,62,64,63,64,61,59,52,52,61,53,54,55,55,57,55,62,58,6,8,11,5,10
254859,A. Mighten,Alexander Cole Mighten,"LM, RM, LW",65,23,11-04-2002,39,Major League Soccer,131439,San Diego FC,England,1,61,58,41,69,68,58,69,87,71,89,52,62,58,57,50,20,55,55,50,24,34,29,7,14,8,14,7
245438,A. Abdu,Ahmed Abdu Jaber,ST,64,28,08-08-1996,350,Pro League,131798,NEOM SC,Saudi Arabia,1,39,67,65,55,61,40,64,54,55,57,64,62,70,64,72,25,66,55,52,27,25,23,7,11,7,6,12
277695,D. Ghilardi,Daniele Ghilardi,CB,72,22,06-01-2003,31,Serie A,52,Roma,Italy,1,33,48,75,61,43,53,57,52,62,42,71,45,74,71,72,73,30,39,52,74,75,72,11,6,13,7,13
262597,A. Malanda,Adilson Malanda,CB,69,23,29-10-2001,39,Major League Soccer,114640,Charlotte FC,France,1,42,28,70,65,48,62,65,59,65,56,62,45,72,78,71,69,28,31,57,70,70,66,12,10,15,13,9
73990,Pau Cabanes,Pau Cabanes De La Torre,"ST, RM",65,20,17-02-2005,53,La Liga,483,Villarreal CF,Spain,1,41,69,59,62,75,44,62,55,69,57,62,73,54,53,49,25,64,57,52,20,22,15,11,12,12,14,7
80670,R. Koubini,Rayyan Koubini,"CM, CAM",58,20,06-06-2005,10,Eredivisie,100638,Telstar,Netherlands,1,55,45,33,63,65,59,66,69,66,74,59,45,45,49,52,31,59,63,61,39,44,42,13,6,11,7,14
269099,E. Maviram,Nor-Nor Emmanuel Maviram,"LB, LM",66,24,04-04-2001,308,Primeira Liga,112516,CD Tondela,Nigeria,1,58,33,53,54,64,48,58,70,72,59,66,28,65,72,67,63,47,37,57,60,68,67,8,11,13,6,11
271683,M. Milovanović,Marko MilovanovićМарко Миловановић,ST,66,21,04-08-2003,308,Primeira Liga,717,Alverca,Serbia,1,35,67,65,57,67,50,64,54,62,57,65,76,73,58,80,23,64,50,48,20,22,26,11,8,15,7,10
251754,S. Kersten,Sam Kersten,CB,66,27,30-01-1998,10,Eredivisie,1913,SC Heerenveen,Netherlands,1,31,38,64,65,42,64,55,66,85,37,65,64,80,59,86,64,30,29,59,64,63,65,7,11,12,10,8
73597,G. Okkas,Georgios OkkasΓεώργιος Οκκάς,"LB, LM",62,21,24-10-2003,308,Primeira Liga,744,Rio Ave FC,Cyprus,1,59,50,50,57,64,49,50,68,70,57,60,40,63,58,65,57,58,41,49,55,62,64,8,6,13,5,10
80023,A. Moreira,Agustín Moreira,"RW, LW, RM",64,24,28-05-2001,308,Primeira Liga,1888,Gil Vicente FC,Uruguay,1,55,59,53,57,70,48,71,71,73,71,64,73,56,49,47,22,59,54,48,25,35,27,12,5,11,7,9
76786,A. Ndoye,Alioune Ndoye,ST,65,23,05-10-2001,308,Primeira Liga,1887,Vitória SC,Senegal,1,31,72,73,52,54,39,59,64,69,55,58,68,79,58,71,21,67,48,65,23,21,22,14,6,6,9,13
245494,A. Al Mogren,Abdullah Mohammed Al Mogrenعبدالله محمد المقرن,"CAM, ST, LM, CM",59,28,26-11-1996,350,Pro League,112390,Al Fateh,Saudi Arabia,1,54,55,55,59,61,57,62,67,68,68,55,53,66,64,65,27,55,57,57,36,34,21,13,6,9,7,6
73731,N. Banks,Noahkai Dominic Banks,CB,66,18,01-12-2006,19,Bundesliga,100409,FC Augsburg,United States,1,37,32,66,60,46,50,54,59,63,57,65,40,74,64,76,61,38,49,56,67,70,63,15,9,5,15,13
277233,M. Mahzari,Mohammed Matar Mohsen Mahzariمحمد محزري,"RB, CM, LB, CDM",58,23,19-05-2002,350,Pro League,112393,Al Taawoun FC,Saudi Arabia,1,43,42,44,56,55,53,49,79,75,68,55,48,61,70,60,53,50,50,45,50,58,54,9,8,10,6,6
206654,Pablo Marí,Pablo Marí Villar,CB,74,31,31-08-1993,31,Serie A,110374,Fiorentina,Spain,1,32,38,77,68,49,61,60,49,54,42,71,49,78,66,78,76,34,34,70,74,77,75,6,14,7,13,12
268106,M. Dekker,Maxim Dekker,CB,67,21,21-04-2004,10,Eredivisie,1906,AZ Alkmaar,Netherlands,1,45,35,68,64,45,66,55,62,38,54,65,42,74,67,73,65,44,48,58,68,67,66,12,9,13,10,7
255827,R. Veselinović,Ranko VeselinovićРанко Веселиновић,CB,71,26,24-03-1999,39,Major League Soccer,101112,Vancouver Whitecaps FC,Serbia,1,35,23,67,69,42,61,57,56,77,45,70,38,76,77,82,70,33,34,60,71,71,67,14,14,12,11,11
266150,F. Surman,Finn Surman,CB,68,21,23-09-2003,39,Major League Soccer,111140,Portland Timbers,New Zealand,1,39,35,65,64,50,52,58,62,67,56,70,38,76,81,78,66,32,40,64,65,67,65,10,15,7,13,14
241070,N. Maraš,Nikola MarašНикола Мараш,CB,69,29,19-12-1995,53,La Liga,463,Deportivo Alavés,Serbia,1,31,38,69,68,50,51,59,56,61,61,62,52,76,76,81,64,28,46,67,68,71,70,10,9,12,11,14
242661,H. Camara,Haroune Camaraهارون كمارا,"ST, RM",61,27,01-01-1998,350,Pro League,112139,Al Nassr,Saudi Arabia,1,42,62,53,54,61,42,53,86,80,71,57,58,83,68,81,23,61,55,49,15,18,11,5,14,6,10,15
71914,João Peglow,João Gabriel Martins Peglow,"LM, CAM, RM, LW",64,23,07-01-2002,39,Major League Soccer,688,DC United,Brazil,1,60,69,41,62,68,59,69,74,71,69,51,73,45,49,42,23,60,58,53,25,26,27,13,11,5,12,12
252416,D. Louicius,Louicius Don Deedson,"RW, ST, RM",65,24,11-02-2001,39,Major League Soccer,695,FC Dallas,Haiti,1,58,66,48,56,65,52,66,83,84,71,63,63,66,64,58,23,58,55,56,26,11,17,14,6,11,6,12
257067,Z. McGraw,Zac McGraw,CB,65,28,08-06-1997,39,Major League Soccer,111140,Portland Timbers,Canada,1,52,45,69,54,50,54,51,53,52,52,60,51,76,67,82,66,46,58,55,63,64,62,6,12,13,11,12
75148,A. Bah,Abdulai Juma Bah,CB,72,19,11-04-2006,16,Ligue 1,72,OGC Nice,Sierra Leone,1,46,19,72,65,47,56,59,58,73,45,70,39,80,66,81,73,29,48,67,72,75,68,12,11,11,14,10
260010,S. Balobaid,Saad Yaslam Balobaidسعد يسلم بالعبيد,"LB, LM",64,25,26-01-2000,350,Pro League,111674,Al Shabab,Saudi Arabia,1,60,22,35,40,59,38,58,80,81,71,56,35,48,78,57,61,53,42,46,56,63,65,12,13,13,11,5
79040,A. Oehlers,Aurelio Oehlers,"LM, RM, LW",63,21,05-02-2004,10,Eredivisie,645,FC Volendam,Netherlands,1,54,67,33,54,72,42,69,84,80,74,59,73,61,51,61,25,53,49,55,22,30,31,7,9,9,12,7
277447,S. Lemkin,Stav Lemkin,CB,68,22,02-04-2003,10,Eredivisie,1908,FC Twente,Israel,1,44,27,66,62,44,51,55,60,70,44,62,65,75,55,78,66,35,45,62,69,68,65,14,5,12,5,14
76027,S. Perciun,Sergiu Perciun,CM,59,19,23-04-2006,31,Serie A,54,Torino,Moldova,1,40,48,42,66,59,60,64,67,68,66,58,51,47,52,52,48,53,62,50,44,52,48,13,14,14,12,9
77494,Leonardo Barroso,Leonardo José Caetano Barroso,"RB, RM",58,20,12-06-2005,39,Major League Soccer,693,Chicago Fire,Portugal,1,55,60,44,58,52,51,55,64,67,59,56,58,51,58,59,53,52,46,45,55,58,53,6,7,10,11,14
278207,N. Edjouma,Noah Edjouma,"RM, CAM, RW",66,19,04-10-2005,16,Ligue 1,1809,Toulouse FC,France,1,61,68,42,67,69,60,70,69,69,59,56,68,50,62,53,17,58,57,59,30,26,33,9,6,10,12,6
221652,Sergio,Sergio González Poirrier,CB,72,33,20-04-1992,350,Pro League,113037,Al Riyadh,Spain,1,32,42,75,70,41,62,69,37,47,30,66,49,69,59,72,73,40,49,69,72,74,70,14,15,8,9,11
74475,B. Guirassy,Bahereba Guirassy,"LW, RW, LM",67,18,29-08-2006,16,Ligue 1,71,FC Nantes,France,1,59,62,51,62,75,53,72,64,75,65,59,56,56,55,53,22,66,62,60,16,29,25,11,11,6,10,13
278535,Luis Roldán,Luis Roldán López,"CM, CDM",61,22,17-03-2003,53,La Liga,468,Elche CF,Spain,1,43,60,50,65,51,61,60,63,62,57,64,43,57,58,57,59,60,61,45,44,62,52,12,6,11,9,12
272906,D. Al Enazi,Dhari Sayyar Al Anaziضاري العنزي,"LB, LM",64,25,06-05-2000,350,Pro League,113217,Damac FC,Saudi Arabia,1,52,34,44,59,59,50,63,76,74,74,58,28,64,79,53,58,49,42,50,54,63,60,13,12,10,6,12
245628,A. Abqar,Abdelkabir Abqarعبد الكبير أبقار,CB,74,26,10-03-1999,53,La Liga,1860,Getafe CF,Morocco,1,35,27,75,73,66,65,71,35,60,40,74,42,69,63,72,75,24,40,58,76,77,76,9,10,11,12,9
266417,D. van der Haar,Damian van der Haar,"LB, CB, LM",65,21,17-05-2004,10,Eredivisie,1914,PEC Zwolle,Netherlands,1,61,30,56,60,55,55,64,65,62,54,61,40,75,73,67,63,50,31,57,65,66,62,10,6,12,7,12
77490,J. Bartlett,Jacob Bartlett,"CDM, CB",58,19,07-10-2005,39,Major League Soccer,696,Sporting Kansas City,United States,1,47,40,57,58,49,54,58,65,67,58,53,58,62,62,57,55,50,51,50,54,59,56,8,11,12,7,14
238055,A. Al Najjar,Ammar Siraj Yassin Al Najjarعمار النجار,"RM, RW",58,28,24-02-1997,350,Pro League,115892,Al-Najma SC,Saudi Arabia,1,55,51,40,55,60,55,60,72,73,69,49,53,42,55,54,42,52,51,50,51,42,36,9,6,14,8,8
71177,M. El Mala,Malek El Mala,"ST, LM",59,20,02-04-2005,19,Bundesliga,31,1. FC Köln,Germany,1,25,59,58,60,59,50,57,54,64,59,59,58,61,55,63,49,60,55,52,45,52,47,10,15,8,9,10
259128,S. Hawsawi,Sanousi Mohammed Malem Sanousi Al Hawsawi,"RB, LB, RM",61,27,15-04-1998,350,Pro League,113217,Damac FC,Saudi Arabia,1,50,29,40,52,57,40,52,89,89,87,51,32,79,88,71,54,49,40,44,49,55,56,8,5,6,11,13
262220,T. Blokzijl,Thijmen Blokzijl,CB,67,20,25-02-2005,10,Eredivisie,1915,FC Groningen,Netherlands,1,39,25,65,64,48,63,58,56,63,59,66,52,68,66,68,69,30,46,66,70,69,66,13,10,14,12,9
81511,Victor Hugo,Victor Hugo Ramos de Souza,CM,58,20,10-05-2005,350,Pro League,112393,Al Taawoun FC,Brazil,1,48,42,44,62,64,61,57,70,67,72,56,56,49,58,54,44,59,58,64,35,52,41,10,8,12,6,9
80556,S. de Laat,Sam de Laat,"CM, CAM",59,19,12-06-2006,10,Eredivisie,1910,NEC Nijmegen,Netherlands,1,43,36,53,65,60,64,59,62,64,55,58,55,54,61,53,39,56,61,56,45,53,45,11,12,5,14,8
270532,D. Pejčinović,Dženan Pejčinović,ST,65,20,15-02-2005,19,Bundesliga,175,VfL Wolfsburg,Germany,1,45,70,66,60,65,48,68,67,67,70,62,60,71,55,65,24,69,62,57,20,28,22,6,8,7,15,10
248787,L. Moro,Luca Moro,ST,68,24,25-01-2001,31,Serie A,111974,Sassuolo,Italy,1,42,71,66,61,68,42,70,64,67,64,64,70,71,61,70,20,70,46,58,18,19,16,11,10,9,12,13
77106,Yan Maranhão,Yan Lincon Farias de Sousa,ST,65,22,13-09-2002,308,Primeira Liga,1900,Moreirense FC,Brazil,1,35,65,64,50,69,41,67,76,74,62,66,57,80,66,73,14,70,62,63,13,18,16,8,15,11,13,14
275561,E. Al Muwallad,Eid Mohammed Saeed Al Muwallad,"CDM, CM",60,23,14-12-2001,350,Pro League,112387,Al Ahli SFC,Saudi Arabia,1,43,41,51,60,51,56,58,64,66,62,58,42,61,66,62,58,49,55,56,61,59,61,11,15,11,15,13
239340,J. Chabot,Jeffrey Julian Gaston Chabot,CB,78,27,12-02-1998,19,Bundesliga,36,VfB Stuttgart,Germany,1,33,21,76,65,55,60,65,33,58,34,70,49,70,72,91,77,23,35,64,79,78,80,9,13,7,8,7
79909,C. Nuozzi,Cédric Nuozzi,"LW, RW, LM",63,19,30-01-2006,308,Primeira Liga,717,Alverca,Belgium,1,57,61,50,59,66,47,68,73,71,59,63,71,56,47,49,24,58,57,45,21,34,33,10,11,15,12,8
275783,Kialonda Gaspar,Esmevânio Kialonda Gaspar,CB,74,27,27-09-1997,31,Serie A,347,Lecce,Angola,1,32,25,70,61,54,44,58,63,64,41,69,48,81,79,89,68,27,30,62,75,78,76,8,8,13,8,11
246381,N. Al Habashi,Nawaf Al Habashiنواف عبدالله الحبشي,"LM, ST, LW",60,27,23-06-1998,350,Pro League,113222,Al Hazem FC,Saudi Arabia,1,54,52,57,53,64,49,58,81,84,82,51,54,76,62,67,25,52,52,55,37,37,34,8,7,11,11,9
73599,J. Talvitie,Juho Jaakko Talvitie,"RM, RW",66,20,25-03-2005,10,Eredivisie,1904,NAC Breda,Finland,1,65,43,34,65,72,55,70,82,75,86,55,51,51,65,45,31,59,65,66,33,26,35,13,8,10,11,10
245410,M. Talbi,Montassar Omar Talbiمنتصر الطالبي,CB,73,27,26-05-1998,16,Ligue 1,217,FC Lorient,Tunisia,1,27,23,71,61,48,40,65,54,58,60,67,46,78,64,81,69,25,30,65,73,77,73,9,8,12,10,14
72425,Yoel Lago,Yoel Lago Amil,CB,72,21,25-03-2004,53,La Liga,450,RC Celta,Spain,1,49,25,72,70,48,60,65,56,66,52,71,38,76,64,75,72,22,49,68,70,75,72,7,8,7,8,8
79398,Guilherme Peixoto,Guilherme Martinho Peixoto,"RB, RM",62,19,25-05-2006,10,Eredivisie,1908,FC Twente,Portugal,1,54,31,50,60,61,49,63,76,72,66,57,35,65,56,59,59,59,48,49,60,59,62,8,5,12,9,14
272825,Geovane Jesus,Geovane de Jesus Rocha,"RB, RM",60,23,31-07-2001,39,Major League Soccer,695,FC Dallas,Brazil,1,52,21,66,45,56,45,57,78,79,68,45,62,74,48,59,59,48,37,50,60,60,59,7,12,8,8,11
227537,H. Veerman,Hendrik Andreas Jacobus Veerman,ST,68,34,26-02-1991,10,Eredivisie,645,FC Volendam,Netherlands,1,29,69,71,65,55,43,62,67,74,34,69,72,78,57,87,29,71,48,67,30,18,21,16,15,8,8,11
240900,Unai Núñez,Unai Núñez Gestoso,CB,76,28,30-01-1997,31,Serie A,206,Hellas Verona FC,Spain,1,34,18,76,75,40,55,67,59,71,33,74,44,83,68,81,78,26,34,62,76,75,76,9,9,15,6,11
193091,B. Nuytinck,Bram Nuytinck,CB,69,35,04-05-1990,10,Eredivisie,1910,NEC Nijmegen,Netherlands,1,34,32,71,58,42,56,51,38,41,43,65,62,66,60,83,69,34,51,73,73,70,65,7,6,10,12,9
254556,K. Nsona,Kélian Nsona Wa Saka,"LM, LW, RM",66,23,11-05-2002,308,Primeira Liga,114510,Casa Pia,France,1,62,63,35,60,74,51,68,88,74,71,60,69,64,55,64,24,59,52,60,20,30,23,10,13,11,6,13
254307,O. Sivertsen,Oskar Siira Sivertsen,"LM, RM, LW",63,21,15-02-2004,10,Eredivisie,100632,Go Ahead Eagles,Norway,1,62,60,46,62,62,52,63,83,78,85,50,58,51,50,33,26,60,50,54,22,28,30,13,5,12,12,6
79045,A. Lechkar,Adil Lechkar,"RM, RB, RW",58,23,02-09-2001,10,Eredivisie,100638,Telstar,Netherlands,1,55,39,48,52,60,47,59,75,74,66,58,44,52,62,45,55,55,45,45,60,59,59,6,9,5,14,7
270860,J. El-Abdellaoui,Jones El-Abdellaouiيونس عبد اللاوي,"RM, LM, RW",64,19,12-01-2006,53,La Liga,450,RC Celta,Morocco,1,60,61,54,62,63,53,62,81,79,76,59,59,58,50,44,20,59,60,61,25,24,23,9,15,8,9,8
227362,S. Rosted,Sigurd Rosted,CB,64,30,22-07-1994,39,Major League Soccer,111651,Toronto FC,Norway,1,38,44,68,57,46,59,59,34,34,41,55,60,69,71,82,65,49,50,57,58,63,60,7,10,7,13,13
258620,A. Jabbari,Ayoub Jabbariأيوب جباري,ST,65,25,30-01-2000,39,Major League Soccer,113149,FC Cincinnati,Morocco,1,51,64,65,59,63,47,65,56,64,67,64,68,75,56,81,24,66,54,62,21,25,21,5,9,5,6,9
79690,Gonçalo Oliveira,Gonçalo Calisto Oliveira,CB,64,18,04-07-2006,308,Primeira Liga,234,SL Benfica,Portugal,1,41,33,60,60,57,56,62,64,63,55,62,51,69,63,68,59,33,44,46,64,65,64,8,7,6,13,11
74337,I. Ahmed,Isaiah Ahmed,"CDM, CM",58,19,28-12-2005,10,Eredivisie,1913,SC Heerenveen,Curacao,1,40,43,60,58,58,56,59,63,59,58,55,57,64,62,58,57,48,51,48,55,55,53,11,5,8,6,11
81519,Rica Rocha,Ricardo Joaquim Ferreira Rocha,"CDM, CM",58,21,07-09-2003,308,Primeira Liga,1887,Vitória SC,Portugal,1,44,38,57,55,57,53,61,61,64,56,59,53,60,49,56,61,41,45,42,53,64,58,12,6,14,5,10
80776,J. El Baraka,Jibril El Baraka,"CDM, CM",57,18,23-02-2007,16,Ligue 1,1530,Angers SCO,Morocco,1,44,39,47,66,53,62,48,63,59,68,51,60,51,58,53,54,51,53,48,48,61,53,10,14,13,8,12
79505,Bernardo Schappo,Bernardo Schappo,CB,69,27,22-03-1998,308,Primeira Liga,718,Estrela da Amadora,Brazil,1,22,35,71,59,35,45,55,52,55,51,68,49,79,75,82,68,25,34,57,70,70,67,10,9,12,12,14
263575,C. Riedel,Clemens Riedel,CB,69,21,19-07-2003,53,La Liga,452,RCD Espanyol,Germany,1,38,19,68,67,51,60,62,55,64,62,68,48,80,58,74,69,25,38,69,70,70,68,7,15,13,11,11
73629,João Costa,João Pedro Augusto Mourão Costa,ST,67,25,07-03-2000,308,Primeira Liga,1438,Santa Clara,Portugal,1,39,71,69,48,62,37,67,71,69,60,69,68,74,65,64,13,67,47,62,22,22,15,6,12,13,8,6
274377,E. González,Enso David Gonzalez Medina,"LW, RW, CAM, LM",63,20,20-01-2005,13,Premier League,110,Wolverhampton Wanderers,Paraguay,1,53,51,41,63,71,60,66,85,75,76,53,56,47,49,33,26,53,63,51,34,36,47,13,12,12,9,8
80524,S. Middendorp,Stijn Middendorp,CM,58,20,02-12-2004,10,Eredivisie,1971,Excelsior,Netherlands,1,50,40,53,68,57,65,58,61,63,56,57,55,57,56,56,54,33,59,46,51,56,63,5,14,13,7,10
70545,K. de Rooij,Kaj de Rooij,"LM, RM, LW",63,24,25-11-2000,10,Eredivisie,1914,PEC Zwolle,Netherlands,1,64,51,41,64,64,59,67,68,74,63,58,66,54,53,60,33,59,55,52,28,31,30,7,7,6,5,13
271269,P. Saathof,Pim Saathof,"CB, RB",57,21,28-12-2003,10,Eredivisie,100632,Go Ahead Eagles,Netherlands,1,44,46,59,60,60,55,59,64,52,67,60,58,54,49,45,55,33,46,43,58,60,57,10,9,15,9,9
75226,H. Korkmazyürek,Hasip Korkmazyürek,"CM, CDM",59,22,01-05-2003,10,Eredivisie,634,Fortuna Sittard,Türkiye,1,46,42,55,65,59,65,62,55,58,59,57,55,58,54,56,55,46,59,55,52,58,51,10,7,8,12,7
73949,L. Kulenović,Luka Kulenović,ST,69,25,29-09-1999,10,Eredivisie,100634,Heracles Almelo,Bosnia and Herzegovina,1,32,73,80,52,63,33,66,55,68,55,67,69,85,65,83,19,69,58,64,23,18,22,15,10,8,5,6
259298,M. Falcón,Maximiliano Joel Falcón Picart,CB,70,28,01-05-1997,39,Major League Soccer,112893,Inter Miami,Uruguay,1,25,33,71,46,31,41,42,73,77,44,72,66,87,90,82,74,54,26,50,62,68,64,7,11,15,11,8
246048,A. Reyes,Andrés Felipe Reyes Ambuila,CB,68,25,08-09-1999,39,Major League Soccer,131439,San Diego FC,Colombia,1,29,29,66,56,38,39,46,70,74,68,66,44,81,76,83,67,30,29,51,67,69,65,12,5,9,15,8
277484,M. Courcoul,Marius Courcoul,"CDM, CM, CB",65,18,01-01-2007,16,Ligue 1,1530,Angers SCO,France,1,51,36,57,65,52,57,63,56,55,49,55,59,62,71,63,66,33,48,54,62,70,67,12,8,8,6,11
271257,É. Logbo,Andy Elysée Logbo,ST,65,21,06-05-2004,16,Ligue 1,1738,Le Havre AC,France,1,44,66,66,56,62,44,66,52,59,64,64,67,70,54,75,11,66,49,62,20,11,12,11,11,13,14,5
80552,Gui Freitas,Guilherme Mota Freitas,"CDM, CM",59,19,17-05-2006,308,Primeira Liga,1888,Gil Vicente FC,Portugal,1,45,32,59,63,52,56,61,63,64,50,57,62,61,67,55,56,38,46,48,49,63,56,6,5,13,5,13
259280,R. Priso,Ralph-William Johnson Priso-Mbongue,"CDM, CM",60,22,02-08-2002,39,Major League Soccer,101112,Vancouver Whitecaps FC,Canada,1,31,32,54,66,55,60,56,65,62,71,47,50,65,53,70,60,36,52,48,60,61,56,10,8,13,12,11
278490,L. Brennan,Luke Brennan,"RW, RM",59,20,24-02-2005,39,Major League Soccer,112885,Atlanta United,United States,1,60,53,47,57,69,54,67,64,64,55,51,47,54,55,55,45,50,49,40,40,56,55,12,12,12,9,11
271658,X. Mbuyamba,Xavier Tshimanga Kamaluba Ntite Mukendi Mpoyi Mbuyamba,CB,70,23,31-12-2001,10,Eredivisie,645,FC Volendam,Netherlands,1,30,26,70,62,42,59,59,62,71,59,65,59,71,70,83,67,25,44,67,68,72,71,10,13,10,6,9
202811,E. Martínez,Damián Emiliano Martínez Romero,GK,85,32,02-09-1992,13,Premier League,2,Aston Villa,Argentina,3,22,16,26,61,24,59,43,55,57,54,81,62,79,40,78,21,12,67,69,25,20,20,83,82,82,85,85
263784,Rodrigues,Antônio Josenildo Rodrigues de Oliveira,CB,68,27,10-10-1997,39,Major League Soccer,111928,San Jose Earthquakes,Brazil,1,37,34,64,62,39,41,52,65,68,49,67,61,77,71,80,67,33,30,54,70,71,69,12,14,14,8,12
77169,S. van Duijn,Sem van Duijn,"LM, ST, LW",61,21,18-03-2004,10,Eredivisie,1906,AZ Alkmaar,Netherlands,1,59,52,51,56,64,52,63,71,73,74,48,53,65,50,63,27,63,57,52,28,27,23,12,12,13,7,15
270997,S. Baidoo,Samson Baidoo,CB,70,21,31-03-2004,16,Ligue 1,64,RC Lens,Austria,1,27,22,67,69,57,64,67,72,69,54,62,39,82,58,81,66,23,37,55,69,72,70,10,8,11,8,11
77474,E. Wynder,Elijah Wynder,"CM, CAM",58,22,10-03-2003,39,Major League Soccer,697,LA Galaxy,United States,1,50,51,48,63,55,59,64,52,52,55,56,53,51,58,59,48,59,56,44,48,58,56,12,11,6,6,11
247497,A. Bella-Kotchap,Armel Bella-Kotchap,CB,72,23,11-12-2001,31,Serie A,206,Hellas Verona FC,Germany,1,31,20,71,66,39,64,60,64,78,55,70,40,76,59,87,72,29,46,57,71,73,71,12,14,5,8,13
80688,M. Goffi,Maxima Goffi,"CB, RB",62,17,23-01-2008,16,Ligue 1,65,Lille OSC,France,1,52,39,60,59,54,53,61,61,67,49,58,45,67,52,65,62,39,46,58,60,66,63,7,8,13,13,7
81515,André Miranda,André Alexandre Mendes Miranda,"RW, LW, RM",58,17,25-09-2007,308,Primeira Liga,236,FC Porto,Portugal,1,47,62,53,56,58,47,63,67,65,61,55,78,59,53,58,25,53,54,49,20,26,21,11,10,9,8,10
81547,D. Voute,David Voute,"RB, RM",58,19,04-11-2005,10,Eredivisie,1914,PEC Zwolle,United States,1,61,49,45,56,66,50,57,68,61,62,56,58,48,63,48,53,56,44,49,52,52,55,8,12,10,5,8
73877,J. Ricketts,Jamar Ricketts,"LM, LB",58,23,24-10-2001,39,Major League Soccer,111928,San Jose Earthquakes,United States,1,54,48,48,59,63,54,58,63,60,65,53,48,55,60,58,56,53,48,50,50,60,61,14,8,6,8,15
273628,T. Slotsager,Tobias Slotsager,CB,69,19,01-01-2006,31,Serie A,206,Hellas Verona FC,Denmark,1,36,23,70,66,60,63,62,68,70,57,68,38,73,60,67,69,34,34,60,69,69,67,14,10,9,7,7
264449,É. Youté Kinkoué,Etienne Ludovic Youté Kinkoué,CB,72,23,14-01-2002,16,Ligue 1,1738,Le Havre AC,France,1,29,29,69,65,36,57,56,51,59,53,69,43,77,63,90,69,31,46,65,68,74,70,9,8,10,6,15
269683,E. Hawsawi,Islam Ahmed Shuaib Hawsawiإسلام بن أحمد بن شعيب‎ هوساوي,"LB, LM",62,23,27-12-2001,350,Pro League,131798,NEOM SC,Saudi Arabia,1,55,24,47,59,60,50,57,87,86,81,54,31,64,71,54,55,52,49,46,51,56,59,10,12,13,14,9
77718,K. Jansen,Kai Jansen,CM,56,18,29-05-2007,10,Eredivisie,1913,SC Heerenveen,Netherlands,1,42,50,41,65,61,64,61,65,67,59,59,62,50,43,59,28,48,51,61,40,47,56,6,13,13,13,14
198352,S. Bell,Stefan Bell,CB,74,33,24-08-1991,19,Bundesliga,169,1. FSV Mainz 05,Germany,1,43,31,81,60,46,64,50,33,50,34,73,64,71,49,85,75,32,47,76,79,77,66,7,16,8,13,14
70155,T. Habroune,Taha Habroune,"CAM, CM",57,19,05-02-2006,39,Major League Soccer,687,Columbus Crew,United States,1,43,54,45,59,60,55,59,68,64,70,50,50,48,50,49,54,58,52,54,52,48,46,11,10,9,9,13
79632,M. Nkota,Mohau Nkota,"RW, RM",64,20,09-11-2004,350,Pro League,112096,Al Ettifaq,South Africa,1,56,58,44,54,68,50,61,92,90,85,57,71,53,67,40,20,58,49,46,16,24,22,10,10,13,14,6
77349,Sandro Vidigal,Sandro Miguel Rodrigues Vidigal,"LW, RW, CAM, LM",65,17,28-07-2007,308,Primeira Liga,1896,Sporting Clube de Braga,Portugal,1,57,65,40,56,68,40,69,76,77,72,58,54,45,58,38,20,63,65,46,29,33,29,5,7,11,14,8
74557,Ali Houary,Ali Houary Jeddoubعلي هواري جدوب,"CAM, CM",62,19,05-08-2005,53,La Liga,468,Elche CF,Spain,1,55,58,45,66,66,60,67,63,61,58,61,61,50,53,51,29,57,59,68,43,41,40,5,11,12,12,9
259039,B. Hidalgo,Bode Davis,"RB, CB, RM",62,23,22-02-2002,39,Major League Soccer,111139,CF Montréal,United States,1,49,47,41,52,71,34,61,80,74,69,64,44,62,66,65,62,48,44,42,60,60,52,14,10,10,11,9
259173,Víctor Chust,Víctor Chust García,CB,71,25,05-03-2000,53,La Liga,468,Elche CF,Spain,1,28,28,70,76,44,69,70,64,70,34,67,32,75,54,73,71,41,35,68,73,72,70,7,9,6,14,11
73330,M. Bokele,Morgan Bokele Mputu,"LM, RM, LW",65,21,13-03-2004,16,Ligue 1,68,FC Metz,Cameroon,1,57,63,39,63,71,51,69,76,71,69,52,56,54,55,54,26,62,57,57,19,26,31,10,8,9,5,14
223641,T. Baumgartl,Timo Baumgartl,CB,69,29,04-03-1996,39,Major League Soccer,113018,St. Louis CITY SC,Germany,1,33,28,68,64,45,61,61,50,60,39,64,61,74,58,83,68,32,55,65,67,67,66,13,15,14,16,11
79536,Peixinho,André Tiago Ramos das Neves,"RW, CAM, RM",62,21,23-05-2004,308,Primeira Liga,10020,GD Estoril Praia,Portugal,1,56,57,55,60,68,54,67,65,71,72,62,63,51,53,43,28,59,58,53,25,31,29,12,14,9,8,14
250813,L. Greiml,Leo Greiml,CB,69,23,03-07-2001,10,Eredivisie,1904,NAC Breda,Austria,1,26,28,75,64,40,60,55,43,55,47,64,50,84,63,81,61,49,49,66,65,65,67,13,13,5,9,8
74605,Víctor Fernández,Víctor Fernández Durán,"CAM, ST, CM",60,17,09-11-2007,53,La Liga,461,Valencia CF,Spain,1,51,57,49,58,71,54,67,71,66,74,55,60,44,58,31,25,51,56,60,30,37,36,13,11,5,11,13
270702,M. Didden,Matisse Didden,CB,68,23,08-10-2001,10,Eredivisie,1903,FC Utrecht,Belgium,1,45,29,69,65,56,59,63,39,56,39,63,58,73,69,88,65,37,51,64,64,68,64,7,7,6,7,9
78993,S. Moudjatovic,Sié Moudjatovic,"LW, LM",63,23,20-05-2002,308,Primeira Liga,112516,CD Tondela,Côte d'Ivoire,1,63,63,45,57,70,52,66,73,71,68,51,62,55,53,50,23,58,47,52,29,32,30,12,10,7,10,10
70555,Tiago Gabriel,Tiago Gabriel Coelho Oliveira,CB,68,20,26-12-2004,31,Serie A,347,Lecce,Portugal,1,28,35,69,61,26,42,56,60,62,54,66,39,78,65,81,64,51,44,60,70,70,64,14,14,10,9,11
73192,A. Ait Boudlal,Abdelhamid Ait Boudlalعبد الحميد أيت بودلال,CB,68,19,16-04-2006,16,Ligue 1,74,Stade Rennais FC,Morocco,1,40,23,72,60,45,54,54,62,73,47,62,56,81,56,80,63,26,38,60,67,69,68,10,5,14,10,14
72690,Martim Watts,Martim Gustavo Silva Watts Rodrigues,"RW, CAM, RM",60,19,14-07-2005,308,Primeira Liga,1891,CD Nacional,Portugal,1,52,54,41,55,67,48,65,80,77,75,60,62,46,54,41,30,45,51,58,38,38,31,14,11,10,13,10
266031,Rubén Iranzo,Rubén Iranzo Lendínez,"CB, RB",63,22,14-03-2003,53,La Liga,461,Valencia CF,Spain,1,54,39,67,63,42,59,57,51,44,55,54,62,65,55,64,65,39,50,55,63,62,64,8,6,7,9,12
78161,Tiago Brito,Tiago Araújo Brito,"CDM, CM",58,21,16-04-2004,308,Primeira Liga,10020,GD Estoril Praia,Portugal,1,42,32,51,58,58,61,60,67,65,55,60,52,67,57,74,52,38,49,52,55,58,58,12,6,10,10,9
226108,F. Romagna,Filippo Romagna,CB,70,28,26-05-1997,31,Serie A,111974,Sassuolo,Italy,1,38,23,64,63,51,62,58,44,44,63,70,48,63,53,68,74,36,36,63,75,76,73,12,12,6,7,13
209761,D. Steres,Daniel Steres,"LB, RB, CB, RM",65,34,11-11-1990,39,Major League Soccer,698,Houston Dynamo,United States,1,60,24,73,70,36,62,62,52,54,51,67,35,86,57,78,66,38,35,67,65,68,64,14,10,11,8,15
221680,N. Hagglund,Nicholas Stuart Hagglund,CB,68,32,14-09-1992,39,Major League Soccer,113149,FC Cincinnati,United States,1,57,23,79,70,47,60,57,46,44,43,62,51,88,54,80,65,44,51,60,65,68,63,9,13,6,14,15
245331,Jordi Escobar,Jordi Escobar Fernández,"ST, LW, RW",66,23,10-02-2002,308,Primeira Liga,131463,AVS Futebol SAD,Spain,1,60,67,66,57,64,48,65,61,67,55,63,68,70,47,68,13,68,50,65,14,10,16,8,12,15,11,6
213092,S. Piette,Samuel Piette,"CDM, CM, CB",69,30,12-11-1994,39,Major League Soccer,111139,CF Montréal,Canada,1,34,18,63,71,45,65,59,49,64,64,62,39,70,82,77,68,17,52,58,68,71,60,15,10,10,7,9
203137,R. Jansson,Per Tony Robin Jansson,"CB, LB, LM",70,33,15-11-1991,39,Major League Soccer,112606,Orlando City SC,Sweden,1,40,24,71,68,59,62,64,48,48,52,52,32,77,67,82,65,37,47,59,71,74,72,8,11,6,15,8
74701,A. Al Othman,Abdulaziz Jamal Al Othmanعبدالعزيز جمال العثمان,"ST, RM, RW",60,21,02-01-2004,350,Pro League,111674,Al Shabab,Saudi Arabia,1,50,59,67,53,54,41,55,71,76,71,57,56,78,66,71,31,60,47,48,32,30,28,12,9,13,9,6
204935,J. Pickford,Jordan Lee Pickford,GK,84,31,07-03-1994,13,Premier League,7,Everton,England,3,17,19,18,59,20,61,42,57,47,59,82,66,75,40,72,26,18,69,65,21,20,12,84,78,88,81,87
261573,T. Kristensen,Thomas Thiesson Kristensen,CB,72,23,17-01-2002,31,Serie A,55,Udinese,Denmark,1,30,24,71,65,58,60,64,60,64,35,66,30,79,71,78,73,28,45,66,74,74,70,13,5,14,13,8
256024,N. Tafari,Nkosi Tafari Burgess,CB,67,28,23-03-1997,39,Major League Soccer,112996,Los Angeles FC,United States,1,26,35,59,62,50,66,64,74,66,50,64,43,80,73,81,68,33,40,71,68,66,62,13,10,9,5,12
80683,Aimar Blázquez,Aimar Blázquez Labraca,ST,62,19,19-03-2006,53,La Liga,461,Valencia CF,Spain,1,36,65,65,54,60,48,58,57,63,54,52,69,68,59,68,17,64,49,56,18,17,18,12,6,13,15,15
255110,H. Kessler,Frederick Henry Kessler,CB,70,27,25-06-1998,39,Major League Soccer,113018,St. Louis CITY SC,United States,1,22,23,74,71,57,68,65,61,49,56,65,39,83,75,84,66,21,28,63,68,69,68,10,6,6,14,11
80778,I. Garin,Ilann Garin,"CDM, CM",58,19,01-03-2006,16,Ligue 1,1530,Angers SCO,France,1,45,40,54,62,54,58,58,62,65,58,47,53,58,63,57,52,43,47,48,49,62,58,7,6,14,12,10
80807,Thiago Pitarch,Thiago Pitarch Pinar,CM,60,17,03-08-2007,53,La Liga,243,Real Madrid,Spain,1,46,32,45,65,52,60,66,64,66,61,56,42,54,61,58,47,67,69,62,44,56,49,11,13,12,12,12
247356,K. Smith,Kyle Smith,"RB, LB",65,33,09-01-1992,39,Major League Soccer,112606,Orlando City SC,United States,1,54,22,53,62,56,52,56,70,68,65,64,25,70,70,75,62,53,35,55,63,65,65,6,15,8,7,13
278340,P. Comuzzo,Pietro Comuzzo,CB,74,20,20-02-2005,31,Serie A,110374,Fiorentina,Italy,1,42,26,71,65,48,51,69,53,61,44,76,38,69,69,63,78,26,44,71,79,76,74,14,8,15,7,6
261196,DJ Taylor,David Justin Taylor,"RB, LB, RM",63,27,26-08-1997,39,Major League Soccer,111138,Minnesota United FC,United States,1,55,25,47,58,56,51,60,70,70,61,64,36,68,66,78,62,47,43,49,60,61,60,13,11,10,14,13
78944,A. Al Zaid,Abdullah Al Zaid,"LM, CM, CAM, LW",55,21,08-01-2004,350,Pro League,605,Al Hilal,Saudi Arabia,1,51,47,54,53,55,45,54,70,73,69,50,52,60,57,58,47,49,51,50,50,49,43,14,13,6,10,14
276090,Jorquera,Joel Jorquera Romero,"LM, LW",66,24,19-08-2000,308,Primeira Liga,1900,Moreirense FC,Spain,1,65,64,45,68,69,64,64,73,75,65,54,52,59,60,57,22,58,60,50,24,32,25,11,8,6,7,13
258687,B. Popović,Boris PopovićБорис Поповић,CB,67,25,26-02-2000,308,Primeira Liga,112513,FC Arouca,Serbia,1,49,26,66,62,41,57,60,54,54,61,65,56,75,54,81,64,32,35,55,64,69,65,9,11,9,6,8
209597,Antônio Carlos,Antônio Carlos Cunha Capocasali Junior,CB,71,32,07-03-1993,39,Major League Soccer,698,Houston Dynamo,Brazil,1,30,28,73,56,33,50,52,61,49,59,65,48,85,69,89,70,30,33,60,68,73,69,13,6,10,12,16
255956,J. Waterman,Joel Robert Waterman,"CB, RB",68,29,24-01-1996,39,Major League Soccer,693,Chicago Fire,Canada,1,39,45,61,71,49,73,58,34,50,32,69,59,65,68,78,70,45,60,54,70,68,62,6,7,10,11,11
259074,A. Hajdari,Albian Hajdari,"CB, LB",70,22,18-05-2003,19,Bundesliga,10029,TSG 1899 Hoffenheim,Switzerland,1,31,31,64,68,39,64,68,62,58,51,63,38,77,71,82,67,31,29,51,69,69,68,12,9,9,11,5
220570,J. Bednarek,Jan Kacper Bednarek,CB,74,29,12-04-1996,308,Primeira Liga,236,FC Porto,Poland,1,44,19,76,70,50,57,66,48,38,53,71,25,79,65,81,76,26,52,57,73,73,70,11,13,16,7,9
274082,A. Matturro,Alan Agustín Matturro Romero,CB,66,20,11-10-2004,53,La Liga,1853,Levante UD,Uruguay,1,52,22,67,59,50,51,58,62,65,56,65,51,69,66,64,67,48,50,57,66,68,66,7,12,7,11,14
256449,Christian Marques,Christian Fernandes Marques,CB,66,22,15-03-2003,308,Primeira Liga,112516,CD Tondela,Portugal,1,47,34,60,65,45,61,56,49,54,47,65,41,64,50,70,67,40,39,65,68,69,68,15,15,7,11,7
74441,Raúl Chasco,Raúl Chasco Ruiz,"LB, LM",62,21,13-09-2003,53,La Liga,479,CA Osasuna,Spain,1,60,32,46,53,63,56,55,63,69,61,60,40,54,62,55,61,52,45,49,52,63,62,7,5,12,9,9
261114,B. Kikanović,Benjamin Kikanović,"LM, LW, ST, LB",64,25,06-01-2000,39,Major League Soccer,111928,San Jose Earthquakes,United States,1,58,60,59,59,68,37,62,88,87,62,65,63,81,63,71,19,61,42,49,20,23,12,15,13,13,6,6
277121,N. Þórisson,Nökkvi ThórissonNökkvi Þeyr Þórisson,"ST, LM, LW",65,25,13-08-1999,10,Eredivisie,100646,Sparta Rotterdam,Iceland,1,57,69,66,62,65,53,65,60,76,58,52,70,69,50,68,22,64,54,49,21,28,26,6,11,12,14,7
263895,K. Al Mhoass,Khaled Eid Mhawis Al Shammariخالد عيد المهوس الشمري,"CB, CDM",57,25,06-01-2000,350,Pro League,115892,Al-Najma SC,Saudi Arabia,1,39,30,50,56,53,52,56,53,65,83,54,55,59,66,70,55,41,49,51,56,55,55,15,11,6,10,13
77593,Mateus Mané,Mateus Bula Dami Mané,"RW, ST, RM",60,17,16-09-2007,13,Premier League,110,Wolverhampton Wanderers,England,1,46,62,55,53,61,47,60,73,77,64,57,60,69,55,63,21,60,52,56,24,28,19,10,7,8,5,15
74699,J. Thekri,Jehad Abdullatif Ahmed Thakriجهاد ذكري,"CB, RB, RM",66,23,21-07-2001,350,Pro League,112391,Al Qadsiah FC,Saudi Arabia,1,37,30,65,61,50,57,55,67,74,64,62,36,79,74,82,60,34,34,50,62,66,63,8,7,12,11,7
247308,J. Nelson,John Nelson,LB,67,26,11-07-1998,39,Major League Soccer,697,LA Galaxy,United States,1,59,25,43,60,57,39,62,79,86,62,60,24,62,72,62,61,55,30,61,64,66,64,10,8,11,13,10
80154,U. Abubakar,Umar Abubakar,ST,65,19,15-02-2006,308,Primeira Liga,112809,Famalicão,Nigeria,1,34,67,68,55,61,32,59,70,73,63,59,70,72,58,64,23,66,44,55,20,25,20,11,15,8,14,14
223814,D. Mirani,Damon Mirani,CB,67,29,13-05-1996,10,Eredivisie,100634,Heracles Almelo,Netherlands,1,31,28,75,65,49,66,61,35,67,35,61,46,81,75,80,62,34,35,60,64,64,61,13,12,11,15,13
268130,I. Murphy,Ian Murphy,CB,67,25,16-01-2000,39,Major League Soccer,694,Colorado Rapids,United States,1,50,25,64,58,56,47,57,68,64,59,63,32,71,72,69,62,49,39,54,73,71,66,6,7,14,8,9
77740,Tiago Parente,Tiago Parreira Parente,"LB, LM",62,21,14-01-2004,308,Primeira Liga,10020,GD Estoril Praia,Portugal,1,58,46,43,64,63,60,64,68,65,57,55,46,49,57,53,58,49,46,44,52,66,64,13,12,12,12,7
267958,Tomás Mendes,Tomás Alage Mendes Mendes,"CM, CDM",60,20,21-11-2004,308,Primeira Liga,717,Alverca,Spain,1,38,57,41,60,59,58,61,64,62,56,62,56,53,53,63,60,60,63,45,40,59,45,10,10,9,6,8
76743,Alex Sola,Alexandre Mussolo Sola,"CM, CDM",57,21,14-12-2003,308,Primeira Liga,718,Estrela da Amadora,Angola,1,43,39,52,66,62,61,60,60,66,53,62,57,53,33,52,58,42,56,50,49,55,62,14,12,9,12,10
273927,E. Agyei,Enock Atta Agyei,"RM, RW",63,20,13-01-2005,13,Premier League,1796,Burnley,Belgium,1,59,55,31,57,66,50,64,78,77,79,55,56,55,60,56,18,57,59,56,22,28,25,9,7,13,7,15
75551,Adri Lopes,Adrián Lopes Marqués,"LB, CB, LM",60,19,13-12-2005,53,La Liga,110827,Real Oviedo,Spain,1,53,32,55,55,55,52,59,66,65,64,58,41,64,54,61,55,50,38,40,55,59,60,13,7,7,10,5
279899,Miro,Valdemiro Pinto Domingos,ST,67,22,22-04-2003,308,Primeira Liga,112516,CD Tondela,Angola,1,41,69,67,56,60,37,64,74,68,58,65,74,79,65,74,12,68,50,52,15,20,18,5,14,7,14,7
79506,António Machado,António Sousa Machado,"CAM, RM, CM",58,18,19-12-2006,308,Primeira Liga,131463,AVS Futebol SAD,Portugal,1,59,48,47,60,62,58,61,64,65,68,54,51,41,59,37,33,55,61,51,43,56,51,6,6,12,6,14
272817,B. Cambridge,Brandon Cambridge,"RW, RM",59,23,09-02-2002,39,Major League Soccer,114640,Charlotte FC,United States,1,58,46,48,62,62,58,64,69,66,59,55,42,61,61,67,42,60,59,54,49,52,48,14,9,14,11,9
276442,Gilberto,Gilberto Dambi Batista,"CB, RB",65,21,29-12-2003,308,Primeira Liga,1900,Moreirense FC,Guinea-Bissau,1,45,23,67,65,59,62,65,63,62,38,49,48,74,70,73,60,41,45,53,64,68,64,13,6,10,9,14
73745,F. Al Zubaidi,Fahad Aqeel Muhammad Al Khamjan Al Zubaidi,"ST, RM, LM",57,23,13-01-2002,350,Pro League,112390,Al Fateh,Saudi Arabia,1,48,53,59,48,56,37,47,87,82,75,52,50,78,61,65,35,62,42,39,45,42,37,7,11,14,11,11
76908,H. Synchuk,Hennadiy Hennadiyovych SynchukСинчук Геннадій Геннадійович,"CAM, RM, CM",62,18,10-07-2006,39,Major League Soccer,111139,CF Montréal,Ukraine,1,63,60,41,61,70,51,70,59,68,73,49,64,45,53,51,27,57,57,64,34,34,32,7,12,8,9,6
247459,S. Nealis,Sean Nealis,CB,70,28,13-01-1997,39,Major League Soccer,689,New York Red Bulls,United States,1,25,32,74,52,45,41,50,60,72,61,67,42,84,84,87,64,32,35,50,69,72,65,12,14,15,7,12
276257,F. Fall,Fallou Fall,CB,66,21,15-04-2004,39,Major League Soccer,113018,St. Louis CITY SC,Senegal,1,41,28,62,62,63,58,64,65,58,53,61,40,73,56,74,63,42,49,64,64,67,65,13,9,7,6,9
74093,Pedro Santos,Pedro Miguel Costa Santos,"RM, RW",65,22,10-02-2003,308,Primeira Liga,112809,Famalicão,Portugal,1,61,58,30,58,69,55,68,79,75,80,57,49,44,54,39,23,58,66,50,21,28,26,11,10,12,15,10
79802,Gonzalo Calçada,Gonzalo Calçada,"ST, CAM, LW",64,23,25-07-2001,308,Primeira Liga,718,Estrela da Amadora,Spain,1,35,71,59,58,63,34,61,61,78,73,61,69,59,61,54,16,60,57,70,15,22,16,6,13,7,12,7
258522,N. Abbey,Nelson Ighodaro Abbey,"CB, LB",66,21,28-08-2003,308,Primeira Liga,744,Rio Ave FC,England,1,50,25,61,57,55,52,59,73,75,67,61,32,77,62,74,69,30,36,56,66,66,66,8,12,7,9,5
78070,R. Matondo,Rudy Nzingoula Matondo,CM,59,17,13-03-2008,16,Ligue 1,57,AJ Auxerre,France,1,36,52,48,64,67,58,69,64,58,64,48,47,55,58,57,52,53,54,48,33,53,47,13,14,11,8,13
269923,J. Russell-Rowe,Jacen Rex Orlando Russell-Rowe,"ST, CAM",64,22,13-09-2002,39,Major League Soccer,687,Columbus Crew,Canada,1,28,68,61,59,60,39,64,72,73,61,60,61,77,60,75,22,66,54,60,19,13,17,13,10,13,12,15
79559,Josué Souza,Josué Souza dos Santos,"CDM, CM",61,20,25-04-2005,308,Primeira Liga,1891,CD Nacional,Brazil,1,45,36,60,63,54,60,63,52,54,54,56,56,60,52,58,61,35,50,49,56,64,62,15,8,6,12,7
80679,Nacho Pérez,Nacho Pérez Gómez,"RB, RM",62,16,01-09-2008,53,La Liga,1853,Levante UD,Spain,1,66,38,41,58,58,51,57,69,71,70,63,40,41,59,42,52,55,48,60,58,65,58,10,14,10,9,11
269697,N. Hawsawi,Nawaf Abdulrahman Hamza Al Hawsawi,"LB, CDM, LM",56,24,03-12-2000,350,Pro League,115892,Al-Najma SC,Saudi Arabia,1,51,40,48,54,55,51,52,75,65,69,52,53,64,63,65,50,46,47,44,50,55,50,13,11,9,12,6
80755,A. Dardari,Aiman Dardari,"LM, CAM, LW",62,20,21-03-2005,19,Bundesliga,100409,FC Augsburg,Luxembourg,1,56,59,41,59,66,57,62,73,67,77,58,59,40,53,31,26,59,52,55,33,29,28,15,6,12,14,14
274581,H. Endeley,Herbert Endeley,"RM, RB, RW",55,23,09-10-2001,39,Major League Soccer,695,FC Dallas,United States,1,49,53,40,49,55,37,54,79,69,61,49,58,57,53,58,45,52,48,50,48,50,52,10,10,13,12,15
80022,A. Soumare,Abderrahmane Soumare,"CDM, CM",59,18,11-11-2006,308,Primeira Liga,717,Alverca,Mauritania,1,41,34,60,63,56,45,59,61,61,54,59,59,56,51,48,63,34,47,46,56,64,59,14,9,10,7,9
76042,Víctor Muñoz,Víctor Muñoz Villanueva,"LW, CAM, LM",65,21,13-07-2003,53,La Liga,479,CA Osasuna,Spain,1,63,63,40,63,69,55,66,74,70,54,60,64,42,47,34,21,63,61,58,20,28,30,7,7,6,12,14
79215,T. Brown,Tristan Brown,"LB, LM",57,17,17-10-2007,39,Major League Soccer,687,Columbus Crew,United States,1,47,50,48,53,58,49,54,73,79,64,55,50,55,55,51,48,56,46,44,55,53,50,13,13,12,14,11
274490,R. Rosario,Rayvien Rosario,"LM, RM, CAM, LW",60,21,11-04-2004,10,Eredivisie,1971,Excelsior,Curacao,1,48,54,46,57,64,55,62,71,76,68,57,55,61,46,60,25,53,54,56,28,33,29,11,14,7,6,6
268433,K. Franklin,Kobe Lloyd Franklin,"RB, RM, RW",62,22,10-05-2003,39,Major League Soccer,111651,Toronto FC,Canada,1,55,31,52,61,59,51,58,68,69,76,59,41,56,63,39,58,45,49,54,60,62,61,9,6,7,12,8
262954,Fabio Blanco,Fabio Blanco Gómez,"RM, LM, RW",64,21,18-02-2004,308,Primeira Liga,1887,Vitória SC,Spain,1,64,59,34,62,69,50,68,67,70,67,55,60,39,55,43,20,63,60,53,28,31,30,15,6,7,10,8
75319,K. Antonio,Kyllian Anderson Antonio,CB,64,17,04-01-2008,16,Ligue 1,64,RC Lens,France,1,44,36,63,62,48,52,59,60,66,54,61,48,68,57,66,65,38,51,63,63,66,64,5,11,8,9,8
252317,D. Nemeth,David Nemeth,CB,71,24,18-03-2001,19,Bundesliga,110329,FC St. Pauli,Austria,1,32,24,68,61,47,57,50,49,66,64,65,41,76,70,90,69,40,40,58,72,75,66,13,7,7,11,7
258747,Guillem Molina,Guillem Molina Gutiérrez,"RB, CB, LB, RM",67,25,03-05-2000,308,Primeira Liga,131463,AVS Futebol SAD,Spain,1,56,25,65,60,32,61,62,66,65,62,67,45,67,66,59,70,29,37,59,69,65,63,10,10,14,6,6
276324,T. Dago,Trévis Dago,"ST, CAM",63,20,21-01-2005,16,Ligue 1,65,Lille OSC,France,1,45,65,62,49,63,34,61,71,77,70,58,66,72,56,63,15,60,51,57,13,14,11,11,14,10,14,13
75156,Toni Fernández,Antonio Fernández Casino,"RW, RM",64,16,15-07-2008,53,La Liga,241,FC Barcelona,Spain,1,57,61,44,63,66,50,65,75,73,76,60,63,53,56,51,20,61,60,60,20,23,17,5,5,14,13,6
75690,D. Konadu,Don-Angelo Christoffel Annum-Assamoah Konadu,ST,63,19,03-05-2006,10,Eredivisie,245,Ajax,Netherlands,1,41,66,62,58,59,39,65,71,74,67,63,55,73,58,68,20,65,46,54,22,22,13,13,13,8,6,12
77521,Matheus Nascimento,Matheus Nascimento de Paula,ST,63,21,03-03-2004,39,Major League Soccer,697,LA Galaxy,Brazil,1,44,69,63,53,63,42,60,57,52,54,58,65,67,55,66,23,66,61,48,22,23,22,14,9,13,7,9
78072,Omar Falah,Omar Falah Ruiz,"LB, LM",60,21,09-09-2003,53,La Liga,110827,Real Oviedo,Spain,1,54,42,45,56,60,53,56,70,68,54,57,51,41,58,33,58,51,40,48,53,58,59,5,6,13,9,13
270335,Arnau Solà,Arnau Solà Mateu,"LB, LM",66,22,04-04-2003,308,Primeira Liga,112513,FC Arouca,Spain,1,63,22,65,66,54,43,59,60,52,55,67,29,65,55,58,66,48,32,47,66,69,67,7,7,8,11,14
270870,Miguel Nóbrega,Miguel Raimundo Nóbrega,CB,66,25,14-04-2000,308,Primeira Liga,1887,Vitória SC,Portugal,1,29,27,68,57,39,63,54,58,54,51,65,57,77,70,82,65,33,38,58,65,66,61,13,13,15,6,12
73547,T. Schenkhuizen,Tristan Schenkhuizen,"CDM, CM",58,20,12-07-2004,10,Eredivisie,634,Fortuna Sittard,Netherlands,1,44,44,52,63,58,59,58,63,65,57,58,55,57,49,56,56,35,45,50,53,56,58,8,6,10,15,7
194146,K. Long,Kevin Finbarr Long,CB,69,34,18-08-1990,39,Major League Soccer,111651,Toronto FC,Republic of Ireland,1,38,29,72,59,52,56,56,44,42,49,66,56,76,44,81,68,48,50,66,71,70,66,8,14,7,8,7
78295,P. Peter,Prosper Peter,"ST, CAM",63,17,09-08-2007,16,Ligue 1,1530,Angers SCO,France,1,41,68,68,57,63,47,68,56,52,56,58,64,60,55,52,22,62,54,58,23,37,27,13,10,9,5,14
279542,M. Moerstedt,Max Moerstedt,ST,67,19,15-01-2006,19,Bundesliga,10029,TSG 1899 Hoffenheim,Germany,1,28,72,70,60,60,35,68,58,64,54,67,67,69,52,67,20,71,49,60,22,33,21,8,12,6,9,13
78872,A. Hadhood,Abdulaziz Hadhood,"CDM, CM, CAM",53,20,10-03-2005,350,Pro League,605,Al Hilal,Saudi Arabia,1,45,46,60,55,51,50,51,63,70,70,47,47,68,54,67,51,51,47,46,50,51,52,6,13,9,11,14
72741,S. Al Shehri,Sultan Amer Ali Al Qahimi Al Shahriسلطان الشهري,"LB, LM",57,29,03-07-1995,350,Pro League,131735,Al Kholood,Saudi Arabia,1,48,45,49,52,51,38,50,79,74,75,50,45,63,65,58,54,47,40,38,52,51,50,7,12,10,14,7
80681,Edu Altozano,Eduardo Altozano Agudo,CM,58,18,17-10-2006,53,La Liga,481,Sevilla FC,Spain,1,56,53,47,61,62,59,64,65,64,70,56,55,43,52,42,49,54,59,58,49,48,53,6,6,5,15,12
76133,D. Mokwa,David Mokwa Ngabi Ntusu,ST,64,21,03-05-2004,19,Bundesliga,10029,TSG 1899 Hoffenheim,France,1,53,69,63,49,65,33,64,68,66,68,57,66,67,49,59,23,66,52,53,21,26,24,11,12,14,12,15
80806,Iván Corralejo,Iván Corralejo Mantero,"CAM, CM",57,18,01-05-2007,53,La Liga,449,Real Betis Balompié,Spain,1,56,54,42,54,62,51,60,66,62,68,52,54,46,52,51,21,52,56,53,34,34,39,13,6,14,13,14
270001,S. Al Najdi,Salem Abdullah Salem Al Najdiسالم عبدالله النجدي,"LB, LM",63,22,27-01-2003,350,Pro League,112139,Al Nassr,Saudi Arabia,1,52,38,58,54,54,51,60,68,68,56,58,30,66,66,60,60,46,40,50,63,61,61,11,7,14,13,12
233931,K. Rowles,Kye Francis Rowles,CB,71,27,24-06-1998,39,Major League Soccer,688,DC United,Australia,1,26,16,72,67,37,61,50,61,67,61,66,34,80,74,78,69,27,29,62,73,73,70,13,12,6,10,9
248278,J. de Haas,Justin de Haas,CB,73,25,01-02-2000,308,Primeira Liga,112809,Famalicão,Netherlands,1,31,30,70,57,36,48,45,60,63,48,65,45,80,63,87,72,30,34,53,75,75,74,13,14,7,7,6
262404,F. Bacher,Felix Bacher,CB,69,25,25-05-2000,308,Primeira Liga,10020,GD Estoril Praia,Austria,1,24,30,64,63,40,50,57,64,52,52,58,45,78,75,84,67,35,30,59,69,73,69,11,15,12,11,9
71005,Leo Afonso,Leonardo Frugis Afonso,"LW, RM, ST, LM",61,23,13-07-2001,39,Major League Soccer,112885,Atlanta United,Brazil,1,58,68,59,61,65,58,63,59,63,58,52,60,63,55,61,20,65,55,50,24,25,20,10,6,10,8,8
262287,F. Al Azmi,Farhan Al Aazmi,"LB, LM",57,30,31-07-1994,350,Pro League,113222,Al Hazem FC,Saudi Arabia,1,53,38,47,54,54,50,52,70,72,75,50,47,57,62,59,53,50,49,48,51,52,54,11,14,7,10,11
192559,G. Nauber,Gerrit Nauber,CB,70,33,13-04-1992,10,Eredivisie,100632,Go Ahead Eagles,Germany,1,35,33,70,62,40,56,53,36,64,58,64,46,78,61,83,69,21,25,58,71,71,69,12,7,14,14,11
279868,David Otorbi,David Otorbi Ejededawe,"RM, LM, RW",63,17,16-10-2007,53,La Liga,461,Valencia CF,Spain,1,64,54,40,64,70,59,61,64,69,61,58,58,50,53,56,28,63,47,44,30,30,33,8,9,14,7,10
72299,W. Prins,Wouter Prins,"LB, LM",64,21,06-02-2004,10,Eredivisie,1915,FC Groningen,Netherlands,1,60,23,32,58,56,47,63,77,72,73,58,43,55,68,55,62,49,35,53,62,65,63,6,14,5,9,6
80570,T. Tati,Tylel Tati,CB,67,17,19-01-2008,16,Ligue 1,71,FC Nantes,France,1,39,32,68,61,48,44,52,64,72,48,58,44,78,58,80,61,32,46,65,66,73,67,5,11,11,10,11
265407,M. Al Qahtani,Mohammed Hamad Al Qahtaniمحمد القحطاني,"RM, LM, RW",62,22,23-07-2002,350,Pro League,605,Al Hilal,Saudi Arabia,1,50,52,36,57,70,53,63,83,77,88,56,47,46,59,37,25,56,56,50,30,34,32,14,15,14,10,9
269005,B. Raines,Brooklyn Sigel Raines,"CDM, CM, CB",58,20,11-03-2005,39,Major League Soccer,698,Houston Dynamo,United States,1,33,43,43,67,58,60,63,73,72,57,58,53,40,57,34,54,51,52,57,58,51,50,13,9,9,8,14
70934,A. Piol,Ariath Deng Piol,ST,58,20,11-10-2004,39,Major League Soccer,111065,Real Salt Lake,Australia,1,39,57,52,47,55,35,54,77,81,70,55,57,74,58,72,30,57,48,53,24,28,26,10,12,13,11,11
74556,Nico González,José Nicolás González Richart,"RB, RM",61,19,15-05-2006,53,La Liga,468,Elche CF,Spain,1,55,35,51,54,67,41,49,70,76,53,53,48,52,56,45,55,47,39,50,55,65,64,6,8,8,14,8
71493,H. Jones,Harrison Jones,"CAM, CM",59,20,25-12-2004,13,Premier League,106,Sunderland,England,1,53,53,37,59,58,53,59,69,67,71,58,51,42,52,45,35,56,59,57,36,38,35,14,14,6,9,11
270955,N. Quiñónes,Nelson Giovany Quiñónes Iturre,"LM, RM, LW",62,22,20-08-2002,39,Major League Soccer,698,Houston Dynamo,Colombia,1,60,49,34,58,69,41,67,83,77,76,51,62,51,34,45,30,58,54,63,44,45,23,11,6,9,9,8
77467,D. Garcia,Diego Garcia,"CM, CAM",53,18,17-10-2006,39,Major League Soccer,695,FC Dallas,United States,1,41,54,50,58,51,52,58,66,69,59,51,57,54,61,54,48,57,48,42,40,47,48,11,7,6,13,13
237245,E. Segura,Eddie Livington Segura Martínez,"CB, RB",68,28,02-02-1997,39,Major League Soccer,112996,Los Angeles FC,Colombia,1,23,31,65,70,49,67,64,53,63,61,67,36,72,71,76,69,26,32,66,66,69,68,12,12,13,6,13
263628,F. Álvarez,Fernando Antonio Álvarez Amador,CB,64,21,24-08-2003,39,Major League Soccer,111139,CF Montréal,Colombia,1,30,25,64,65,53,53,59,71,73,54,59,64,77,67,72,63,23,30,55,63,64,65,7,13,10,12,8
77379,L. Buffon,Louis Buffon,"LM, LW, ST",60,17,28-12-2007,31,Serie A,110738,Pisa,Czechia,1,60,56,58,56,56,48,57,67,69,64,61,64,63,60,58,22,60,56,56,23,23,16,14,7,8,6,7
245347,M. Bauer,Maximilian Bauer,CB,71,25,09-02-2000,19,Bundesliga,100409,FC Augsburg,Germany,1,31,22,70,62,46,57,56,53,53,50,73,39,74,64,79,72,22,38,53,75,73,70,12,15,12,14,5
70065,M. Nourani,Motez Nouraniمعتز نوراني,"LM, RM, LW",60,23,11-01-2002,308,Primeira Liga,1891,CD Nacional,Tunisia,1,57,53,34,59,64,55,62,68,69,74,52,65,45,54,50,27,57,55,56,35,32,40,12,12,11,5,8
76746,H. Petrov,Hristiyan PetrovХристиян Ивайлов Петров,"CB, LB, LM",66,23,24-06-2002,10,Eredivisie,1913,SC Heerenveen,Bulgaria,1,57,30,69,52,36,37,47,62,64,49,61,39,69,67,61,72,33,33,51,71,68,65,10,9,8,15,9
271051,S. Oregel,Sergio Oregel Jr.,CM,57,20,16-05-2005,39,Major League Soccer,693,Chicago Fire,United States,1,48,44,43,64,58,59,60,61,67,66,58,58,37,54,43,43,57,57,54,39,50,48,9,8,11,5,7
76780,K. Hazazi,Khalid Hazazi,"CM, CAM",53,20,30-03-2005,350,Pro League,112391,Al Qadsiah FC,Saudi Arabia,1,40,40,69,53,53,52,56,56,60,58,54,45,60,56,52,52,49,54,48,49,58,54,10,13,13,14,15
78379,I. Azizi,Ilyas Azizi,"LW, ST, LM",61,17,13-04-2008,16,Ligue 1,1809,Toulouse FC,France,1,53,53,43,55,67,49,66,78,75,84,51,61,51,51,45,19,53,56,67,18,25,21,8,15,13,14,11
274741,C. Zambrano,Cristhoper Douglas Zambrano Méndez,ST,60,20,05-07-2004,350,Pro League,112393,Al Taawoun FC,Ecuador,1,49,62,60,52,61,40,62,69,67,63,58,59,68,67,61,20,58,49,59,22,26,25,13,7,8,11,8
255837,N. Al Sharari,Nader Abdullah Al Sharariنادر عبدالله الشراري,"CB, RB, RM",67,29,08-05-1996,350,Pro League,112139,Al Nassr,Saudi Arabia,1,42,21,59,62,31,55,53,62,80,83,65,38,81,72,78,66,32,36,52,65,69,66,13,6,13,5,13
77663,J. Gerbet,Joran Gerbet,"CDM, CM",60,24,30-06-2001,39,Major League Soccer,112606,Orlando City SC,France,1,42,43,51,64,48,59,62,58,61,57,59,51,56,54,59,57,39,48,50,55,60,55,9,14,14,6,13
74623,D. Bugaj,Dawid Bugaj,"RB, RM",58,20,09-07-2004,39,Major League Soccer,111139,CF Montréal,Poland,1,57,40,48,53,57,51,50,68,61,55,50,41,61,69,68,51,47,40,44,54,55,55,14,11,14,11,12
232083,J. Yaro,Joshua Yaro,CB,64,31,07-03-1994,39,Major League Soccer,113018,St. Louis CITY SC,Ghana,1,41,22,52,60,49,56,54,81,75,69,66,36,71,69,65,66,15,22,62,66,66,66,8,8,11,15,8
80351,E. Waayers,Eus Waayers,"RB, RM",61,19,08-04-2006,10,Eredivisie,247,PSV,Netherlands,1,59,31,56,59,48,40,62,68,67,67,57,51,63,55,59,62,40,45,55,58,54,58,6,7,6,9,13
267796,S. Ngoma,Serge Patrick Ngoma Jr.,"RM, ST, RW",58,19,09-07-2005,39,Major League Soccer,689,New York Red Bulls,United States,1,49,47,37,48,63,43,58,90,90,87,39,52,62,61,59,38,51,50,46,38,38,34,13,12,10,7,10
228784,Q. Lajami,Qasem Mohammed bin Ali Lajamiقاسم الأوجامي,CB,63,29,24-04-1996,350,Pro League,112391,Al Qadsiah FC,Saudi Arabia,1,45,24,59,52,41,54,53,69,68,68,57,30,72,71,73,65,40,40,48,62,64,65,11,14,14,12,9
272317,D. Martínez,David Emmanuel Martínez Morales,"RW, RM, CAM",67,19,07-02-2006,39,Major League Soccer,112996,Los Angeles FC,Venezuela,1,57,71,40,57,80,52,71,68,59,69,61,52,46,45,47,21,61,68,50,20,29,31,7,12,12,5,5
81348,L. Bèye,Lamine Bèye,"CAM, CM",59,18,17-05-2007,308,Primeira Liga,112809,Famalicão,Senegal,1,45,45,51,67,62,62,58,63,62,56,57,62,62,56,68,39,59,61,47,31,32,25,5,5,13,6,14
80598,J. Martinez,Julián Martinez,"CB, LB, LM",65,21,01-12-2003,308,Primeira Liga,717,Alverca,Honduras,1,50,24,64,59,54,46,68,63,64,64,67,45,64,56,55,66,30,28,45,65,70,66,13,6,13,12,10
77561,Y. Sbai,Yousri Sbai,"RB, RM",60,20,08-08-2004,10,Eredivisie,1910,NEC Nijmegen,Netherlands,1,53,29,45,41,60,43,61,75,73,76,50,56,47,59,41,61,52,39,45,58,58,57,13,13,15,9,13
80378,M. Gbemou,Moussa Gbemou,"CAM, CM",57,17,09-09-2007,10,Eredivisie,634,Fortuna Sittard,Belgium,1,49,48,39,58,64,56,63,67,68,66,57,56,50,46,59,28,47,53,53,46,39,42,15,13,7,12,9
276489,D. Preu,David Preu,"LM, CAM, ST, LW",62,20,26-10-2004,19,Bundesliga,1831,1. FC Union Berlin,Germany,1,62,57,40,60,66,55,64,69,67,75,50,60,39,50,39,29,57,57,55,28,37,35,5,11,10,6,7
80684,J. Valou,Jean Yves Valou,"CB, LB",62,19,22-12-2005,53,La Liga,483,Villarreal CF,Côte d'Ivoire,1,54,20,63,53,57,49,55,63,63,49,60,59,73,64,73,64,32,39,45,62,63,58,10,10,10,14,9
269233,T. Fredricson,Tyler Fredricson,CB,65,20,23-02-2005,13,Premier League,11,Manchester United,England,1,37,22,63,58,57,50,55,66,64,56,62,46,73,57,72,64,32,46,54,65,66,64,11,10,12,13,7
81346,D. Fonville,Deveron Fonville,"LB, CB, LM",63,22,16-05-2003,10,Eredivisie,1910,NEC Nijmegen,Netherlands,1,58,30,59,56,57,40,58,72,74,61,60,41,60,64,48,60,41,39,57,59,65,58,9,10,8,10,8
266467,J. Seelt,Jenson Seelt,"CB, RB, RM",66,22,23-05-2003,19,Bundesliga,175,VfL Wolfsburg,Netherlands,1,35,28,67,60,46,51,55,65,65,43,63,50,77,62,79,62,34,45,55,65,67,64,13,10,13,7,5
276477,A. Marcandalli,Alessandro Marcandalli,CB,66,23,25-02-2002,31,Serie A,110556,Genoa,Italy,1,40,33,63,61,31,48,56,59,68,44,62,53,73,56,76,67,24,38,47,67,66,67,6,9,12,7,6
260635,J. Neal,Jalen Christopher Neal,CB,66,21,24-08-2003,39,Major League Soccer,111139,CF Montréal,United States,1,26,17,60,69,54,66,65,63,75,53,70,35,71,63,71,68,31,58,66,72,66,63,8,6,7,12,11
272830,M. Faqihi,Muath Abdulaziz Ahmad Fagihyمعاذ عبدالعزيز فقيهي,"LB, LM",60,23,30-05-2002,350,Pro League,607,Al Ittihad,Saudi Arabia,1,50,29,43,51,52,46,55,75,73,63,56,41,64,72,72,58,38,37,49,56,57,57,13,8,6,14,10
278408,Egiluz,Unai Egiluz Arroyo,CB,70,23,19-03-2002,53,La Liga,448,Athletic Club,Spain,1,33,39,67,63,31,48,62,56,60,40,62,59,74,62,78,68,29,38,55,71,73,70,12,6,7,9,12
80025,O. Camara,Oumar Camara,"RW, LW, RM",63,18,11-05-2007,308,Primeira Liga,1887,Vitória SC,France,1,57,59,44,55,68,45,70,75,74,58,63,72,57,59,57,21,56,54,50,22,35,26,7,14,8,5,8
75568,Albert,Albert Constantin Niculăesei Plesca,"LB, CB, LM",58,17,25-03-2008,53,La Liga,468,Elche CF,Romania,1,55,42,58,59,57,56,64,58,62,69,49,58,59,55,56,55,39,44,43,56,52,55,13,5,10,8,7
269246,M. Eerdhuijzen,Mike Eerdhuijzen,CB,73,24,13-07-2000,10,Eredivisie,1903,FC Utrecht,Netherlands,1,50,20,73,73,42,70,49,38,63,47,68,37,77,66,90,75,26,28,61,76,74,69,7,8,8,7,14
279000,Y. Akçiçek,Yusuf Akçiçek,CB,65,19,25-01-2006,350,Pro League,605,Al Hilal,Türkiye,1,33,28,61,65,53,60,63,61,66,65,52,44,80,72,74,59,22,37,49,66,65,64,14,12,10,10,10
255275,M. Iloski,Milan IloskiМилан Илоски,ST,64,25,29-07-1999,39,Major League Soccer,112134,Philadelphia Union,United States,1,33,71,53,50,67,28,69,80,76,74,58,59,66,56,56,12,69,50,47,13,23,19,11,7,15,7,13
278119,I. Sané,Ibou Sané,ST,63,20,28-03-2005,16,Ligue 1,68,FC Metz,Senegal,1,43,65,67,57,67,40,67,67,75,57,57,59,67,54,58,15,60,53,58,18,17,22,8,10,14,12,10
74876,D. Denoon,Daniel Tyrell Denoon,CB,62,21,28-01-2004,31,Serie A,110738,Pisa,Switzerland,1,49,27,57,61,42,59,56,64,63,55,56,52,72,61,76,61,38,42,44,61,60,58,10,11,8,8,9
278919,R. Donovan,Romelle Donovan,"RM, CAM, RW",61,18,30-11-2006,13,Premier League,1925,Brentford,England,1,56,53,39,58,63,47,61,80,79,85,56,60,46,53,42,23,56,59,54,28,32,26,8,13,11,6,10
253350,L. Realpe,Leonardo Javier Realpe Montaño,CB,68,24,26-02-2001,308,Primeira Liga,112809,Famalicão,Ecuador,1,33,20,70,73,40,55,63,65,61,60,63,39,78,70,78,60,38,30,50,68,71,68,13,10,13,7,6
264121,A. Tsoungui,Antef Tsoungui,"CB, CDM",64,22,30-12-2002,308,Primeira Liga,10020,GD Estoril Praia,Belgium,1,37,30,61,59,42,54,48,70,72,46,59,50,77,55,78,61,32,33,52,59,65,67,13,8,12,12,12
277703,M. Egbring,Mats Montijn Egbring,"RB, RM",61,18,17-09-2006,10,Eredivisie,1913,SC Heerenveen,Netherlands,1,58,31,54,61,54,58,57,60,58,59,56,49,58,65,59,56,37,48,52,57,61,60,13,15,13,11,8
74969,R. Al Ghamdi,Rakan Al Ghamdi,"CAM, CM",53,19,06-09-2005,350,Pro League,112139,Al Nassr,Saudi Arabia,1,55,44,45,54,53,48,54,71,68,78,47,47,57,51,57,47,47,52,53,43,48,45,8,10,8,15,10
75747,Diego Aguado,Diego Aguado Facio,"CB, LB",59,18,07-02-2007,53,La Liga,243,Real Madrid,Spain,1,51,23,64,65,32,52,58,68,65,66,59,42,67,62,58,62,26,61,60,63,63,47,11,9,12,9,14
72169,Xabi Huarte,Xabier Huarte Armendáriz,"CAM, CM",65,24,25-02-2001,308,Primeira Liga,112516,CD Tondela,Spain,1,42,58,41,67,66,64,67,66,64,65,63,44,41,50,41,28,62,66,60,36,42,43,12,9,14,8,13
277225,Jon Martín,Jon Martín Vicente,CB,68,19,23-04-2006,53,La Liga,457,Real Sociedad,Spain,1,27,21,66,66,60,58,63,62,67,50,69,34,69,66,64,70,32,44,52,71,70,67,14,12,9,8,10
270137,C. Donovan,Christopher Donovan,"ST, CAM",60,24,08-08-2000,39,Major League Soccer,112134,Philadelphia Union,United States,1,35,62,60,49,58,48,59,64,66,59,61,61,67,59,62,29,60,47,57,31,35,30,6,7,12,11,8
74043,F. Harchaoui,Fayssal Harchaoui,"CDM, CM",60,19,15-01-2006,19,Bundesliga,31,1. FC Köln,Germany,1,44,34,44,62,56,58,59,63,63,70,57,46,44,52,48,58,36,57,59,58,61,58,8,13,13,14,10
278392,David López,David López Guijarro,CB,68,22,03-02-2003,53,La Liga,453,RCD Mallorca,Spain,1,32,32,71,66,47,64,59,51,65,45,62,45,77,77,80,64,30,30,56,68,67,66,6,11,10,9,8
79243,Y. Rahmouni,Yassir Salah Rahmouni,"CM, CDM",57,19,13-06-2006,10,Eredivisie,100632,Go Ahead Eagles,Netherlands,1,42,42,44,64,64,59,62,61,64,77,49,53,45,56,51,50,45,62,58,48,44,48,13,14,11,8,8
242359,Jorge Fernandes,Jorge Filipe Oliveira Fernandes,CB,73,28,02-04-1997,350,Pro League,112390,Al Fateh,Portugal,1,35,25,71,63,60,64,63,33,34,33,64,61,75,59,92,67,26,31,63,73,79,74,7,12,6,5,5
263884,S. Al Mousa,Saad Mohammed Misfer Al Mousa Al Qahtaniسعد آل موسى,CB,65,22,10-12-2002,350,Pro League,607,Al Ittihad,Saudi Arabia,1,41,20,57,64,53,61,56,63,64,56,61,34,72,65,78,68,34,50,63,61,68,66,11,10,5,14,9
267995,J. Ragen,Jackson Ragen,CB,71,26,24-09-1998,39,Major League Soccer,111144,Seattle Sounders FC,United States,1,24,17,68,68,36,69,58,52,45,40,69,39,77,69,90,68,29,57,68,70,70,68,14,13,6,14,8
81380,P. Ba,Papa Dame Ba,"RM, CAM, RW",61,21,19-04-2004,53,La Liga,110062,Girona FC,Senegal,1,58,55,44,57,65,55,59,78,79,73,58,58,59,57,59,26,49,50,49,29,26,27,11,9,13,12,10
263152,A. Hawsawi,Abdullah Ahmed Musa Al Hawsawiعبدالله هوساوي,"RB, RM",61,29,01-02-1996,350,Pro League,115892,Al-Najma SC,Saudi Arabia,1,53,35,41,56,55,51,45,68,69,64,60,30,60,69,74,60,42,39,42,60,62,60,9,10,9,12,12
239126,M. Al Baqawi,Mohammed Kareem Al Baqawiمحمد البقعاوي,"RB, CB, RM",62,29,12-07-1995,350,Pro League,113057,Al Fayha,Saudi Arabia,1,50,23,49,55,52,60,55,70,71,55,56,30,62,81,66,58,51,45,48,61,57,56,7,14,7,10,15
73044,Ulisses Wilson,Ulisses Wilson Jeronymo Rocha,CB,69,25,28-09-1999,308,Primeira Liga,1891,CD Nacional,Brazil,1,27,25,66,58,48,44,63,48,54,43,68,47,73,74,83,67,28,35,52,67,68,67,14,10,12,8,10
255854,Pacheco,Jon Pacheco Dozagarat,CB,74,24,08-01-2001,53,La Liga,463,Deportivo Alavés,Spain,1,25,18,75,75,36,64,71,47,49,39,74,32,73,58,72,74,33,42,60,75,76,74,14,13,14,14,8
80526,Y. Holder,Yénio Holder,"RM, LM, RW",59,17,02-07-2007,10,Eredivisie,1915,FC Groningen,Netherlands,1,52,48,44,49,67,52,65,77,80,75,46,59,54,50,51,23,52,55,49,26,34,31,15,12,7,5,10
213414,W. Troost-Ekong,William Paul Troost-Ekong,CB,71,31,01-09-1993,350,Pro League,131735,Al Kholood,Nigeria,1,37,23,75,52,37,48,47,57,65,36,69,53,82,65,85,73,30,41,69,71,71,69,6,15,10,9,7
275645,N. Caliskan,Noel Caliskan,"CM, CDM, RB",55,24,08-08-2000,39,Major League Soccer,111065,Real Salt Lake,Germany,1,42,39,44,61,52,58,64,60,68,60,54,52,45,54,54,49,40,52,49,53,60,55,9,11,13,14,14
229851,A. Al Bulayhi,Ali Hadi Mohammed Al Bulaihiعلي هادي محمد البليهي,CB,70,35,21-11-1989,350,Pro League,605,Al Hilal,Saudi Arabia,1,30,49,72,64,34,42,50,34,46,34,66,43,81,77,83,70,47,30,56,66,69,70,13,11,8,14,10
73768,S. Gyamfi,Stephen Annor Gyamfi,ST,60,22,19-05-2003,39,Major League Soccer,698,Houston Dynamo,Ghana,1,42,62,62,60,59,51,54,75,77,60,44,63,70,45,58,21,61,53,58,22,20,22,12,15,8,6,9
235184,D. Ríos,Daniel Armando Ríos Calderón,ST,65,30,22-02-1995,39,Major League Soccer,101112,Vancouver Whitecaps FC,Mexico,1,31,74,69,59,61,37,63,45,51,51,55,71,69,60,75,21,69,45,52,18,23,21,9,13,14,9,13
262869,Guilherme Ramos,Guilherme Magro Pires Ramos,CB,68,27,11-08-1997,19,Bundesliga,28,Hamburger SV,Portugal,1,29,30,70,61,44,50,53,53,66,51,66,46,76,56,82,66,28,42,66,66,68,65,11,13,11,6,9
274665,S. Mohammed,Abdul Shakur Mohammed,"LM, CAM, LW",59,21,27-08-2003,39,Major League Soccer,112606,Orlando City SC,Ghana,1,55,60,50,54,60,48,58,77,76,67,47,60,65,49,57,19,55,52,53,19,23,23,8,9,13,6,6
215565,M. Miazga,Matthew Miazga,CB,72,29,19-07-1995,39,Major League Soccer,113149,FC Cincinnati,United States,1,25,18,74,67,51,62,65,50,43,54,70,35,79,67,83,73,27,32,71,72,72,69,10,7,14,7,15
242533,J. Cascante,Julio César Cascante Solórzano,CB,67,31,03-10-1993,39,Major League Soccer,114161,Austin FC,Costa Rica,1,21,45,73,64,53,60,59,56,58,33,65,40,79,57,77,63,56,48,57,64,66,64,5,15,10,6,7
80799,K. Baruti,Kelian Baruti,"LW, LM",59,19,22-11-2005,308,Primeira Liga,10020,GD Estoril Praia,France,1,59,52,47,60,58,52,60,79,82,58,41,62,67,53,66,19,57,52,48,29,25,23,11,7,12,14,12
272813,J. Reid,Jayden Reid,"LB, CB, LM",58,23,30-08-2001,39,Major League Soccer,113018,St. Louis CITY SC,United States,1,61,27,41,59,63,51,52,85,85,78,46,46,63,75,61,45,41,35,43,49,46,51,6,15,11,14,6
270888,G. Jean,Gaby Jean,CB,68,25,19-02-2000,31,Serie A,347,Lecce,France,1,38,26,69,61,43,52,56,56,54,42,61,47,72,76,72,67,29,27,62,68,71,68,6,10,12,10,10
274494,F. Al Abdulrazzaq,Fahad Khalid Al Abdulraziq,"RB, LB, RM",60,25,24-04-2000,350,Pro League,115892,Al-Najma SC,Saudi Arabia,1,56,34,43,55,56,50,54,78,79,66,51,34,57,63,55,52,50,45,44,53,58,60,13,6,7,11,8
256892,C. Widell,Casper Widell,CB,68,22,05-05-2003,10,Eredivisie,1971,Excelsior,Sweden,1,45,25,70,64,40,55,48,46,69,55,66,42,75,67,86,64,25,42,66,69,68,65,14,7,6,7,6
76228,A. Ceesay,Abdoulie Ceesay,ST,65,21,05-01-2004,19,Bundesliga,110329,FC St. Pauli,Gambia,1,42,72,60,49,58,33,66,78,70,64,54,68,79,44,74,22,63,43,53,19,27,18,5,9,7,11,7
261333,J. Rafanello,Jeremy Michael Rafanello,"CAM, CM",60,25,14-04-2000,39,Major League Soccer,112134,Philadelphia Union,United States,1,51,59,54,64,60,60,64,59,65,60,50,59,60,58,61,23,60,53,49,29,26,21,12,8,14,11,8
274998,J. Shore,Jonathan Shore,"CM, CDM, CB",56,18,13-04-2007,39,Major League Soccer,112828,New York City FC,United States,1,51,51,48,59,58,54,59,55,61,59,54,53,39,58,43,51,49,54,48,53,56,50,5,8,10,9,10
277316,M. Al Alaeli,Mishal Youssef Eshaq Al Alaeli,"LB, LM",58,21,17-06-2004,350,Pro League,112393,Al Taawoun FC,Saudi Arabia,1,50,33,44,52,55,45,54,82,81,76,53,40,57,64,53,49,50,43,48,48,51,55,14,12,10,14,8
228681,F. Sierralta,Francisco Andrés Sierralta Carvallo,"CB, CDM, CM",70,28,06-05-1997,16,Ligue 1,57,AJ Auxerre,Chile,1,55,34,67,68,46,45,62,49,51,48,68,38,74,50,84,70,24,33,52,70,68,68,12,10,9,7,13
278354,G. Bonfanti,Giovanni Bonfanti,CB,67,22,17-01-2003,31,Serie A,110738,Pisa,Italy,1,42,33,66,61,50,56,59,50,51,42,65,38,64,56,62,69,40,50,58,70,70,68,12,6,9,6,9
275544,M. Al Shuwayrikh,Mohammed Al Shwirekh,CB,64,27,21-11-1997,350,Pro League,111674,Al Shabab,Saudi Arabia,1,41,26,66,58,49,54,56,62,62,54,63,34,84,60,77,63,37,48,47,61,64,63,8,10,10,7,9
71277,Arguibide,Iñigo Arguibide Goñi,"RM, RB, RW",59,20,19-04-2005,53,La Liga,479,CA Osasuna,Spain,1,60,54,40,58,62,53,64,60,54,53,55,48,45,41,53,48,57,57,48,50,55,54,7,10,9,12,6
274841,D. McGuire,Duncan MacAllister McGuire,ST,68,24,05-02-2001,39,Major League Soccer,112606,Orlando City SC,United States,1,29,70,78,53,58,38,64,65,65,58,75,71,85,65,76,25,72,45,69,14,19,18,9,10,6,6,8
80292,Yarlen,Yarlen Faustino Augusto,"RM, LM, RW",63,19,20-02-2006,308,Primeira Liga,112516,CD Tondela,Brazil,1,61,61,43,58,68,48,66,72,75,68,49,58,49,53,48,19,59,55,48,29,27,29,9,13,11,15,5
80231,Y. Wagner,Yannik Wagner,"LM, ST, LW",59,18,09-05-2007,19,Bundesliga,111235,1. FC Heidenheim 1846,Germany,1,55,66,48,54,67,47,62,68,69,67,47,64,56,49,56,18,54,48,53,30,30,28,6,9,14,11,14
240244,Pedro Pacheco,Pedro Jorge Pacheco Seabra,CB,67,28,27-01-1997,308,Primeira Liga,1438,Santa Clara,Portugal,1,25,45,72,61,42,58,52,53,40,68,65,50,71,61,66,66,26,33,52,68,71,67,6,8,14,9,7
236924,Bruno Wilson,Bruno Ricardo Valdez Wilson,CB,69,28,27-12-1996,39,Major League Soccer,111928,San Jose Earthquakes,Portugal,1,35,21,71,60,43,52,59,54,46,32,66,46,79,70,82,68,29,29,62,70,68,65,9,15,14,8,8
269960,D. Poreba,David Poręba,"CM, CAM",55,22,01-12-2002,39,Major League Soccer,693,Chicago Fire,United States,1,44,32,47,59,53,56,56,64,55,65,48,48,55,72,59,56,38,55,48,44,53,51,5,15,13,6,14
80019,Kauan Gomes,Kauan Souza Gomes,"RB, RM",60,20,26-04-2005,308,Primeira Liga,717,Alverca,Brazil,1,50,28,50,53,59,41,62,73,70,55,56,64,55,64,48,53,50,39,43,53,60,58,6,7,7,15,7
278955,M. Fry,Malcolm Fry,"RW, RM",57,20,15-05-2005,39,Major League Soccer,691,New England Revolution,United States,1,55,55,58,55,58,40,58,65,65,60,45,65,64,54,60,23,55,55,58,22,25,22,11,14,6,8,12
72371,M. Kücüksahin,Mahmut Kücüksahin,"CDM, CM",60,21,07-04-2004,19,Bundesliga,100409,FC Augsburg,Türkiye,1,39,33,51,64,57,62,56,61,46,67,60,41,44,53,39,56,39,52,51,58,65,64,8,13,11,12,7
271317,Rafael Fernandes,Rafael Tavares Gomes Fernandes,CB,63,23,28-06-2002,16,Ligue 1,65,Lille OSC,Portugal,1,40,32,66,60,40,61,51,55,42,53,56,42,67,56,67,61,35,32,46,58,68,65,9,9,7,6,14
80651,T. Devernois,Tidiane Devernois,CM,58,17,18-10-2007,16,Ligue 1,57,AJ Auxerre,France,1,41,43,38,63,65,56,68,64,67,77,56,52,37,58,42,47,53,56,53,32,44,39,10,14,6,14,6
271475,N. Bertola,Nicolò Bertola,CB,68,22,23-03-2003,31,Serie A,55,Udinese,Italy,1,34,29,70,61,38,42,59,56,59,42,67,47,77,68,83,65,32,35,50,66,68,65,15,10,14,10,5
71832,H. Al Hammami,Hammam Al Hammami,"RM, RW",60,21,30-01-2004,350,Pro League,111674,Al Shabab,Saudi Arabia,1,54,57,35,55,64,52,61,72,71,66,53,52,48,62,50,42,56,50,54,34,32,30,8,14,10,8,15
275212,G. Vivi,Gino Vivi Quesada,"LW, LM",59,24,20-12-2000,39,Major League Soccer,697,LA Galaxy,Costa Rica,1,49,56,32,57,62,55,63,74,74,67,51,56,41,49,44,24,53,60,60,32,48,48,14,8,11,7,14
79900,M. Henry,Malik Henry,"RM, CM, RW",57,22,23-07-2002,39,Major League Soccer,111651,Toronto FC,Canada,1,53,50,47,60,53,54,57,67,68,56,52,55,54,57,55,49,51,52,41,42,38,45,6,11,8,8,9
279010,N. Courtens,Nolhan Courtens,"CAM, ST",58,18,20-12-2006,10,Eredivisie,1913,SC Heerenveen,Congo DR,1,54,35,21,60,63,57,67,78,66,77,52,42,36,49,31,36,46,58,58,30,52,46,9,13,14,13,14
261872,N. Al Saadi,Nawaf Amer Al Sadiنواف عامر الصعدي,"RM, RW, CM",61,24,21-10-2000,350,Pro League,111674,Al Shabab,Saudi Arabia,1,54,57,30,56,65,52,61,76,74,77,53,50,43,62,43,27,52,54,52,32,38,26,11,12,14,5,11
71478,Rodrigo Duarte,Rodrigo Silva Duarte,"RW, LW, RM",61,19,07-02-2006,308,Primeira Liga,1887,Vitória SC,Portugal,1,54,53,34,60,63,56,62,76,70,83,56,46,44,55,43,19,54,60,64,21,31,34,14,5,6,13,13
80490,J. Rijssel,Jermaine Rijssel,"RM, LM, RW",58,20,25-03-2005,10,Eredivisie,1913,SC Heerenveen,Suriname,1,53,47,48,54,63,48,60,82,85,77,43,52,58,46,49,26,46,56,53,29,38,39,10,10,6,13,9
203487,J. Lascelles,Jamaal Lascelles,CB,73,31,11-11-1993,13,Premier League,13,Newcastle United,England,1,46,34,75,64,41,59,60,38,37,47,68,51,83,34,84,74,23,40,60,73,74,72,10,15,7,10,15
271075,N. Adjei,Nathaniel Adjei,CB,67,22,21-08-2002,16,Ligue 1,217,FC Lorient,Ghana,1,37,22,68,62,57,54,58,75,78,57,61,32,80,63,75,63,30,28,58,68,68,63,13,7,9,10,13
79687,J. Wynder,Joshua Wynder,CB,66,20,02-05-2005,308,Primeira Liga,234,SL Benfica,United States,1,32,27,66,57,48,46,62,63,62,51,66,39,73,57,72,65,51,38,46,66,66,61,12,11,7,7,13
75528,J. Faberski,Jan Jakub Faberski,"RM, RW",60,19,22-04-2006,10,Eredivisie,1914,PEC Zwolle,Poland,1,54,50,34,50,69,42,63,85,85,84,46,55,46,54,39,18,51,51,51,25,28,34,9,6,15,15,7
271143,K. Hiebert,Kyle Anthony Hiebert,"CB, LB, RB, LM",67,27,30-07-1997,39,Major League Soccer,113018,St. Louis CITY SC,Canada,1,43,23,63,60,49,59,60,71,66,49,66,34,80,71,79,66,24,29,53,66,69,61,14,10,6,14,13
230708,J. Worrall,Joseph Adrian Worrall,CB,73,28,10-01-1997,13,Premier League,1796,Burnley,England,1,39,20,75,68,35,68,54,46,50,43,68,34,77,65,83,73,27,30,63,76,74,75,11,11,5,9,14
277318,M. Abdulrahman,Mohammed Abdulrahman Yousefمحمد عبدالرحمن,"RB, RM",61,22,14-01-2003,350,Pro League,112387,Al Ahli SFC,Saudi Arabia,1,56,31,52,44,50,34,54,77,77,71,53,24,68,69,61,56,47,41,43,56,59,57,12,15,10,13,15
223818,João Afonso,João Ricardo da Silva Afonso,CB,69,35,28-05-1990,308,Primeira Liga,112516,CD Tondela,Portugal,1,48,29,72,67,51,64,55,44,36,37,64,45,75,58,80,64,24,32,62,69,71,67,6,8,9,15,14
74689,A. Al Hussain,Ali Al Hussain,"CM, CAM",54,20,04-06-2005,350,Pro League,113057,Al Fayha,Saudi Arabia,1,41,32,40,60,56,54,59,68,63,76,50,39,53,58,62,50,41,56,61,53,51,43,12,9,6,10,11
79300,L. Jovanović,Lazar JovanovićЛазар Јовановић,"RM, LM, RW",64,18,30-11-2006,19,Bundesliga,36,VfB Stuttgart,Serbia,1,61,62,32,59,73,40,70,77,74,78,50,54,49,52,48,27,54,69,55,28,26,29,13,8,14,7,6
270846,A. Amenda,Aurèle Florian Amenda,CB,71,21,31-07-2003,19,Bundesliga,1824,Eintracht Frankfurt,Switzerland,1,40,23,62,69,42,65,58,71,65,35,66,42,83,39,90,66,38,35,62,72,71,69,12,6,10,13,6
256130,F. Abdi,Faris Abdiفارس عابدي,"LB, LM",61,26,09-05-1999,350,Pro League,131798,NEOM SC,Saudi Arabia,1,54,35,49,49,59,38,57,67,68,59,60,40,61,69,68,56,48,39,42,57,61,58,11,8,15,8,15
277421,Marco Esteban,Marco Esteban Fernández,"CB, RB",63,18,30-08-2006,53,La Liga,110827,Real Oviedo,Spain,1,50,23,62,64,58,60,60,64,65,56,60,37,68,57,64,61,23,50,62,61,64,63,15,12,6,11,10
276960,B. Ceballos,Brayan Andrés Ceballos Jiménez,CB,68,24,24-05-2001,39,Major League Soccer,691,New England Revolution,Colombia,1,45,20,65,66,46,65,48,65,63,55,66,39,76,56,78,68,28,27,50,70,69,67,13,13,7,7,8
278261,O. Touré,Ousmane Touré,CB,65,20,18-02-2005,16,Ligue 1,65,Lille OSC,France,1,45,20,62,59,53,48,59,66,75,62,62,48,71,58,70,64,21,43,62,66,68,64,6,8,12,12,11
77056,N. Čelik,Nidal Čelik,CB,64,18,17-07-2006,16,Ligue 1,64,RC Lens,Bosnia and Herzegovina,1,44,32,63,55,46,51,54,52,67,47,61,44,73,52,81,62,38,48,57,60,65,60,6,12,8,14,6
76034,B. Nguene,Bernard Nguene,"ST, LW",60,18,04-08-2006,16,Ligue 1,72,OGC Nice,Cameroon,1,49,60,57,51,62,38,65,77,74,63,48,60,77,55,72,18,58,46,52,18,22,18,15,6,8,14,14
73356,L. Nieuwenhuijs,Luc Nieuwenhuijs,"LM, RM, LW",59,18,01-03-2007,10,Eredivisie,1910,NEC Nijmegen,Netherlands,1,60,56,46,54,61,50,62,73,63,77,52,57,52,37,49,17,52,59,45,22,33,27,12,5,6,14,13
79455,S. Musah,Salim Amani Musah,ST,61,19,22-02-2006,19,Bundesliga,38,SV Werder Bremen,Germany,1,40,62,63,51,61,44,57,65,68,45,62,62,70,60,69,24,63,51,60,18,23,23,6,9,13,14,7
74348,S. Bouland,Sven Bouland,CB,61,19,22-02-2006,10,Eredivisie,1915,FC Groningen,Netherlands,1,31,25,66,62,37,59,55,57,65,48,57,58,68,63,67,58,28,52,50,58,60,59,8,12,8,11,15
71828,A. Aman,Awad Dahal Mushen Amanعواد أمان,"LB, CB, LM",54,20,16-01-2005,350,Pro League,112139,Al Nassr,Saudi Arabia,1,49,41,45,51,49,45,50,66,63,70,49,64,59,54,70,53,45,36,41,50,49,49,11,9,14,7,13
276964,J. Robatsch,Jannik Thomas Robatsch,CB,65,20,28-12-2004,19,Bundesliga,110329,FC St. Pauli,Austria,1,30,28,68,61,36,54,62,65,68,66,61,43,71,55,68,62,23,52,56,65,67,66,15,8,10,7,11
79910,Tiago Leite,Tiago Rafael Fernandes Leite,"ST, LW",64,24,31-07-2000,308,Primeira Liga,717,Alverca,Portugal,1,41,67,69,52,60,35,62,59,57,59,58,77,73,59,73,15,58,54,51,16,27,22,5,7,12,10,6
257842,H. Asiri,Haitham Mohammed Ali Abu Hawi Asiri,"ST, RM",56,24,25-03-2001,350,Pro League,112391,Al Qadsiah FC,Saudi Arabia,1,51,56,56,52,62,49,55,78,81,76,51,51,70,61,59,17,52,48,42,21,22,22,7,11,9,12,9
80691,E. Faty,Enzo Faty,ST,60,18,09-03-2007,16,Ligue 1,1809,Toulouse FC,France,1,40,60,60,56,56,43,57,70,75,58,51,64,75,57,75,19,57,46,59,16,23,17,12,9,12,9,13
80558,João Gastão,João Moisés Gastão,"ST, RW, RM",62,18,22-07-2006,308,Primeira Liga,718,Estrela da Amadora,Angola,1,54,62,60,51,62,39,61,72,64,63,60,69,64,55,51,17,64,54,54,21,15,18,13,7,15,14,6
71611,A. Soumahoro,Aboubaka Soumahoro,"CB, LB, LM",64,20,04-02-2005,19,Bundesliga,28,Hamburger SV,France,1,44,22,67,62,55,56,62,52,72,48,58,34,69,56,71,58,36,49,62,57,68,63,13,13,14,12,12
277454,A. Al Enazi,Abdulrahman Ahmed Daghman Al Ashja'i Al Anaziعبدالرحمن أحمد العنزي,"RB, CM, RM",56,27,14-06-1998,350,Pro League,113057,Al Fayha,Saudi Arabia,1,54,35,40,55,56,59,62,69,65,69,51,41,55,69,50,53,39,57,56,44,49,48,8,10,6,11,8
74448,F. Folino,Francesco Folino,CB,64,23,23-01-2002,31,Serie A,111434,Cremonese,Italy,1,39,31,61,61,35,45,56,59,62,42,58,43,75,66,81,62,38,39,48,65,63,62,13,13,8,10,10
81378,Gibi,Gilbert Jordana Cámara,"RB, RM",61,18,26-02-2007,53,La Liga,110062,Girona FC,Spain,1,64,28,44,60,56,56,55,73,72,67,56,26,53,60,54,56,44,49,48,53,55,57,10,9,9,11,11
275974,N. Ordaz,Nathan Rafael Ordaz,"ST, LW, RW, CAM",66,21,12-01-2004,39,Major League Soccer,112996,Los Angeles FC,El Salvador,1,38,70,55,55,69,40,70,72,68,63,67,69,65,65,55,19,70,56,55,17,18,15,11,9,12,7,6
80584,G. Vianello,Giannino Vianello,"LB, LM",58,18,10-06-2007,10,Eredivisie,100646,Sparta Rotterdam,Netherlands,1,50,47,45,46,53,42,47,69,70,61,59,33,49,54,49,56,51,49,54,60,58,57,6,7,14,10,14
75539,N. Edwards,Nathaniel Edwards,"RM, LM, RW",54,22,18-10-2002,39,Major League Soccer,111651,Toronto FC,Canada,1,52,47,49,50,56,45,55,79,76,72,40,54,58,39,51,46,44,44,49,50,53,52,9,7,12,5,7
80148,J. Bergraaf,Jerolldino Bergraaf,"ST, RM, RW",61,18,05-07-2006,10,Eredivisie,1971,Excelsior,Netherlands,1,26,66,67,47,53,27,56,77,79,69,53,61,84,61,76,23,51,50,53,25,21,21,9,15,7,13,10
273948,K. Oppong,Kojo Peprah Oppong,CB,68,21,04-06-2004,16,Ligue 1,72,OGC Nice,Ghana,1,31,22,63,61,52,59,57,73,74,57,66,36,78,67,75,69,31,27,55,68,70,64,13,14,12,9,11
262209,É. Dueñas,Érik Dueñas,"CM, CDM, RB",59,20,18-10-2004,39,Major League Soccer,698,Houston Dynamo,Mexico,1,42,24,34,67,67,61,67,72,68,81,58,52,36,52,30,52,53,55,56,54,64,60,10,6,7,8,15
78212,J. Zalinsky,Joseph Zalinsky,"RB, RM",58,22,03-01-2003,39,Major League Soccer,113018,St. Louis CITY SC,United States,1,51,49,46,55,53,50,51,62,69,59,54,46,50,62,53,55,41,38,46,51,57,55,10,12,11,8,15
260001,N. Eile,Noah Eile,CB,67,22,19-07-2002,39,Major League Soccer,689,New York Red Bulls,Sweden,1,21,22,58,70,40,62,66,66,78,59,58,39,74,62,80,72,30,35,51,64,62,60,11,14,13,15,13
245420,H. Qasim,Hussain Saleh Qassem Salemحسين صالح قاسم سالم,"LB, CB, LM",60,27,21-09-1997,350,Pro League,112390,Al Fateh,Saudi Arabia,1,54,20,48,53,56,50,55,73,72,61,53,28,64,72,66,58,50,51,43,55,56,53,12,5,6,9,7
238008,J. Elliott,Jack Elliott,CB,72,29,24-08-1995,39,Major League Soccer,693,Chicago Fire,England,1,21,21,70,67,46,71,63,50,48,37,72,34,73,89,80,69,21,33,70,76,76,70,8,10,15,7,6
78355,O. Escobar,Olger Armando Escobar Real,"RW, CAM, RM",61,18,11-09-2006,39,Major League Soccer,111139,CF Montréal,Guatemala,1,52,61,32,58,66,45,64,75,69,81,48,62,46,32,49,19,50,58,64,15,24,16,10,7,8,14,15
80151,N. Groen,Nesto Groen,ST,59,20,22-07-2004,10,Eredivisie,1971,Excelsior,Netherlands,1,33,63,67,55,57,35,53,62,66,52,51,62,68,58,60,25,55,47,51,30,31,30,14,7,5,11,13
70458,L. Michal,Lucas Michal,"LM, LW",64,20,22-06-2005,16,Ligue 1,69,AS Monaco,France,1,61,59,33,62,69,49,66,76,73,73,61,62,44,34,41,16,61,59,62,18,28,23,8,12,12,7,5
269963,B. Halbouni,Belal Halbouniبلال حلبوني,CB,64,25,29-12-1999,39,Major League Soccer,101112,Vancouver Whitecaps FC,Syria,1,37,38,64,57,42,54,46,56,61,57,57,51,76,57,83,61,32,40,50,60,63,60,13,6,10,9,11
258457,K. Boma,Kévin Boma,CB,69,22,20-11-2002,308,Primeira Liga,10020,GD Estoril Praia,Togo,1,39,30,66,65,40,42,60,39,44,33,63,58,67,65,76,65,34,35,58,70,76,72,10,13,6,15,8
77107,Michel,Michel Augusto Modesto Rafael dos Santos,CB,64,22,20-05-2003,308,Primeira Liga,1900,Moreirense FC,Brazil,1,40,26,60,50,35,45,48,65,63,48,64,45,75,58,76,64,35,36,51,66,66,63,12,13,5,10,9
279101,B. Yalçınkaya,Bilal Yalcinkaya,"CAM, RW, LW, CM",59,19,30-03-2006,19,Bundesliga,28,Hamburger SV,Germany,1,51,58,38,58,64,51,60,67,70,71,49,58,46,48,52,26,53,60,56,34,30,33,15,8,10,7,5
245813,A. Al Shammari,Abdulelah Malwah Al Shammeriعبدالإله الشمري,"RW, CM, ST, RM",59,26,24-01-1999,350,Pro League,115892,Al-Najma SC,Saudi Arabia,1,57,50,26,60,65,60,57,75,78,76,48,49,37,55,38,33,51,55,57,34,35,27,13,14,8,13,8
70475,A. Mahamoud,Adel Mahamoud,"LW, ST, LM",64,22,04-02-2003,16,Ligue 1,71,FC Nantes,Comoros,1,53,64,33,56,73,44,71,71,73,80,53,60,41,37,40,18,59,57,67,21,21,18,9,9,6,10,15
76922,H. Behrens,Hennes Behrens,"LB, LM",62,20,19-01-2005,19,Bundesliga,10029,TSG 1899 Hoffenheim,Germany,1,64,30,50,50,61,41,50,68,58,55,62,30,55,61,50,62,54,37,50,60,63,61,11,12,12,7,11
80671,J. Hartog,Jasper Hartog,"RM, RW",60,19,23-03-2006,10,Eredivisie,1906,AZ Alkmaar,Netherlands,1,56,50,45,56,65,54,63,77,77,74,51,50,50,48,44,18,55,53,54,26,28,29,6,15,11,7,10
79708,M. Zonneveld,Milan Zonneveld,ST,63,21,08-10-2003,10,Eredivisie,100638,Telstar,Netherlands,1,32,65,72,57,50,34,65,50,67,47,55,65,77,59,77,24,65,46,45,23,25,20,11,11,11,6,13
80578,C. Mélières,Cléo Mélières,"RB, RM",61,20,13-04-2005,16,Ligue 1,68,FC Metz,France,1,52,34,45,56,56,38,58,72,65,66,52,42,48,58,44,57,48,43,53,53,64,67,11,8,8,6,8
241862,A. Al Bishi,Awn Al Saluli Al Bishiعون السلولي البيشي,CB,66,26,02-09-1998,350,Pro League,131798,NEOM SC,Saudi Arabia,1,32,28,67,57,30,50,45,54,68,44,64,54,75,61,82,67,27,30,48,66,68,62,12,13,7,15,5
73163,João Goulart,João Pedro Goulart da Silva,CB,70,25,27-01-2000,308,Primeira Liga,114510,Casa Pia,Portugal,1,34,23,67,63,28,52,61,52,55,52,61,45,77,71,88,65,23,30,57,72,71,69,10,11,13,7,12
75232,J. Badwal,Jeevan Singh Badwal,CM,56,19,11-03-2006,39,Major League Soccer,101112,Vancouver Whitecaps FC,Canada,1,49,42,49,65,55,59,59,61,67,51,54,53,47,61,48,41,52,52,49,44,52,50,6,10,15,11,12
77602,S. Bassett,Samuel Bassett,CM,55,22,13-04-2003,39,Major League Soccer,694,Colorado Rapids,United States,1,46,38,48,62,49,59,62,66,60,54,54,55,55,61,59,46,47,48,44,51,54,51,5,10,6,11,7
80734,N. Schmidt,Nick Schmidt,"CM, CDM",56,17,12-09-2007,19,Bundesliga,110329,FC St. Pauli,Japan,1,42,35,49,65,61,60,58,68,64,67,44,49,49,49,48,57,39,57,49,56,58,51,13,12,8,6,9
262027,T. Muharemović,Tarik Muharemović,CB,70,22,28-02-2003,31,Serie A,111974,Sassuolo,Bosnia and Herzegovina,1,34,17,66,61,52,58,60,54,63,53,70,40,66,65,65,73,26,37,59,74,74,72,11,10,14,6,7
78746,Djé Tavares,José Luís Rocha Tavares,"CAM, CM",60,22,03-06-2003,308,Primeira Liga,1438,Santa Clara,Cabo Verde,1,50,48,42,63,66,57,67,68,67,71,59,51,45,59,48,39,49,58,50,36,45,39,8,7,9,15,5
78584,I. Guerti,Ismaël Guerti,"CAM, CM",55,20,30-07-2004,16,Ligue 1,68,FC Metz,Morocco,1,47,42,50,62,55,59,53,61,63,55,54,56,49,52,49,45,57,52,45,29,48,46,7,13,6,11,12
271637,H. Al Sibyani,Hussain Khaled Ali Al Sabiyaniحسين الصبياني,"LB, LM",60,24,24-06-2001,350,Pro League,111674,Al Shabab,Saudi Arabia,1,54,37,43,53,59,39,59,81,81,76,56,35,62,65,48,51,52,38,40,52,55,57,12,9,10,10,11
264743,I. Dramé,Issiar Dramé,CB,67,26,16-02-1999,308,Primeira Liga,718,Estrela da Amadora,Mali,1,29,19,74,49,40,41,48,70,68,69,60,40,87,70,84,64,40,40,58,64,70,63,13,6,6,14,7
80335,A. Al Nakhli,Abdulwahid Al Nakhli,CM,55,28,01-07-1997,350,Pro League,115892,Al-Najma SC,Saudi Arabia,1,45,38,47,62,56,58,53,56,62,60,57,56,51,67,57,49,52,49,48,38,48,46,5,8,6,11,9
80611,Rwan Cruz,Rwan Philipe Rodrigues de Souza,ST,63,24,20-05-2001,39,Major League Soccer,111065,Real Salt Lake,Brazil,1,41,72,67,47,56,41,58,61,63,55,53,68,68,54,61,19,65,49,53,17,18,22,14,13,13,9,14
79911,Felipe Lima,Felipe de Almeida Lima,ST,63,19,17-04-2006,308,Primeira Liga,717,Alverca,Brazil,1,33,63,62,56,53,51,64,73,73,61,61,75,71,59,60,15,58,50,52,16,24,14,5,11,15,5,15
77870,I. Al Hamlan,Ibrahim Talal Al Hamlan,"CAM, LM, RM, CM",53,20,13-01-2005,350,Pro League,605,Al Hilal,Saudi Arabia,1,49,45,39,53,54,47,56,74,69,77,47,42,49,50,53,40,48,52,50,43,40,44,13,5,11,10,9
77624,O. Boakye,Ofosu Boakye,ST,57,17,10-07-2007,10,Eredivisie,100632,Go Ahead Eagles,Ghana,1,41,57,59,49,60,47,62,60,63,50,47,62,53,46,46,18,56,59,45,32,38,39,14,13,11,14,14
72020,K. Abdallah,Keyliane Hikram Abdallah,"RM, RW",62,19,05-04-2006,16,Ligue 1,219,Olympique de Marseille,France,1,57,57,39,59,66,52,64,72,79,69,58,58,50,35,51,18,57,58,58,24,26,22,13,11,8,6,7
277635,M. Jensen,Markus Gustav Jensen,"LW, LM",62,19,15-07-2005,10,Eredivisie,1903,FC Utrecht,Denmark,1,60,57,32,58,60,54,61,76,76,62,59,47,55,51,59,22,61,58,57,24,21,28,13,11,12,7,9
79319,N. Ogidi Nwankwo,Neville Ogidi Nwankwo,"CB, RB",61,22,08-10-2002,10,Eredivisie,100638,Telstar,Netherlands,1,40,29,60,52,40,44,44,71,76,61,53,58,72,61,67,59,31,32,42,63,64,61,11,12,9,5,10
268558,T. Palacios,Tiago Tomás Palacios,CB,67,22,28-04-2003,31,Serie A,44,Inter,Argentina,1,34,26,65,61,38,48,56,51,55,45,64,58,69,60,73,67,24,27,58,68,67,71,10,13,10,14,13
274389,K. Edwards,Khayon Edwards,ST,62,21,12-09-2003,308,Primeira Liga,10020,GD Estoril Praia,Jamaica,1,32,65,58,51,57,41,56,68,69,64,60,65,67,51,65,18,64,48,58,16,15,19,11,7,11,13,7
78037,J. Rodríguez,Juan Martín Rodríguez Camejo,CB,65,20,30-05-2005,31,Serie A,1842,Cagliari,Uruguay,1,28,34,63,49,35,43,44,58,57,48,62,54,74,68,78,67,28,46,58,66,69,67,9,6,7,8,12
226803,T. Parker,Timothy Ryan Parker,CB,67,32,23-02-1993,39,Major League Soccer,689,New York Red Bulls,United States,1,26,35,70,59,43,57,59,60,68,46,64,33,80,69,85,64,28,35,60,64,64,63,6,13,14,9,9
277022,J. Simić,Jan-Carlo SimićЈан-Карло Симић,CB,70,20,02-05-2005,350,Pro League,607,Al Ittihad,Serbia,1,26,31,61,67,28,46,66,64,70,51,67,28,72,53,74,70,34,34,50,71,73,69,11,11,13,12,13
212831,Alisson,Alisson Ramsés Becker,GK,89,32,02-10-1992,13,Premier League,9,Liverpool,Brazil,5,17,13,29,60,27,58,42,60,49,40,87,65,82,32,78,11,13,66,66,15,19,16,86,85,86,90,89
70935,I. Jones,Isaiah Jones,CM,51,19,08-04-2006,39,Major League Soccer,114162,Nashville SC,Sierra Leone,1,41,46,56,55,52,51,53,76,74,66,52,45,60,51,46,52,48,50,46,51,48,49,5,6,13,9,8
74583,Marc Domènech,Marc Domenech González,"ST, LM, LW",62,18,01-12-2006,53,La Liga,453,RCD Mallorca,Spain,1,47,64,59,64,64,49,64,59,66,62,54,64,60,42,55,12,62,52,60,21,25,24,5,7,6,5,8
248498,K. Al Ghannam,Khalid Essa Mohammed Al Ghannamخالد الغنام,"LM, RM, LW",60,24,07-11-2000,350,Pro League,112096,Al Ettifaq,Saudi Arabia,1,52,51,43,53,71,53,67,73,69,84,51,54,43,51,39,24,52,55,66,29,26,31,8,13,14,8,5
79822,K. Wong-A-Soij,Key-Shawn Wong-A-Soij,"LM, LW",58,18,01-10-2006,10,Eredivisie,645,FC Volendam,Netherlands,1,54,47,40,57,66,52,65,71,73,65,42,57,46,46,47,21,46,51,53,31,35,38,13,12,14,12,12
271106,D. Padelford,Devin Padelford,"CB, LB, LM",62,22,03-01-2003,39,Major League Soccer,113018,St. Louis CITY SC,United States,1,40,28,56,59,54,50,62,52,51,59,64,35,60,59,62,64,42,40,49,67,63,61,15,15,7,11,8
208965,A. Asiri,Ahmad Hassan Hassan Asiriأحمد عسيري,"CB, RB",65,33,14-11-1991,350,Pro League,112883,Al Khaleej,Saudi Arabia,1,35,24,66,55,26,52,50,55,63,62,59,43,71,78,73,67,21,42,49,63,65,66,6,12,14,15,8
78875,T. Al Dhafeeri,Thamer Al Dhafeeri,"CM, CDM",51,19,15-01-2006,350,Pro League,113037,Al Riyadh,Saudi Arabia,1,42,38,41,56,55,50,54,72,65,81,47,39,49,54,53,49,42,52,54,50,49,52,6,6,15,5,14
80847,B. Caicedo,Brayan Caicedo,"RW, RM",61,18,14-08-2006,308,Primeira Liga,236,FC Porto,Colombia,1,58,63,49,54,68,46,67,64,61,58,52,65,44,46,43,21,57,53,50,28,25,32,11,15,14,9,8
259053,C. Devenish,Cristian David Castro Devenish,"CB, RB",69,24,25-01-2001,308,Primeira Liga,131463,AVS Futebol SAD,Colombia,1,33,30,65,62,43,49,54,46,54,46,66,54,72,62,83,65,30,30,50,67,73,69,11,6,7,10,9
79163,M. Willemsen,Maas Willemsen,CB,62,22,29-04-2003,10,Eredivisie,1913,SC Heerenveen,Netherlands,1,30,29,60,61,49,64,52,58,63,46,59,50,67,63,69,61,32,38,55,64,63,59,11,12,6,14,9
74622,M. Edwards,Matthew Edwards,"RB, CB, LB",55,22,16-02-2003,39,Major League Soccer,112885,Atlanta United,United States,1,48,46,41,41,50,55,40,78,79,42,46,51,62,62,68,46,48,34,42,50,60,54,10,9,11,13,8
278146,B. Arthur,Benjamin Arthur,CB,62,19,09-10-2005,13,Premier League,1925,Brentford,England,1,39,28,61,55,48,44,53,62,65,58,58,39,75,54,78,60,33,37,55,61,62,61,11,10,12,9,10
262554,A. Al Hurabi,Abdulaziz Abdulrahman Abdulaziz Al Harabi,"CDM, CM",57,28,29-05-1997,350,Pro League,115892,Al-Najma SC,Saudi Arabia,1,44,45,52,58,55,52,57,50,53,51,52,46,53,62,59,55,46,49,45,53,58,56,15,15,14,11,8
76058,R. Aigbekaen,Romeo Aigbekaen,"ST, LW",59,21,22-06-2004,19,Bundesliga,110329,FC St. Pauli,Germany,1,53,61,57,59,57,41,57,65,68,60,51,62,67,47,68,31,56,48,49,23,30,25,13,7,9,7,13
278319,L. Marianucci,Luca Marianucci,CB,68,20,23-07-2004,31,Serie A,48,Napoli,Italy,1,35,21,66,65,40,61,69,51,42,48,69,34,64,62,61,69,33,29,61,71,71,68,14,8,12,14,7
73012,Teo Quintero,Teo Quintero León,CB,65,26,02-03-1999,10,Eredivisie,100646,Sparta Rotterdam,Venezuela,1,35,23,69,66,37,59,53,57,63,37,48,41,72,69,72,64,26,31,56,66,66,64,12,14,8,6,14
278132,R. Kaabi,Rakan Al Kaabiراكان الكعبي,"CDM, CM, CB",58,22,02-12-2002,350,Pro League,113057,Al Fayha,Saudi Arabia,1,37,30,48,56,48,53,49,64,70,59,54,49,58,76,64,57,33,43,45,58,59,59,13,12,6,8,5
237214,L. Abubakar,Alhassan Abubakar,"CB, RB",65,30,25-12-1994,39,Major League Soccer,695,FC Dallas,Ghana,1,34,31,62,64,39,63,58,37,65,56,57,37,69,70,84,63,24,34,55,63,64,61,11,6,15,15,12
80579,P. Reulen,Pepijn Reulen,ST,58,17,01-06-2008,10,Eredivisie,1904,NAC Breda,Netherlands,1,35,62,55,47,56,40,55,72,73,58,57,58,66,60,58,20,56,52,50,16,20,12,6,11,10,12,8
276808,M. Sahlouli,Muhammad Ahmed Yahya Sahlouli,CM,51,20,21-11-2004,350,Pro League,113037,Al Riyadh,Saudi Arabia,1,41,45,41,58,56,49,50,71,68,71,47,42,44,49,45,49,44,51,50,50,51,40,12,8,10,10,11
269747,J. Dirksen,Julius Dirksen,"LB, CB, LM",62,22,02-02-2003,10,Eredivisie,100632,Go Ahead Eagles,Netherlands,1,45,26,61,61,57,60,60,66,72,56,56,48,67,50,61,60,24,30,47,61,65,64,13,13,8,7,8
75476,M. Schmitz,Marwin Reiner Ian Schmitz,"CDM, CM",59,18,07-01-2007,19,Bundesliga,110329,FC St. Pauli,Germany,1,42,31,50,63,55,57,60,64,59,61,54,41,57,54,55,60,29,57,39,55,58,58,13,11,7,10,10
275564,M. Naif,Mohammed Naif Saleh Al Jahif,"LM, RM, RB, LW",57,26,29-11-1998,350,Pro League,113060,Al Akhdoud Saudi Club,Saudi Arabia,1,56,53,42,52,57,52,54,75,72,61,51,51,57,51,60,32,54,52,50,29,30,28,8,14,7,9,10
261604,C. Harris,Calvin Harris,"RM, LM, ST, RW",57,25,20-03-2000,39,Major League Soccer,694,Colorado Rapids,England,1,60,58,51,44,61,36,60,69,65,68,45,56,62,56,61,26,56,53,55,29,36,32,7,13,7,9,10
277047,Carlos Eduardo,Carlos Eduardo Borges Parente,ST,65,22,10-08-2002,308,Primeira Liga,1888,Gil Vicente FC,Brazil,1,40,68,69,52,54,31,62,51,55,45,65,72,76,55,84,21,68,50,56,20,20,21,5,14,6,10,11
78160,Renato Nhaga,Renato Sam Na Nhaga,"CDM, CM",59,18,27-03-2007,308,Primeira Liga,114510,Casa Pia,Guinea-Bissau,1,35,34,46,60,60,56,66,62,61,58,64,42,50,60,51,57,36,45,42,48,63,55,11,15,10,12,6
269894,N. Al Bishi,Nasser Mohammed Ali Al Farhani Al Bishi,"CAM, CM",53,23,03-06-2002,350,Pro League,113037,Al Riyadh,Saudi Arabia,1,48,47,43,55,55,56,53,53,72,55,50,54,44,33,55,40,47,54,52,43,44,35,14,12,15,5,7
81518,N. Saviolo,Noah Saviolo,"LW, RW, LM",59,21,07-03-2004,308,Primeira Liga,1887,Vitória SC,Belgium,1,51,62,45,55,62,39,65,71,68,57,54,74,55,41,54,24,55,51,46,20,35,32,12,11,13,6,8
264633,E. Sali,Enes Sali,"LW, RW, LM",62,19,23-02-2006,39,Major League Soccer,695,FC Dallas,Romania,1,54,54,30,56,69,50,65,85,80,90,50,53,43,47,33,21,50,51,60,20,24,23,9,6,11,13,7
210648,A. Hegazi,Ahmed Elsayed Ali Elsayed Hegazyأحمد حجازي,CB,75,34,25-01-1991,350,Pro League,131798,NEOM SC,Egypt,1,21,30,82,67,53,73,60,34,33,32,72,27,73,54,90,75,30,41,60,71,75,75,14,14,5,10,8
263403,M. Al Aqel,Mohammed Saleh Mohammed Al Aqel,"ST, RM, LM",55,25,07-02-2000,350,Pro League,112393,Al Taawoun FC,Saudi Arabia,1,44,54,51,51,55,40,57,64,73,66,52,50,60,58,61,28,55,48,49,39,35,30,13,5,13,12,10
255273,M. Pineda,Mauricio Pineda,"CB, CDM, CM",65,27,17-10-1997,39,Major League Soccer,693,Chicago Fire,United States,1,25,34,67,67,57,65,62,52,48,45,59,33,70,72,72,67,41,42,63,66,64,61,13,9,6,9,13
277899,J. Lomboto,Julien Lomboto Lompombi,"CB, CDM",65,23,13-05-2002,308,Primeira Liga,744,Rio Ave FC,France,1,35,28,65,53,27,42,40,65,67,43,58,50,77,64,78,63,34,45,48,65,68,67,7,6,9,6,11
80674,Dro,Pedro Fernández,"CAM, CM",59,17,12-01-2008,53,La Liga,241,FC Barcelona,Spain,1,53,47,36,62,62,52,66,64,69,65,51,53,45,60,54,21,47,64,61,34,33,35,10,6,12,12,9
73286,D. Odogu,David Uyoyo Odogu,CB,65,19,03-06-2006,31,Serie A,47,AC Milan,Germany,1,30,26,65,60,50,50,60,63,71,46,55,55,74,60,74,65,23,35,45,62,69,65,6,12,13,9,7
77496,M. Floriani,Max Floriani,CB,61,22,06-02-2003,39,Major League Soccer,111928,San Jose Earthquakes,United States,1,42,33,58,61,29,58,58,64,61,51,48,40,67,64,67,56,31,40,57,64,64,63,12,12,6,13,9
74704,M. Al Shaqaq,Montadhar Khaled Al Shqaqمنتظر خالد الشقاق,"LB, LM",52,20,17-04-2005,350,Pro League,112390,Al Fateh,Saudi Arabia,1,49,41,40,46,46,48,50,65,69,69,47,49,48,54,57,49,45,42,44,45,47,47,14,11,10,13,13
245499,A. Hindi,Abdulbasit Ali Al Hindiعبدالباسط علي الهندي,CB,64,28,02-02-1997,350,Pro League,112096,Al Ettifaq,Saudi Arabia,1,42,18,68,62,45,55,59,65,54,54,60,36,74,70,71,61,42,41,57,63,65,64,10,11,5,10,9
237667,A. Al Joui,Abdullah Ahmed Abdulrahman Al Jouiعبدالله الجوعي,"LM, RM, LW",60,30,09-03-1995,350,Pro League,113057,Al Fayha,Saudi Arabia,1,57,56,34,59,62,50,59,71,70,71,55,61,40,53,41,18,55,59,61,19,25,22,12,14,9,9,14
271882,S. Otoa,Sebastian Otoa,CB,63,21,13-05-2004,31,Serie A,110556,Genoa,Denmark,1,40,33,59,61,44,51,56,59,66,47,64,44,64,65,65,62,30,39,54,61,68,61,10,6,12,12,8
78722,Rodrigo Rodrigues,Rodrigo Prata Deusdado Rodrigues,"LM, RM, LW",58,17,06-12-2007,308,Primeira Liga,1888,Gil Vicente FC,Portugal,1,56,51,45,57,65,54,66,69,65,56,42,66,48,53,47,23,47,49,53,35,32,28,13,8,12,5,9
248482,K. Al Dawsari,Khalifah Adel Al Dawsariخليفة عادل الدوسري,"CB, RB, LB",59,26,02-01-1999,350,Pro League,131798,NEOM SC,Saudi Arabia,1,43,35,54,52,50,49,51,65,70,49,53,50,76,64,73,57,27,37,48,55,59,57,9,5,12,7,6
220901,David Raya,David Raya Martín,GK,87,29,15-09-1995,13,Premier League,1,Arsenal,Spain,4,12,19,20,62,19,67,43,64,59,68,84,65,64,31,38,11,15,68,68,28,14,13,86,84,87,85,87
279035,A. Boayar,Adam Boayar Benaisaآدم بوعيار بنعيسى,ST,61,19,13-10-2005,53,La Liga,468,Elche CF,Morocco,1,40,63,66,54,63,40,60,58,64,58,53,60,61,55,54,22,62,54,52,21,15,22,11,14,5,8,7
77879,N. Cavallo,Nicholas Cavallo,"LB, LM",57,23,27-12-2001,39,Major League Soccer,112828,New York City FC,United States,1,52,37,46,54,49,50,53,68,70,59,54,46,60,59,67,48,46,41,44,55,57,55,5,8,6,6,5
266833,S. Al Harthi,Saleh Mussad Mubarak Al Harthi,"LM, LB",56,29,10-08-1995,350,Pro League,113060,Al Akhdoud Saudi Club,Saudi Arabia,1,50,50,38,52,55,53,54,72,68,63,46,44,52,59,55,33,52,50,51,33,32,37,7,8,13,12,14
258412,J. Schmied,Joël Pascal Schmied,CB,68,26,23-09-1998,19,Bundesliga,31,1. FC Köln,Switzerland,1,26,36,76,60,33,52,42,60,78,56,54,43,84,55,79,66,29,27,53,67,72,70,6,7,6,13,7
73600,K. Zoabi,Karem Zoabi,ST,62,19,03-05-2006,308,Primeira Liga,744,Rio Ave FC,Israel,1,43,65,63,55,55,36,57,66,68,62,59,61,68,56,62,19,66,50,46,20,17,14,12,5,13,8,12
261881,R. Al Bloushi,Rayan Darwish Muhammad Al Bloushiريان البلوشي,"ST, LM, RM",54,24,27-02-2001,350,Pro League,113037,Al Riyadh,Saudi Arabia,1,36,55,52,49,55,38,52,75,77,66,48,50,66,58,61,32,53,49,48,38,33,25,10,11,10,12,13
77130,M. Molina,Malachi Molina,"RW, RB, RM",53,18,18-10-2006,39,Major League Soccer,695,FC Dallas,Jamaica,1,44,54,38,39,51,38,51,84,90,75,44,56,46,57,43,42,51,39,48,49,52,48,7,9,14,13,7
278201,A. Al Masoud,Ali Al Masoud,"LW, LM",55,21,03-01-2004,350,Pro League,112390,Al Fateh,Saudi Arabia,1,44,58,56,50,50,40,59,64,64,57,55,52,60,52,55,28,55,54,43,29,35,39,11,13,11,11,14
273898,J. Anderson,Joseph William Anderson,CB,63,24,06-02-2001,13,Premier League,106,Sunderland,England,1,47,32,61,56,48,48,52,46,58,42,61,44,63,49,69,62,38,41,54,63,63,62,7,15,6,14,6
247601,R. Williams,Rhys Williams,CB,61,24,03-02-2001,13,Premier League,9,Liverpool,England,1,32,36,61,59,53,56,50,62,66,50,58,43,63,51,73,60,27,48,59,61,60,59,5,14,5,12,14
275301,T. Sanusi,Trevan Sanusi,"LW, RW, LM",61,18,25-04-2007,16,Ligue 1,217,FC Lorient,England,1,56,44,36,50,72,42,68,88,85,82,45,56,54,53,48,25,51,48,65,23,26,21,6,13,11,9,8
275559,A. Al Hotailah,Abdulaziz Saleh Al Hatila,"CAM, LM, CM",56,27,17-05-1998,350,Pro League,113060,Al Akhdoud Saudi Club,Saudi Arabia,1,51,51,42,58,58,54,57,67,67,60,51,48,46,63,50,33,53,54,52,35,34,37,13,10,14,5,13
278946,R. Al Tulayhi,Rakan Rajeh A. Al Tulayhiراكان الطليحي,"CAM, CM",56,22,20-11-2002,350,Pro League,115892,Al-Najma SC,Saudi Arabia,1,39,52,37,53,54,54,56,71,64,76,49,50,38,36,35,37,50,59,62,44,39,30,11,14,11,13,11
72894,L. Milani,Lorenzo Milani,"LB, LM",63,24,22-05-2001,10,Eredivisie,100634,Heracles Almelo,Italy,1,64,20,45,53,50,45,45,68,62,55,54,35,52,61,52,61,45,43,53,60,70,67,14,14,12,10,11
277201,S. Al Rouqi,Sattam Al Roqi,"LM, RM, LW",57,23,28-03-2002,350,Pro League,113057,Al Fayha,Saudi Arabia,1,51,52,35,55,56,52,55,84,73,81,47,53,61,52,62,19,52,53,45,26,26,24,11,8,14,6,14
71150,M. Al Qahtani,Majed Al Qathani,CM,52,20,05-01-2005,350,Pro League,113037,Al Riyadh,Saudi Arabia,1,41,35,46,57,50,53,55,55,67,65,50,47,54,54,64,52,46,50,50,49,53,46,13,11,10,13,10
76396,A. Natali,Andrea Natali,CB,60,17,28-01-2008,10,Eredivisie,1906,AZ Alkmaar,Italy,1,46,27,59,62,51,54,57,55,60,53,57,46,62,54,63,60,30,50,49,59,62,58,6,8,14,12,5
75965,J. Mangondo,Lima Joseph Mangondo,ST,58,19,06-08-2005,16,Ligue 1,68,FC Metz,France,1,46,60,50,53,62,49,59,78,74,59,44,63,70,55,68,19,56,46,53,20,21,20,11,9,6,10,8
251895,S. Adewoye,Shawn Adewoye,CB,67,25,29-06-2000,10,Eredivisie,634,Fortuna Sittard,Belgium,1,30,19,67,65,33,42,50,67,62,58,65,35,79,63,81,65,25,40,65,66,68,67,6,11,6,10,11
253001,A. Al Salem,Ali Ayesh Hassan Al Ali Al Salemعلي عايش السالم,"CB, LB",59,26,14-08-1998,350,Pro League,113060,Al Akhdoud Saudi Club,Saudi Arabia,1,51,19,58,53,50,47,55,69,65,57,55,25,72,70,74,56,49,46,48,56,55,57,6,9,13,11,12
268685,J. Hopkins,Jackson Paul Lee Hopkins,"CAM, CM, CDM",58,21,01-07-2004,39,Major League Soccer,688,DC United,United States,1,50,47,42,65,57,56,62,67,64,57,58,48,54,64,62,42,58,53,54,36,36,36,7,5,8,7,12
80021,Naves,Kaiky Marques Naves,CB,67,23,08-05-2002,308,Primeira Liga,717,Alverca,Brazil,1,35,22,60,56,35,45,61,60,62,52,65,46,70,59,72,69,24,32,48,68,69,67,7,7,6,9,5
77502,N. Rodríguez,Nicolás Santiago Rodríguez Calderón,"RW, CAM, LW, RM",56,21,25-04-2004,39,Major League Soccer,112606,Orlando City SC,Colombia,1,52,59,43,58,58,56,56,64,70,55,44,60,43,43,49,38,56,46,51,23,28,26,10,10,7,15,14
205186,P. Gazzaniga,Paulo Dino Gazzaniga Farias,GK,79,33,02-01-1992,53,La Liga,110062,Girona FC,Argentina,3,23,12,14,49,20,52,31,57,56,65,77,61,66,42,55,19,15,64,61,23,21,14,79,78,81,78,78
80779,L. Ngangué,Lionel Ngangué,"LB, LM",58,20,26-05-2005,16,Ligue 1,1530,Angers SCO,France,1,47,38,51,52,58,36,54,62,64,58,47,43,53,57,52,56,48,38,48,52,66,60,10,10,7,8,12
268483,P. Judd,Preston Judd,ST,63,26,28-05-1999,39,Major League Soccer,111928,San Jose Earthquakes,United States,1,32,68,60,44,50,38,60,63,68,58,53,63,75,63,79,15,73,48,55,18,12,18,14,9,13,14,7
80637,Landerson,Landerson Costa Araújo,"RW, LW, RM",59,18,12-12-2006,308,Primeira Liga,1900,Moreirense FC,Brazil,1,62,59,38,58,64,54,60,71,64,68,43,57,38,48,33,25,59,51,54,29,36,32,14,6,11,10,14
235600,B. Al Mutairi,Bandar Nasser Al Mutairiبندر ناصر المطيري,"LB, LM",58,35,14-03-1990,350,Pro League,112883,Al Khaleej,Saudi Arabia,1,57,22,40,55,52,43,53,67,76,75,45,34,51,69,45,50,51,43,53,51,53,54,7,6,13,8,9
80484,Rafael Mosquera,Rafael Antonio Mosquera Díaz,"LW, LM, LB",54,20,24-05-2005,39,Major League Soccer,689,New York Red Bulls,Panama,1,45,56,41,45,56,40,49,80,83,79,40,60,57,52,55,33,47,42,45,38,38,33,14,9,14,10,11
77536,T. Al Shubili,Talal Al Shubili,"CDM, CM",53,20,07-03-2005,350,Pro League,113037,Al Riyadh,Saudi Arabia,1,42,38,44,54,50,51,54,55,53,60,47,44,51,52,67,52,43,50,54,51,51,52,14,14,12,14,14
74485,J. Ekhator,Jeff Ekhator Osayuki,ST,61,18,11-11-2006,31,Serie A,110556,Genoa,Italy,1,33,61,59,61,66,42,66,68,67,59,59,59,63,57,56,15,59,40,53,12,15,15,13,10,11,6,15
268610,G. Flores,Gilberto Ivan Flores Melgarejo,CB,62,22,01-04-2003,39,Major League Soccer,113149,FC Cincinnati,Paraguay,1,32,41,65,60,40,54,55,65,63,48,60,41,71,54,70,59,41,34,43,58,63,61,7,9,12,13,12
260703,H. Al Ali,Hassan Hashim Mohammed Al Ali,"ST, RM, RW",58,23,10-02-2002,350,Pro League,131798,NEOM SC,Saudi Arabia,1,39,58,56,47,55,38,55,78,75,75,54,53,70,55,59,13,61,49,49,12,11,12,6,12,12,12,8
275571,A. Al Olewah,Abdulaziz Saud Al Elewai,"RM, RW",58,21,11-02-2004,350,Pro League,131735,Al Kholood,Saudi Arabia,1,49,44,28,56,58,45,54,92,81,85,53,45,59,52,57,39,51,50,47,37,29,24,10,8,14,5,12
276680,J. Ziółkowski,Jan Ziółkowski,CB,66,20,05-06-2005,31,Serie A,52,Roma,Poland,1,29,22,65,64,32,53,65,60,64,48,63,43,69,66,69,65,32,31,47,65,67,67,10,8,11,15,11
251906,S. Al Abbas,Saleh Yahya Asker Al Abbas,ST,61,31,06-12-1993,350,Pro League,113060,Al Akhdoud Saudi Club,Saudi Arabia,1,32,64,59,54,60,39,62,78,76,71,60,57,82,65,63,10,61,44,52,13,14,14,9,13,9,8,13
231179,J. Al Dossary,Jamaan Abdullah Al Dosariجمعان الدوسري,"CB, LB",58,31,06-09-1993,350,Pro League,131735,Al Kholood,Saudi Arabia,1,51,22,63,50,47,38,56,67,65,60,54,36,74,65,71,53,48,42,47,51,53,60,14,5,10,8,11
80030,S. Henderikx,Stan Henderikx,CB,64,21,08-07-2003,10,Eredivisie,1971,Excelsior,Netherlands,1,33,22,64,60,29,42,63,64,61,59,55,52,70,60,68,61,30,33,58,61,68,66,6,12,11,8,11
275557,H. Al Zabdani,Hussain Hassan Mushaib Al Zabdaniحسين الزبداني,"RB, CDM, CB",59,30,15-04-1995,350,Pro League,113060,Al Akhdoud Saudi Club,Saudi Arabia,1,49,26,49,51,55,51,54,72,70,58,55,35,63,66,64,58,48,48,51,54,56,58,8,9,14,12,13
263018,David Sousa,David Sousa Albino,CB,66,23,04-07-2001,308,Primeira Liga,114510,Casa Pia,Brazil,1,37,27,70,61,47,57,57,49,63,64,57,37,72,54,78,63,26,35,46,61,68,66,15,12,8,10,7
225195,A. Al Harajin,Abdulhadi Radan Al Harajinعبدالهادي الحراجين,"LM, RM, CM, LB",60,30,27-10-1994,350,Pro League,113222,Al Hazem FC,Saudi Arabia,1,55,58,37,56,60,50,58,71,70,71,53,50,40,62,38,18,57,58,46,29,22,24,8,15,8,13,12
260545,B. Craig,Brandan Andrew Craig,"CB, CDM",57,21,07-04-2004,39,Major League Soccer,111139,CF Montréal,United States,1,39,31,55,57,54,51,55,66,64,50,50,57,67,54,69,53,34,50,52,60,55,54,6,6,9,10,13
80006,M. Pérez,Matías Ignacio Pérez,CB,66,20,13-04-2005,31,Serie A,347,Lecce,Chile,1,37,26,61,61,28,42,56,59,55,45,56,42,74,61,80,61,30,36,50,61,74,71,11,10,13,12,15
80775,F. Efuele Ngoyala,Frédéric Efuele Ngoyala,"CB, CDM, CM",61,20,20-02-2005,16,Ligue 1,1809,Toulouse FC,Congo DR,1,30,33,67,52,53,45,56,62,64,48,51,48,69,58,63,56,25,28,58,60,69,63,11,13,13,14,13
79029,G. Offerhaus,Guus Offerhaus,"CB, CDM",64,24,03-01-2001,10,Eredivisie,100638,Telstar,Netherlands,1,34,29,63,51,36,31,41,60,59,48,62,49,69,67,70,65,28,41,55,69,66,65,11,6,15,6,13
77534,Guga,Gustavo Gouveia Rodrigues Cruz,ST,55,18,28-09-2006,350,Pro League,131735,Al Kholood,Brazil,1,45,61,50,54,59,55,55,58,65,63,51,54,51,56,52,25,54,50,56,38,32,36,10,13,6,11,13
80029,R. Hillen,Rio Hillen,CB,65,22,05-03-2003,10,Eredivisie,1904,NAC Breda,Netherlands,1,38,25,68,56,39,40,54,62,64,54,58,45,71,65,70,64,25,30,45,62,68,66,5,6,11,11,15
79038,A. Bouziane,Anass Bouziane,"CAM, CM",57,18,22-12-2006,10,Eredivisie,645,FC Volendam,Netherlands,1,57,47,38,56,66,54,67,63,64,53,49,57,40,44,46,26,53,57,55,41,34,40,5,15,9,12,8
167495,M. Neuer,Manuel Peter Neuer,GK,84,39,27-03-1986,19,Bundesliga,21,FC Bayern München,Germany,3,15,13,25,60,30,67,44,29,35,51,83,68,71,43,80,30,12,68,67,17,10,11,81,81,90,86,81
269684,Y. Al Najai,Yahya Mahdi Hassan Naji,"RM, LM, ST, RW",57,26,02-03-1999,350,Pro League,113217,Damac FC,Saudi Arabia,1,50,45,38,52,59,45,54,79,76,74,49,55,57,51,59,26,55,50,43,25,30,21,8,8,10,13,9
263024,M. Al Kunaydiri,Mohammed Raji Obaidullah Al Kunaydiriمحمد الكنيدري,"LB, LM",57,24,11-10-2000,350,Pro League,115892,Al-Najma SC,Saudi Arabia,1,53,23,48,53,54,48,54,74,74,59,50,29,62,59,61,50,46,43,45,50,55,54,8,14,8,12,10
266375,O. Bouda,Ousseni Bouda,"LM, RM, LW",63,25,28-04-2000,39,Major League Soccer,111928,San Jose Earthquakes,Burkina Faso,1,62,53,36,54,75,51,70,74,72,71,46,51,59,54,69,17,60,55,52,18,20,19,5,9,14,8,6
75423,M. Louër,Marius Louër,"RB, RM",58,18,11-03-2007,16,Ligue 1,1530,Angers SCO,France,1,51,25,43,48,53,42,55,63,66,51,52,45,54,59,66,55,41,35,43,51,63,59,12,8,14,12,15
275602,G. Valenzuela,Gerardo Valenzuela,"CAM, ST, CM",56,20,28-09-2004,39,Major League Soccer,113149,FC Cincinnati,United States,1,42,46,41,60,61,53,55,70,68,63,55,49,50,54,55,40,50,51,48,36,42,39,10,6,5,9,7
75170,D. Lordkipanidze,Dachi Lordkipanidzeდაჩი ლორთქიფანიძე,CM,56,20,08-03-2005,31,Serie A,111434,Cremonese,Georgia,1,39,45,50,61,56,56,61,56,59,50,56,42,50,59,50,48,56,51,40,44,51,48,8,11,15,8,10
74698,Y. Zabiri,Yassir Zabiriيسير محمد زبيري,ST,61,20,23-02-2005,308,Primeira Liga,112809,Famalicão,Morocco,1,34,63,51,53,64,36,65,69,71,57,65,64,52,54,47,23,65,54,51,21,23,13,12,10,8,12,12
260625,H. Al Ghamdi,Hazzaa Ahmed Al Ghamdiهزاع أحمد الغامدي,"RM, LM, ST, RW",57,24,12-01-2001,350,Pro League,113217,Damac FC,Saudi Arabia,1,53,52,36,54,58,48,55,71,71,69,50,51,54,65,60,28,50,51,42,30,29,19,14,8,9,9,13
263734,Diogo Monteiro,Diogo Pinheiro Monteiro,CB,62,20,28-01-2005,308,Primeira Liga,112513,FC Arouca,Portugal,1,39,19,58,60,56,57,60,62,62,52,56,35,65,58,64,63,24,53,65,62,64,62,12,10,9,13,6
78152,J. Al Salem,Jalal Al Salem,"LW, ST, LM",55,20,12-06-2005,350,Pro League,112096,Al Ettifaq,Saudi Arabia,1,51,49,50,53,57,38,51,72,70,61,52,53,55,57,49,30,53,50,47,28,35,37,11,5,11,6,5
77460,A. Ramírez,Anthony Ramírez Hernández,"RW, CAM, RM",56,19,22-12-2005,39,Major League Soccer,695,FC Dallas,Mexico,1,60,57,43,55,56,53,55,68,64,68,41,64,51,47,59,28,51,49,48,23,30,28,8,6,13,8,13
278217,S. Morales,Santiago Morales,"CAM, RM, CM",57,18,09-02-2007,39,Major League Soccer,112893,Inter Miami,United States,1,37,50,39,61,61,60,56,66,63,70,42,42,46,44,52,28,60,62,61,32,39,38,11,12,12,13,10
71257,L. Farrington,Logan Farrington,"ST, CAM",62,23,14-12-2001,39,Major League Soccer,695,FC Dallas,United States,1,22,63,66,53,55,49,55,61,70,56,60,69,73,60,73,19,60,41,49,18,14,16,8,10,14,14,12
70141,N. Pariano,Nick Pariano,"CAM, CM",55,22,16-03-2003,39,Major League Soccer,112134,Philadelphia Union,United States,1,53,42,40,65,56,64,57,63,56,70,46,40,36,56,42,26,45,54,51,33,36,49,5,11,6,8,12
80153,Y. Rodríguez,Yefrei Rodríguez,ST,61,20,11-05-2005,308,Primeira Liga,112516,CD Tondela,Colombia,1,46,67,61,55,59,40,60,65,67,58,54,57,67,51,62,12,63,54,53,21,22,22,9,6,7,6,13
72739,M. Sawaan,Mohammed Hussein Sawaan Samiliمحمد صوعان,"LM, RM, LW",59,24,09-08-2000,350,Pro League,131735,Al Kholood,Saudi Arabia,1,52,53,37,53,59,41,55,72,78,73,58,53,41,60,41,23,56,57,51,45,38,24,13,6,14,15,13
79041,M. Zijlstra,Mauro Nils Zijlstra,ST,58,20,09-11-2004,10,Eredivisie,645,FC Volendam,Indonesia,1,38,57,66,50,53,37,56,68,67,51,54,63,71,52,65,19,54,52,50,20,17,16,13,5,14,11,15
248836,W. Al Ahmed,Waleed Abdulwahab Abdulaziz Al Ahmadوليد عبدالوهاب الأحمد,CB,65,26,03-05-1999,350,Pro League,112393,Al Taawoun FC,Saudi Arabia,1,27,21,67,60,34,55,53,60,66,35,61,42,75,64,77,63,30,39,45,61,66,64,15,11,14,10,9
271636,M. Al Yami,Mohammed Eissa Saleh Al Yami,"CDM, CM",56,23,02-04-2002,350,Pro League,113222,Al Hazem FC,Saudi Arabia,1,39,31,45,50,51,46,49,63,70,59,49,41,66,72,64,58,37,46,46,52,60,60,14,7,7,7,9
80150,N. Martens,Nolan Martens,"RB, RM",60,20,07-07-2004,10,Eredivisie,1971,Excelsior,Belgium,1,55,32,46,44,60,40,44,67,66,56,57,30,52,58,53,59,55,43,51,57,65,63,13,9,9,5,5
71963,M. Mau-Asam,Myron Mau-Asam,"LB, RB, CM, CDM",58,21,01-04-2004,10,Eredivisie,645,FC Volendam,Netherlands,1,51,27,43,61,61,47,60,69,67,64,54,31,48,45,52,56,56,39,53,55,55,54,11,8,13,8,12
74551,De las Sías,Marco de las Sías López,"CB, RB",59,19,29-12-2005,53,La Liga,480,Rayo Vallecano,Spain,1,21,50,56,57,41,50,55,58,51,45,55,45,63,61,65,58,45,43,47,58,58,58,12,8,6,13,13
77149,U. Mboula,Urie-Michel Mboula,CB,67,22,30-04-2003,16,Ligue 1,68,FC Metz,Gabon,1,27,19,62,51,47,37,49,63,64,50,60,41,72,59,71,66,30,42,56,69,71,69,11,12,14,11,14
81513,M. Gluscevic,Matija Gluscevic,"LW, LM",57,21,13-06-2004,350,Pro League,112096,Al Ettifaq,Serbia,1,44,55,52,46,63,38,56,82,78,68,45,53,68,53,58,25,58,46,49,22,19,22,9,8,7,13,13
70252,S. Goglichidze,Saba Goglichidzeსაბა გოგლიჩიძე,CB,69,21,25-06-2004,31,Serie A,55,Udinese,Georgia,1,28,21,72,61,39,51,61,56,53,40,65,34,71,66,63,70,29,30,50,73,72,70,13,5,11,10,8
232334,A. Khattab,Abdullah Khattab Bilal Saeedعبدالله خطاب,"LW, ST, LM",54,30,09-11-1994,350,Pro League,115892,Al-Najma SC,Saudi Arabia,1,42,57,50,47,59,38,53,64,66,63,51,57,61,61,65,25,54,47,49,29,29,23,14,8,7,6,12
262556,M. Al Shammari,Mansour Al Rabei Al Shammariمنصور الشمري,"LB, LM",58,24,21-08-2000,350,Pro League,112139,Al Nassr,Saudi Arabia,1,51,25,47,54,53,52,59,66,69,58,53,30,57,60,60,55,50,49,50,56,56,55,11,5,10,15,11
262272,S. Abu Al Shamat,Saleh Waheeb Saeed Aboulshamatصالح وهيب صالح ابوالشامات,"RM, LM, RW",61,22,11-08-2002,350,Pro League,112387,Al Ahli SFC,Saudi Arabia,1,51,54,30,57,62,54,60,80,75,64,61,46,47,65,45,29,53,52,50,24,23,20,7,9,14,8,13
257482,A. Montes,Alán Isidro Montes Castro,CB,60,24,26-10-2000,39,Major League Soccer,696,Sporting Kansas City,Mexico,1,40,30,62,57,47,58,53,55,53,58,52,44,66,65,68,60,35,38,51,60,60,58,11,9,14,6,7
76747,E. Gürbüz,Eser Gürbüz,"RM, LM, RW",60,18,06-03-2007,10,Eredivisie,1913,SC Heerenveen,Netherlands,1,56,60,30,59,65,45,64,66,67,74,47,57,43,52,50,21,56,58,55,26,33,31,8,8,13,12,12
71897,M. Angély,Mathys Angély,"CB, CDM",61,18,21-04-2007,19,Bundesliga,175,VfL Wolfsburg,France,1,29,24,60,62,56,56,62,53,54,49,50,50,64,60,66,60,30,38,41,61,65,59,8,14,13,14,14
70700,F. Petrasso,Francisco Petrasso,"CB, RB",66,23,28-01-2002,308,Primeira Liga,744,Rio Ave FC,Argentina,1,37,23,67,53,47,41,50,54,56,45,65,42,75,62,82,58,32,29,48,59,70,65,14,11,9,7,5
77040,S. Commey,Semeu Commey,CB,63,21,12-05-2004,308,Primeira Liga,718,Estrela da Amadora,Ghana,1,32,22,68,37,32,31,36,73,75,62,61,46,80,77,75,62,25,25,63,64,64,62,10,10,11,12,13
258804,P. Ortiz,Pablo Antonio Ortiz Cabezas,CB,63,25,08-06-2000,39,Major League Soccer,698,Houston Dynamo,Colombia,1,25,21,65,55,45,30,56,68,72,71,60,25,75,64,72,61,25,31,52,64,62,61,8,14,14,9,15
252942,G. Borrelli,Gennaro Borrelli,ST,64,25,10-03-2000,31,Serie A,1842,Cagliari,Italy,1,26,68,69,61,61,42,61,45,56,51,56,66,74,59,84,21,69,48,57,18,20,15,12,14,7,7,14
78377,L. Machine,Lanroy Machine,ST,61,19,13-10-2005,16,Ligue 1,1530,Angers SCO,France,1,32,59,58,52,62,34,68,66,74,59,56,56,74,57,77,19,58,41,46,16,21,17,11,8,8,15,9
259443,T. Velthuis,Tijs Velthuis,CB,65,23,12-01-2002,10,Eredivisie,100646,Sparta Rotterdam,Netherlands,1,29,22,64,61,32,45,45,61,64,36,62,45,77,63,82,63,28,43,53,65,68,64,7,14,8,8,5
73433,G. Sambo,Giandro Alejandro Sambo,"LW, RW, LM",57,18,28-08-2006,10,Eredivisie,100634,Heracles Almelo,Curacao,1,54,43,46,54,66,44,64,65,66,78,45,58,47,41,47,17,53,51,47,35,35,43,8,8,12,14,7
75894,N. Verschuren,Nick Verschuren,CB,61,20,13-01-2005,10,Eredivisie,645,FC Volendam,Netherlands,1,27,24,60,50,39,42,45,62,65,60,49,39,72,65,73,59,28,38,50,61,64,62,14,14,10,9,6
74103,G. Hawsawi,Ghassan Ahmed Yousef Hawsawi,"CM, CDM",54,22,05-02-2003,350,Pro League,113060,Al Akhdoud Saudi Club,Saudi Arabia,1,30,35,47,59,54,53,59,50,57,61,49,39,54,62,70,56,42,50,44,51,60,54,10,14,15,8,11
278578,J. Kusi-Asare,Jonah Daniel Kusi-Asare,ST,60,17,04-07-2007,13,Premier League,144,Fulham FC,Sweden,1,25,63,66,44,59,42,61,55,66,59,56,57,74,54,77,21,56,50,55,17,25,23,10,13,14,5,14
77187,Diogo Pereira,Diogo Miguel Pereira Costa,"CDM, CB, CM",58,22,04-05-2003,308,Primeira Liga,1888,Gil Vicente FC,Portugal,1,35,22,57,58,54,52,58,53,46,45,57,42,58,44,58,57,47,53,45,56,63,58,18,17,20,21,16
78995,A. Al Dwehe,Abdulaziz Al Dwehe,"RM, LM, CAM, RW",55,25,03-05-2000,350,Pro League,113222,Al Hazem FC,Saudi Arabia,1,47,46,52,50,54,43,53,78,75,74,47,48,58,57,47,32,50,49,45,37,33,32,11,5,8,13,13
271293,S. Becher,Simon Becher,ST,60,25,20-07-1999,39,Major League Soccer,113018,St. Louis CITY SC,United States,1,28,69,59,44,60,31,56,64,53,58,52,64,71,34,73,31,64,54,48,37,39,33,13,10,14,7,9
259292,J. Maher,Jack Maher,CB,65,25,28-10-1999,39,Major League Soccer,114162,Nashville SC,United States,1,30,19,52,65,47,60,58,54,53,44,70,39,71,71,71,69,25,32,53,69,67,65,13,7,9,15,9
244963,Ivanildo Fernandes,Ivanildo Jorge Mendes Fernandes,CB,66,29,26-03-1996,308,Primeira Liga,1891,CD Nacional,Cabo Verde,1,37,21,65,56,46,52,52,53,54,31,66,45,76,68,86,65,31,40,62,65,64,63,12,6,14,9,5
211250,U. Radaković,Uroš RadakovićУрош Радаковић,CB,67,31,31-03-1994,16,Ligue 1,71,FC Nantes,Serbia,1,36,25,67,52,37,63,54,51,46,54,60,48,67,54,85,62,26,42,59,66,72,69,6,8,12,11,10
70460,J. van de Haar,Jesse van de Haar,ST,63,20,26-01-2005,10,Eredivisie,1903,FC Utrecht,Netherlands,1,31,66,65,59,63,38,64,57,65,55,60,64,63,60,58,12,60,51,58,18,14,16,9,5,10,8,10
190560,O. González,Omar Alejandro González,CB,63,36,11-10-1988,39,Major League Soccer,693,Chicago Fire,United States,1,35,31,72,60,37,60,55,33,34,31,58,47,74,61,84,60,39,49,63,60,61,50,14,13,10,16,14
272756,F. Loyola,Favian Loyola,"CM, RM",56,20,18-05-2005,39,Major League Soccer,112606,Orlando City SC,United States,1,46,41,32,65,62,62,60,66,64,58,53,47,39,53,47,24,48,62,55,36,41,38,6,6,11,12,13
277462,A. Kassarah,Ahmed Hussain Kassarah Al Nakhliأحمد حسين النخلي,"LB, LM",56,23,15-03-2002,350,Pro League,113222,Al Hazem FC,Saudi Arabia,1,52,29,47,50,52,47,51,68,69,68,51,45,56,64,59,52,47,45,42,50,52,52,5,11,5,8,14
274686,N. Berchimas,Nimfasha Berchimas,"LW, LM",57,17,22-02-2008,39,Major League Soccer,114640,Charlotte FC,United States,1,54,48,37,55,60,45,58,78,77,76,42,52,51,65,50,19,56,55,57,32,22,25,8,7,8,7,15
264203,R. Hamed,Rayan Hamed Hamidouريان حامد,"CB, RB, RM",59,23,13-04-2002,350,Pro League,112387,Al Ahli SFC,Saudi Arabia,1,45,26,51,56,46,48,51,64,61,52,56,30,72,55,69,62,38,42,39,60,60,56,13,9,14,5,9
274219,A. Abdullahi,Ahmed Abdullahi,ST,58,21,19-06-2004,13,Premier League,106,Sunderland,Nigeria,1,38,59,48,45,59,32,57,77,83,71,55,59,65,50,61,17,57,40,52,10,19,11,9,10,14,12,9
276780,S. Salem,Saud Salem,CM,51,19,14-08-2005,350,Pro League,113060,Al Akhdoud Saudi Club,Saudi Arabia,1,41,38,42,57,52,51,54,62,62,56,52,44,50,37,60,54,47,50,40,48,51,44,15,13,10,13,10
220230,P. Bochniewicz,Paweł Piotr Bochniewicz,CB,68,29,30-01-1996,10,Eredivisie,1913,SC Heerenveen,Poland,1,29,20,69,63,47,63,55,31,64,32,62,34,78,70,87,68,23,58,67,67,67,65,5,12,7,6,13
278495,T. Hall,Tyler Austin Hall,"CB, CDM",57,19,05-02-2006,39,Major League Soccer,112893,Inter Miami,United States,1,45,20,60,64,55,60,60,59,56,60,47,36,59,50,54,55,28,48,39,60,58,55,12,12,7,6,15
261455,D. Yapi,Darren Kissy Yapi,ST,60,20,19-11-2004,39,Major League Soccer,694,Colorado Rapids,United States,1,45,57,56,53,64,30,65,68,78,59,55,60,68,51,69,17,57,42,42,18,20,19,7,11,6,14,11
81237,R. Jansonas,Romualdas Jansonas,ST,62,20,01-06-2005,308,Primeira Liga,112513,FC Arouca,Lithuania,1,37,69,65,53,55,40,56,58,59,59,59,63,71,50,72,17,60,46,48,14,18,15,7,8,9,9,13
271986,K. Fletcher,Kristian George Fletcher,"LM, LW",57,19,06-08-2005,39,Major League Soccer,688,DC United,United States,1,50,59,39,50,58,41,60,72,74,71,57,58,56,47,60,22,50,46,46,24,25,24,7,10,5,11,11
76425,T. Al Ghumail,Turki Mashour Al Ghamil,ST,54,20,02-02-2005,350,Pro League,605,Al Hilal,Saudi Arabia,1,41,54,51,50,51,39,50,75,78,70,50,54,67,53,64,27,51,47,46,29,25,23,11,9,13,8,13
192448,M. ter Stegen,Marc-André ter Stegen,GK,86,33,30-04-1992,53,La Liga,241,FC Barcelona,Germany,4,18,14,11,61,21,63,30,45,50,39,84,67,72,35,78,22,11,70,70,25,13,10,84,84,89,84,85
72167,T. Smalls,Tyger Smalls,"LW, RM, ST, LM",60,23,18-09-2001,39,Major League Soccer,114640,Charlotte FC,England,1,63,61,48,61,57,58,63,65,69,58,48,58,44,59,43,20,60,57,52,24,24,25,7,14,12,10,13
80774,G. Bakhouche,Gaëtan Bakhouche,"CB, LB",59,20,14-02-2005,16,Ligue 1,1809,Toulouse FC,France,1,42,28,57,59,44,40,40,68,66,54,56,50,63,57,58,59,32,28,50,59,65,66,12,6,6,9,5
76962,O. Johnson,Owen Edosa Uyiekpen Johnson,"ST, CAM",59,19,03-08-2005,10,Eredivisie,634,Fortuna Sittard,Netherlands,1,43,59,61,52,58,39,59,66,70,58,58,60,65,56,57,16,59,47,56,14,13,20,9,12,10,13,9
74926,E. Kouadio,Eddy Kouadio,CB,62,19,07-05-2006,31,Serie A,110374,Fiorentina,Italy,1,29,24,61,56,36,42,51,65,68,56,60,45,70,66,69,60,27,30,51,60,67,65,10,10,15,9,6
237875,R. Schlegel,Rodrigo Adrián Schlegel,CB,65,28,03-04-1997,39,Major League Soccer,112606,Orlando City SC,Argentina,1,33,27,54,50,31,36,49,50,47,34,49,48,67,65,81,61,24,31,50,67,67,67,16,14,14,17,25
265535,R. Meissen,Rick Meissen,CB,65,23,24-02-2002,10,Eredivisie,1971,Excelsior,Netherlands,1,29,30,64,60,42,48,52,42,73,34,58,41,72,55,86,64,26,30,56,64,64,60,8,9,14,9,12
77133,E. Newman,Enzo Newman,"RB, RM",56,19,08-12-2005,39,Major League Soccer,695,FC Dallas,United States,1,52,31,44,49,57,42,55,82,76,73,45,39,57,54,54,51,46,31,38,44,55,51,8,11,9,14,8
80488,J. Tielemans,Jesper Tielemans,ST,58,19,17-05-2006,10,Eredivisie,645,FC Volendam,Netherlands,1,39,58,63,53,56,41,56,61,63,56,54,64,64,52,57,15,57,49,52,21,19,18,6,8,8,9,9
276863,M. Dal,Maxim Bora Dal,CB,58,19,26-01-2006,19,Bundesliga,169,1. FSV Mainz 05,Germany,1,39,36,58,43,42,39,44,62,55,57,56,56,66,52,69,58,31,33,44,56,62,60,7,9,12,6,8
279480,N. Al Bishri,Nawaf Nasser Mohammed Al Bishri,"LM, ST, LW",54,19,02-03-2006,350,Pro League,113222,Al Hazem FC,Saudi Arabia,1,46,51,49,50,54,40,54,72,77,74,48,50,59,50,57,27,52,50,44,30,29,24,7,13,13,11,12
276425,Luís Semedo,Luís Hemir Silva Semedo,ST,58,21,11-08-2003,308,Primeira Liga,1900,Moreirense FC,Portugal,1,42,58,59,52,55,42,58,56,61,58,54,59,71,62,79,18,58,42,51,18,18,22,11,13,12,8,9
80649,R. Mandengue,Rayan Mandengue,"LM, LW",59,19,06-01-2006,16,Ligue 1,57,AJ Auxerre,Cameroon,1,53,48,41,59,59,46,63,74,78,64,45,47,59,57,67,27,54,48,49,23,26,21,9,10,13,14,9
74112,O. Sorg,Oliver Sorg,"LB, LM",58,17,31-07-2007,19,Bundesliga,100409,FC Augsburg,Austria,1,53,29,49,54,48,49,44,64,64,66,60,31,51,57,51,58,41,39,47,54,59,56,10,7,9,14,13
271235,O. Bevan,Owen Lucas Bevan,CB,62,21,26-10-2003,13,Premier League,1943,AFC Bournemouth,Wales,1,37,28,59,53,39,45,56,63,57,41,59,49,70,48,71,61,24,32,57,63,63,62,14,7,15,13,10
200159,S. Ortega,Stefan Ortega Moreno,GK,79,32,06-11-1992,13,Premier League,10,Manchester City,Germany,3,18,15,20,50,26,60,41,51,53,42,75,64,73,33,73,27,10,66,56,29,12,15,78,77,85,78,81
73881,T. Pearce,Tyson Pearce,"CDM, CM",53,17,12-08-2007,39,Major League Soccer,113018,St. Louis CITY SC,United States,1,40,34,51,57,49,50,48,69,63,54,53,52,58,56,55,45,46,48,42,55,54,52,10,9,7,6,11
77495,M. Duah,Manu Duah,CM,53,19,05-06-2006,39,Major League Soccer,131439,San Diego FC,Ghana,1,31,44,46,58,53,52,58,65,63,57,52,51,59,58,68,56,55,48,49,40,39,42,14,7,11,8,12
79044,S. Hagedoorn,Sebastiaan Hagedoorn,ST,60,20,30-11-2004,10,Eredivisie,100638,Telstar,Netherlands,1,38,61,60,53,57,38,55,76,72,68,59,60,71,55,57,16,59,51,49,13,13,14,10,9,12,7,9
74974,S. Hagawi,Saad Hussein Haqawiسعد حسين حقوي,ST,55,19,08-10-2005,350,Pro League,112139,Al Nassr,Saudi Arabia,1,36,56,49,46,54,31,50,79,79,77,48,51,67,53,67,26,54,48,41,29,25,25,12,10,14,13,14
277487,A. Darisi,Abdulkarim Mohamed Darisiعبدالكريم محمد دارسي,"RM, RW",57,22,18-04-2003,350,Pro League,605,Al Hilal,Saudi Arabia,1,53,41,42,55,59,49,55,69,66,55,54,42,59,50,72,40,56,53,42,38,39,35,13,5,9,9,14
73016,F. Mane,Filippo Calixte Mané,"CB, RB",62,20,08-03-2005,19,Bundesliga,22,Borussia Dortmund,Italy,1,21,22,61,59,51,49,56,66,69,63,61,33,70,46,69,62,32,39,51,60,63,61,13,12,13,9,14
270699,T. Al Mutairi,Turki Fahad Al Mutairi,"ST, RM",55,24,31-05-2001,350,Pro League,113222,Al Hazem FC,Saudi Arabia,1,40,53,51,45,53,32,51,83,79,76,52,52,68,60,58,25,55,39,39,28,25,24,7,14,9,15,5
81535,F. Doumbia,Fousseny Doumbia,CB,59,20,23-02-2005,19,Bundesliga,1824,Eintracht Frankfurt,Mali,1,51,23,55,60,51,55,56,55,62,45,55,48,62,56,67,57,26,39,53,58,63,61,9,14,12,10,5
80527,M. Hoekstra,Mark Hoekstra,"RM, CAM, RW",57,19,10-02-2006,10,Eredivisie,1915,FC Groningen,Netherlands,1,53,43,47,51,63,47,61,74,78,73,46,46,51,51,45,19,48,53,49,34,37,34,11,7,7,7,12
75332,Luís Gomes,Luís Maria Gomes,"CAM, CM",61,21,24-04-2004,308,Primeira Liga,10020,GD Estoril Praia,Portugal,1,40,51,38,63,68,57,69,65,64,77,62,51,35,49,32,25,43,60,55,30,33,34,8,5,15,6,10
77413,F. Meiser,Felix Meiser,CB,60,18,16-01-2007,19,Bundesliga,100409,FC Augsburg,Germany,1,36,26,62,50,49,48,54,55,43,49,54,47,65,58,64,61,38,46,46,58,65,60,7,10,5,12,13
226737,J. Palacios,Jeisson Andrés Palacios Murillo,CB,67,31,20-03-1994,39,Major League Soccer,114162,Nashville SC,Colombia,1,29,21,69,63,33,54,55,51,56,48,61,32,73,67,78,67,26,51,60,65,70,66,12,12,6,7,10
70584,N. Masoud,Nayef Khaled Rashid Mubarak Masoudنايف خالد راشد مبارك مسعود,"CDM, CM, CB",58,24,08-03-2001,350,Pro League,112390,Al Fateh,Saudi Arabia,1,45,27,48,62,42,54,51,54,59,57,60,43,54,50,61,57,34,47,47,56,62,59,5,6,12,13,7
279514,R. Beney,Roméo Beney,"RW, ST, RM",62,20,19-01-2005,308,Primeira Liga,112809,Famalicão,Switzerland,1,48,67,55,57,64,32,70,66,65,64,60,57,66,56,67,12,64,50,50,11,17,11,10,7,14,7,9
80678,M. Krug,Martín Wilhelm Krug,CB,62,18,09-07-2006,53,La Liga,1853,Levante UD,Panama,1,37,26,67,54,48,56,55,52,62,40,53,32,71,60,75,54,29,33,46,62,65,55,11,14,14,15,11
275252,S. Afrifa,Stephen Afrifa-Kodua,"LW, ST, RW, LM",59,24,19-02-2001,39,Major League Soccer,696,Sporting Kansas City,Canada,1,48,62,49,47,63,36,62,73,72,66,55,63,60,57,56,11,62,50,56,17,16,10,9,9,8,5,8
255136,T. Beason,James Tanner Beason,"CB, LB",64,28,23-03-1997,39,Major League Soccer,691,New England Revolution,United States,1,36,21,60,58,54,45,60,54,65,57,59,32,71,70,77,64,32,29,49,66,64,65,7,8,11,11,10
80581,C. Chiza,Christian Chiza,"LB, LM",59,17,18-12-2007,10,Eredivisie,1904,NAC Breda,Netherlands,1,56,25,54,42,60,28,47,68,64,52,54,28,60,56,57,53,52,40,40,54,64,64,8,8,9,7,11
268338,S. Williams,Samuel Rowan Williams,"CM, CDM, CAM",52,20,18-03-2005,39,Major League Soccer,693,Chicago Fire,United States,1,41,45,42,58,48,55,52,62,56,60,55,47,43,61,51,46,49,49,51,49,48,47,5,6,9,8,13
80766,J. Candelaria,Jayden Candelaria,"LB, CB, LM",59,21,02-03-2004,10,Eredivisie,1904,NAC Breda,Netherlands,1,43,34,51,26,58,32,36,72,69,56,59,26,62,60,58,62,46,40,40,60,64,66,11,12,5,10,10
77968,L. MacKenzie,Liam MacKenzie,"CAM, CM",55,18,15-03-2007,39,Major League Soccer,101112,Vancouver Whitecaps FC,Canada,1,38,50,44,60,52,57,59,53,69,55,50,48,45,46,56,40,53,50,50,33,43,40,7,8,7,13,13
263114,M. Elimbi,Marvin Adolphe Fabrice Elimbi Gilbert,CB,64,22,20-02-2003,308,Primeira Liga,1888,Gil Vicente FC,France,1,36,30,67,44,33,34,53,60,55,44,56,53,75,55,76,63,32,32,45,58,68,65,13,15,9,13,12
74964,B. Al Orayni,Basim Saleh Al Oraini,ST,54,21,18-01-2004,350,Pro League,112393,Al Taawoun FC,Saudi Arabia,1,33,57,43,46,55,30,50,82,72,81,48,58,56,55,52,25,54,44,47,25,26,24,6,13,15,13,11
76285,D. Versluis,Dion Versluis,ST,59,22,17-02-2003,10,Eredivisie,1904,NAC Breda,Netherlands,1,35,60,65,54,55,30,57,51,59,55,58,58,65,55,66,26,60,47,54,29,26,25,8,14,6,9,8
70539,L. Vennegoor of Hess.,Lucas Vennegoor of Hesselink,ST,61,19,14-03-2006,10,Eredivisie,1908,FC Twente,Netherlands,1,32,61,66,52,58,28,61,55,62,49,60,59,67,62,67,16,64,49,51,22,20,19,10,10,11,9,13
76453,A. Gordon,Ashton J'Kingston Gordon,"RW, ST, RM",55,18,14-04-2007,39,Major League Soccer,112885,Atlanta United,Jamaica,1,52,48,47,55,52,51,54,67,68,64,49,52,47,62,46,29,57,53,52,23,26,23,11,9,9,12,13
79030,D. Koswal,Devon Koswal,CB,63,21,21-08-2003,10,Eredivisie,100638,Telstar,Suriname,1,29,32,60,55,37,47,41,65,72,44,56,44,73,69,75,62,33,37,46,62,65,66,6,13,7,6,13
262379,M. Halliday,Michael Anthony Halliday,"RB, RM",58,22,22-01-2003,39,Major League Soccer,698,Houston Dynamo,United States,1,48,29,49,54,52,48,55,67,68,62,51,28,60,63,65,54,49,44,49,53,56,55,9,12,9,6,5
79912,I. Julian,Ikker Julian,"LB, LM",58,19,07-07-2005,308,Primeira Liga,717,Alverca,Belgium,1,51,29,46,40,59,31,59,73,72,58,58,35,56,63,54,50,46,37,42,52,57,55,9,5,10,8,7
274272,N. Cobb,Noah Cobb,"CB, RB",61,19,20-07-2005,39,Major League Soccer,694,Colorado Rapids,United States,1,29,19,58,53,38,52,39,68,73,45,57,42,67,58,64,56,32,38,52,63,69,65,12,6,10,10,12
261565,J. Bell,Jonathan Bell,"CB, LB",64,27,26-08-1997,39,Major League Soccer,111144,Seattle Sounders FC,Jamaica,1,25,24,65,52,42,43,52,71,75,48,62,33,77,67,72,61,21,28,55,65,64,63,10,14,7,8,13
78956,A. Al Sagheer,Abdullah Al Sagheer,CM,50,20,18-11-2004,350,Pro League,115892,Al-Najma SC,Saudi Arabia,1,47,33,45,53,50,53,53,57,55,57,46,43,50,56,57,47,43,51,47,45,48,43,6,7,11,8,14
71407,N. Gomis,Nicksoen Gomis,"CB, LB, LM",62,23,15-03-2002,39,Major League Soccer,111651,Toronto FC,France,1,38,24,49,51,41,44,54,60,69,50,60,36,65,58,77,62,35,38,46,62,66,65,7,11,8,11,7
80505,E. Košpo,Eman Košpo,CB,61,18,17-05-2007,31,Serie A,110374,Fiorentina,Bosnia and Herzegovina,1,29,24,61,52,33,42,51,66,67,56,59,42,70,61,68,59,29,30,48,60,66,59,13,10,8,10,14
72319,A. Røssing-Lelesiit,Alexander Røssing-Lelesiit,"LW, RM, LM",60,18,20-01-2007,19,Bundesliga,28,Hamburger SV,Norway,1,58,55,32,55,65,45,64,72,76,70,47,52,38,36,37,17,58,49,47,22,22,30,13,13,9,8,13
261605,J. Vilsaint,Jules-Anthony Vilsaint,ST,59,22,06-01-2003,39,Major League Soccer,111651,Toronto FC,Canada,1,40,59,59,48,58,34,58,62,77,58,40,70,67,39,70,23,60,47,50,20,24,22,9,12,12,7,7
75565,Ramón Martínez,Ramón Martínez Gil,CB,63,22,22-10-2002,53,La Liga,481,Sevilla FC,Spain,1,38,22,68,57,49,51,55,56,53,43,59,46,68,55,67,64,28,46,48,62,63,61,6,8,6,8,9
253079,M. Sibyani,Meshal Sibyani Ali Khairallahمشعل الصبياني,CB,61,24,11-04-2001,350,Pro League,112096,Al Ettifaq,Saudi Arabia,1,36,30,58,59,42,54,54,52,53,56,54,40,72,68,84,57,27,41,43,55,62,59,8,14,9,14,7
266717,L. MacNaughton,Lukas MacNaughton,CB,62,30,08-03-1995,39,Major League Soccer,688,DC United,Canada,1,20,26,65,53,50,53,50,50,68,35,63,46,69,65,73,64,33,33,52,62,62,55,8,6,14,14,12
74242,Z. Abbott,Zach MacFarlane Abbott,CB,60,19,13-05-2006,13,Premier League,14,Nottingham Forest,England,1,31,29,58,59,40,55,56,57,58,53,55,44,62,57,61,58,29,46,58,59,62,61,12,6,11,13,13
207716,A. Al Hafith,Abdullah Fareed Al Hafithعبد الله فريد الحافظ,CB,62,32,25-12-1992,350,Pro League,112883,Al Khaleej,Saudi Arabia,1,36,34,64,62,35,60,51,31,32,52,55,37,65,69,78,62,30,42,55,64,60,59,16,12,8,11,7
232332,S. Ibeagha,Sebastien Uchechukwu Ibeagha,CB,66,33,21-01-1992,39,Major League Soccer,695,FC Dallas,United States,1,30,22,63,65,46,55,44,66,66,31,64,39,79,60,84,55,20,32,55,68,65,66,12,6,6,15,11
266424,Z. Johnson,Zak Robert Johnson,CB,57,20,30-07-2004,13,Premier League,106,Sunderland,England,1,45,25,59,46,46,29,51,66,55,71,52,29,68,60,70,55,43,36,38,54,58,53,14,11,14,8,12
261639,C. Ofori,Curtis Ofori,"LB, LM",56,19,20-11-2005,39,Major League Soccer,689,New York Red Bulls,United States,1,51,24,38,44,51,31,43,87,86,86,41,31,56,73,51,44,50,40,42,43,52,56,6,6,11,12,6
73854,M. Duggan,Morris Duggan,CB,61,24,24-10-2000,39,Major League Soccer,111138,Minnesota United FC,Germany,1,34,28,60,59,32,54,48,58,61,48,49,42,73,59,79,51,29,38,46,59,66,64,10,13,8,14,7
263813,Luan Patrick,Luan Patrick Wiedthauper,CB,65,23,20-01-2002,308,Primeira Liga,718,Estrela da Amadora,Brazil,1,37,29,61,55,33,38,55,53,60,43,67,46,60,52,55,69,30,30,55,68,69,72,8,12,5,10,14
277700,G. van Zwam,Giovanni van Zwam,CB,62,21,02-01-2004,10,Eredivisie,100632,Go Ahead Eagles,Netherlands,1,26,24,60,56,41,54,51,52,63,44,58,58,68,60,72,60,31,29,56,60,62,65,12,14,8,9,11
245493,M. Al Qaydhi,Mohanad Al Qaydhi,"LB, CB, LM",60,27,26-06-1998,350,Pro League,113060,Al Akhdoud Saudi Club,Saudi Arabia,1,45,20,56,55,40,44,54,66,53,53,56,35,71,68,75,55,34,40,46,59,60,63,10,11,14,7,11
259358,A. Al Nashri,Awad Haidar Al Nashri,"CDM, CM",59,23,15-03-2002,350,Pro League,607,Al Ittihad,Saudi Arabia,1,37,25,46,57,46,54,51,49,52,54,53,43,53,66,65,58,38,44,43,59,62,57,9,7,6,8,10
259378,A. Al Shanqeeti,Abdullah Al Shanqitiعبدالله الشنقيطي,"CB, RB",56,26,22-12-1998,350,Pro League,113222,Al Hazem FC,Saudi Arabia,1,39,26,52,47,46,41,43,54,67,67,50,44,72,67,73,55,26,32,43,51,54,54,11,10,8,14,13
276820,M. Moreno,Matías Agustín Moreno,CB,65,21,24-09-2003,53,La Liga,1853,Levante UD,Argentina,1,29,20,71,40,30,37,49,54,53,59,58,45,75,58,74,67,32,34,48,67,71,67,14,9,12,6,7
221087,Pau López,Pau López Sabata,GK,79,30,13-12-1994,53,La Liga,449,Real Betis Balompié,Spain,2,24,19,15,63,18,55,43,45,52,40,76,59,60,42,52,16,20,69,62,19,20,11,77,77,78,79,79
72691,Francisco Gonçalves,Francisco Adriano Baptista Gonçalves,CB,61,21,05-03-2004,308,Primeira Liga,1891,CD Nacional,Portugal,1,33,33,60,44,47,37,52,55,55,41,63,42,74,63,82,57,29,30,48,59,62,59,8,11,13,12,8
278057,B. Meupiyou,Ndemeni Bastien Chefren Meupiyou Menadjou,CB,61,19,19-03-2006,308,Primeira Liga,717,Alverca,France,1,40,28,63,45,37,48,49,61,56,43,56,42,69,56,70,62,43,43,54,64,65,63,13,7,5,9,8
279203,O. Ogbemudia,Oluwaseun God Power Osaro Ogbemudia,CB,59,18,18-07-2006,19,Bundesliga,1831,1. FC Union Berlin,Germany,1,34,30,60,48,38,40,41,61,65,55,55,47,68,54,69,60,33,39,50,55,63,60,9,6,13,15,12
77499,M. Joyner,Mykhi Joyner,"LM, LW",55,18,30-08-2006,39,Major League Soccer,113018,St. Louis CITY SC,United States,1,54,53,39,54,54,48,53,66,74,64,41,54,41,51,46,26,51,48,50,30,29,28,9,14,8,9,12
230872,M. Svilar,Mile SvilarМиле Свилар,GK,82,25,27-08-1999,31,Serie A,52,Roma,Serbia,3,18,14,22,42,26,42,28,60,55,66,79,58,72,32,61,13,9,53,48,12,24,19,80,80,77,82,85
199005,M. Ryan,Mathew David Ryan,GK,78,33,08-04-1992,53,La Liga,1853,Levante UD,Australia,2,25,15,12,48,18,48,32,52,52,55,75,60,74,35,64,20,15,68,64,16,21,22,76,78,80,77,79
70824,G. Leoni,Giovanni Leoni,CB,69,18,21-12-2006,13,Premier League,9,Liverpool,Italy,1,22,25,67,61,45,45,60,51,54,48,65,40,67,65,70,70,25,34,65,72,72,70,10,9,14,6,14
79493,D. Sinaté,Dan Sinaté,"LB, LM",57,19,09-06-2006,16,Ligue 1,1530,Angers SCO,Mali,1,58,29,54,33,66,32,42,65,61,56,59,33,52,56,49,53,51,36,45,49,60,64,6,15,7,12,7
72379,G. Minoungou,Georgi Minoungou,"RM, RW, LW",62,22,25-07-2002,39,Major League Soccer,111144,Seattle Sounders FC,Côte d'Ivoire,1,55,41,30,44,76,43,70,88,88,71,51,50,52,56,46,20,50,52,48,24,22,14,8,11,7,8,7
78953,F. Al Mutairi,Faisal Al Mutairi,"RW, RM",56,29,22-05-1996,350,Pro League,115892,Al-Najma SC,Saudi Arabia,1,51,52,41,55,62,54,57,64,56,53,53,48,37,42,44,36,53,58,55,30,30,20,8,8,11,14,14
261109,S. Hazazi,Sulaiman Yahya Salman Qarsh Hazaziسليمان يحيى هزازي,"LB, LM",55,22,01-02-2003,350,Pro League,113037,Al Riyadh,Saudi Arabia,1,50,25,40,52,50,40,47,79,87,57,42,45,65,64,72,48,47,34,37,43,54,47,12,6,6,10,10
81239,A. Bah,Aboubacar Bah,CM,52,19,30-09-2005,350,Pro League,113222,Al Hazem FC,Guinea,1,46,26,38,54,56,55,55,53,61,66,55,53,31,63,44,45,45,50,47,41,38,39,12,7,14,11,12
274533,D. Munie,Daniel Munie,CB,61,25,10-02-2000,39,Major League Soccer,111928,San Jose Earthquakes,United States,1,60,20,47,52,39,48,48,66,66,50,57,31,64,68,72,60,23,30,53,68,69,64,10,5,15,11,14
76135,R. Bouw,Robin Bouw,"LB, CB, LM",58,19,24-04-2006,10,Eredivisie,1913,SC Heerenveen,Netherlands,1,45,33,49,43,61,32,44,67,53,52,51,36,52,62,51,57,46,36,42,53,61,68,7,6,13,14,11
70015,N. Wasbauer,Nicolas Wasbauer,CB,62,20,04-07-2004,16,Ligue 1,1809,Toulouse FC,France,1,26,27,60,62,46,54,55,55,57,53,57,36,66,62,69,58,29,37,60,60,65,63,13,14,14,9,8
80536,Rafael Venâncio,Rafael Correia Venâncio,CB,61,19,18-03-2006,308,Primeira Liga,112809,Famalicão,Brazil,1,39,29,59,42,32,38,48,58,63,52,60,51,63,57,62,62,32,30,52,61,68,62,6,14,9,13,6
263572,N. Nadje,Guédé Noah Nadje,ST,59,21,12-11-2003,16,Ligue 1,1530,Angers SCO,France,1,38,63,61,53,61,40,59,51,56,53,56,60,60,37,58,19,63,51,51,23,21,23,15,13,6,7,5
270490,M. Abo Abd,Mohammed Ali Abdullah Abu Abd,"CAM, RM, CM",55,23,26-12-2001,350,Pro League,113060,Al Akhdoud Saudi Club,Saudi Arabia,1,53,49,36,55,56,53,56,66,65,72,52,48,36,34,44,32,54,53,55,31,33,30,7,7,9,6,14
77486,H. Miller,Harbor Tarczynski-Miller,"RB, RM",57,18,21-06-2007,39,Major League Soccer,697,LA Galaxy,United States,1,52,38,48,62,47,60,54,69,67,55,50,28,45,53,44,50,48,38,40,50,57,55,11,6,13,6,10
77463,C. Applewhite,Christopher Applewhite,CB,58,17,23-08-2007,39,Major League Soccer,114162,Nashville SC,United States,1,37,29,53,58,32,41,54,63,64,59,52,40,63,59,69,57,31,41,44,61,58,53,12,11,10,9,8
220061,N. Gyömbér,Norbert Gyömbér,CB,69,32,03-07-1992,350,Pro League,131735,Al Kholood,Slovakia,1,34,24,75,57,46,53,55,34,40,32,63,56,72,59,77,70,20,32,65,67,75,70,9,8,9,14,11
278688,O. Makhanya,Olwethu Makhanya,CB,57,21,30-04-2004,39,Major League Soccer,112134,Philadelphia Union,South Africa,1,36,30,55,53,38,50,49,78,70,32,50,41,74,59,69,49,28,26,52,54,62,59,6,9,12,12,14
76536,N. Telle,Neo Joshua Telle,CB,61,20,24-04-2005,19,Bundesliga,31,1. FC Köln,Germany,1,39,23,62,55,47,45,55,64,59,53,55,35,69,54,66,61,30,32,60,58,65,64,14,8,14,5,9
80650,R. Rodin,Ryan Rodin,ST,59,19,02-03-2006,16,Ligue 1,57,AJ Auxerre,France,1,32,53,58,52,66,36,63,67,74,58,47,65,72,51,75,17,55,48,52,14,19,12,14,10,11,11,10
74690,R. Al Abdullah,Redha Adnan Al Abdullah,ST,55,20,20-02-2005,350,Pro League,112096,Al Ettifaq,Saudi Arabia,1,29,51,65,40,47,29,50,65,71,71,51,56,74,56,71,27,51,39,44,28,27,26,6,9,9,10,6
274208,I. Kostis,Ilias KostisΗλίας Κωστής,"CB, LB",68,22,27-02-2003,53,La Liga,240,Atlético Madrid,Greece,1,42,15,68,59,46,53,61,53,54,35,66,31,73,51,79,68,29,28,60,66,69,65,11,8,12,12,5
70444,M. Jones,Malachi Jones,"LW, ST, LM",57,21,23-09-2003,39,Major League Soccer,112828,New York City FC,Sierra Leone,1,51,57,40,50,63,48,60,76,77,71,41,60,52,39,51,26,48,47,51,22,27,26,8,9,7,8,8
78452,D. D'Avilla,Tah Ange Innocent D'Avilla Djé,"CDM, CM",54,22,05-05-2003,39,Major League Soccer,693,Chicago Fire,Côte d'Ivoire,1,33,38,55,59,47,55,48,64,52,57,50,48,69,55,72,52,34,39,49,42,54,52,9,7,7,8,7
275108,W. Bogacz,Wiktor Bogacz,ST,56,20,14-07-2004,39,Major League Soccer,689,New York Red Bulls,Poland,1,33,60,65,43,52,36,54,55,55,50,45,60,68,63,70,28,54,44,43,24,30,23,5,11,11,13,6
261357,A. Radif,Abdullah Hadi Jaber Radifعبدالله رديف,"ST, RW",61,22,20-01-2003,350,Pro League,605,Al Hilal,Saudi Arabia,1,29,63,59,53,50,29,55,77,89,68,58,59,74,66,68,20,61,34,42,19,15,13,11,9,15,15,6
261874,J. Bauer,Josh Bauer,CB,63,26,22-07-1998,39,Major League Soccer,114162,Nashville SC,United States,1,42,17,52,61,45,54,50,58,53,44,59,41,68,62,79,61,31,31,57,62,66,62,13,13,9,9,12
75058,K. Henry,Kobi Joseph Henry,CB,60,21,26-04-2004,39,Major League Soccer,111065,Real Salt Lake,United States,1,31,33,58,60,35,51,59,54,65,48,45,39,62,61,66,56,37,39,45,60,63,60,15,8,11,7,7
263766,O. Al Othman,Othman Al Othmanعثمان العثمان,"RM, CAM, LM, RB",59,22,15-04-2003,350,Pro League,112390,Al Fateh,Saudi Arabia,1,53,48,24,54,55,46,55,86,80,81,56,47,50,63,32,20,53,53,50,19,16,18,8,12,9,11,13
74948,H. Al Asmari,Hassan Ali Abdo Al Khadda Al Asmariحسن علي عبده الأسمري,"RB, CB, RM",55,22,06-10-2002,350,Pro League,131735,Al Kholood,Saudi Arabia,1,43,31,46,52,48,55,45,64,69,61,49,29,58,64,65,52,40,40,40,52,55,52,8,10,6,6,10
256499,R. Voloder,Robert Voloder,"CB, LB",61,24,09-05-2001,39,Major League Soccer,696,Sporting Kansas City,Germany,1,30,23,56,53,48,49,50,63,69,56,54,40,66,59,69,61,20,33,51,62,64,64,12,10,8,14,15
78887,S. Al Mutairi,Saad Al Mutairi,"LB, LM",53,18,06-12-2006,350,Pro League,605,Al Hilal,Saudi Arabia,1,48,29,42,51,51,47,50,70,75,69,46,32,51,49,58,49,48,42,42,44,47,51,11,9,14,7,6
77969,C. Ruvalcaba,Cesar Ruvalcaba Perez,CB,56,23,13-07-2001,39,Major League Soccer,687,Columbus Crew,United States,1,40,28,49,54,39,43,57,63,61,53,52,48,66,58,77,48,35,34,46,55,58,52,14,11,10,12,7
80386,Rodrigo Mendes,Rodrigo Miguel Azevedo Mendes,CB,61,20,02-04-2005,308,Primeira Liga,1438,Santa Clara,Portugal,1,26,29,55,53,55,33,58,63,61,43,53,41,74,63,81,51,24,30,41,63,64,63,7,6,9,15,10
256039,J. Pérez,Jonathan Alexánder Pérez Lara,"RM, RW",56,22,18-01-2003,39,Major League Soccer,114162,Nashville SC,Mexico,1,55,51,35,50,60,42,52,75,71,84,48,54,37,56,31,20,48,51,47,26,27,25,13,8,12,12,9
271147,B. van Duijl,Billy van Duijl,"CB, CDM",62,19,04-10-2005,10,Eredivisie,1906,AZ Alkmaar,Netherlands,1,40,29,56,58,36,54,56,39,39,54,56,48,66,42,67,64,24,42,63,58,64,66,6,10,11,12,14
76121,E. Plicco,Elia Plicco,"CM, CAM",53,18,01-02-2007,31,Serie A,50,Parma,Italy,1,39,45,38,56,56,56,56,59,65,61,56,51,33,45,42,48,51,56,48,38,48,40,9,7,9,7,8
75759,A. Al Khathami,Abdulmajeed Al Khathami,ST,52,20,21-03-2005,350,Pro League,112883,Al Khaleej,Saudi Arabia,1,39,52,52,47,50,35,50,71,66,69,47,50,66,49,64,32,51,45,43,35,35,30,9,7,5,13,9
80168,J. Harrison,Jordan Harrison,CM,49,22,09-09-2002,350,Pro League,112390,Al Fateh,Australia,1,40,35,46,57,48,52,46,60,66,54,48,51,54,62,60,45,52,43,42,40,38,42,8,8,8,13,13
77636,K. Coulibaly,Abdoul Karim Coulibaly,"CB, CDM",60,18,23-05-2007,19,Bundesliga,38,SV Werder Bremen,Germany,1,32,30,59,55,35,44,43,61,65,62,60,41,65,53,65,61,30,30,52,56,65,62,15,10,13,6,7
80020,M. N'Diaye,Mouhamed N'Diaye,CB,60,19,16-07-2005,308,Primeira Liga,717,Alverca,Senegal,1,30,24,52,53,34,44,55,61,63,56,54,48,61,59,64,59,26,32,47,56,69,63,6,7,9,6,11
177683,Y. Sommer,Yann Sommer,GK,87,36,17-12-1988,31,Serie A,44,Inter,Switzerland,4,13,13,10,46,22,38,30,48,54,57,83,64,68,45,68,21,15,64,54,9,20,14,83,82,85,87,89
200389,J. Oblak,Jan Oblak,GK,88,32,07-01-1993,53,La Liga,240,Atlético Madrid,Slovenia,4,13,11,15,43,12,40,30,42,53,64,85,59,72,42,78,24,11,67,68,27,14,18,85,90,78,86,87
235514,S. Al Rubaie,Saeed Awadh Al Rubaie Al Yamiسعيد الربيعي,CB,64,31,04-06-1994,350,Pro League,113060,Al Akhdoud Saudi Club,Saudi Arabia,1,29,20,68,61,26,57,59,51,71,50,54,34,75,71,83,62,27,29,48,58,65,60,9,6,8,9,8
70966,Jacobo Ramón,Jacobo Ramón Naveros,CB,64,20,05-01-2005,31,Serie A,1745,Como,Spain,1,25,15,72,64,39,55,54,57,57,55,62,38,73,62,66,63,24,32,60,63,66,64,10,10,6,13,13
78965,F. Al Taleb,Fahad Al Taleb,"CAM, CM",52,21,29-08-2003,350,Pro League,112139,Al Nassr,Saudi Arabia,1,46,47,47,53,53,51,53,54,66,51,48,50,42,43,48,35,50,52,51,39,37,33,15,12,7,14,12
275338,C. Baker,Cody William Baker,"RB, LB, RM",57,21,04-01-2004,39,Major League Soccer,111144,Seattle Sounders FC,United States,1,49,21,44,38,52,30,51,70,69,69,55,26,48,64,51,53,44,39,46,55,59,57,6,11,13,10,10
80525,G. Cairo,Giuliano Cairo,CB,58,19,18-03-2006,10,Eredivisie,1971,Excelsior,Netherlands,1,28,29,56,52,44,44,40,68,63,50,52,37,65,58,60,59,33,33,52,54,66,63,8,14,13,9,13
259103,F. Al Harbi,Fahad Mohammed Al Harbiفهد الحربي,CB,61,28,25-02-1997,350,Pro League,131798,NEOM SC,Saudi Arabia,1,32,22,61,53,41,47,44,61,72,48,52,41,77,60,82,59,29,35,46,57,57,60,9,10,9,7,13
269433,H. Al Dubais,Hisham Al Dubaisهشام حسين آل دبيس,ST,57,23,26-09-2001,350,Pro League,115892,Al-Najma SC,Saudi Arabia,1,39,59,56,48,54,44,55,68,69,58,56,56,63,60,58,20,54,42,49,17,19,16,7,12,10,5,14
73594,H. Al Khorayef,Hamad Al Khorayefحمد الخريّف,ST,53,19,25-11-2005,350,Pro League,111674,Al Shabab,Saudi Arabia,1,39,54,51,52,52,34,55,56,53,64,46,53,63,49,71,31,51,51,53,29,28,23,13,14,11,12,14
260143,Z. Monlouis,Zane Monlouis,CB,60,21,16-10-2003,39,Major League Soccer,111651,Toronto FC,Jamaica,1,35,26,54,53,50,43,40,53,64,56,56,48,60,61,70,60,24,39,49,60,62,61,7,5,10,11,5
278227,T. Haji,Talal Abubakr Abdullah Hajiطلال أبوبكر حاجي,ST,58,17,16-09-2007,350,Pro League,113037,Al Riyadh,Saudi Arabia,1,39,62,61,50,52,39,52,53,57,58,53,60,66,56,70,12,61,50,49,13,13,14,7,10,8,11,9
215823,D. Župarić,Dario Župarić,CB,65,33,03-05-1992,39,Major League Soccer,111140,Portland Timbers,Croatia,1,24,20,69,59,50,59,54,42,41,48,63,33,72,63,82,63,28,43,57,64,64,62,12,12,14,12,11
279591,S. Al Sharfa,Saad Fahad Al Sharfa,ST,58,20,23-10-2004,350,Pro League,112390,Al Fateh,Saudi Arabia,1,32,61,53,46,55,39,56,66,74,70,56,55,59,59,59,13,60,45,48,19,10,12,5,9,14,11,8
205211,M. Borjan,Milan BorjanMилaн Бopjaн,GK,78,37,23-10-1987,350,Pro League,113037,Al Riyadh,Canada,1,15,15,24,38,28,48,23,49,42,42,74,57,77,42,81,24,14,57,60,21,23,21,72,78,76,82,76
233934,A. Ramsdale,Aaron Christopher Ramsdale,GK,77,27,14-05-1998,13,Premier League,13,Newcastle United,England,3,15,14,15,56,23,55,36,47,50,53,73,60,66,40,64,24,18,65,60,24,16,15,77,76,80,74,79
253207,A. Al Qahtani,Abdullah Ibrahem Saad Al Mahdi Al Qahtaniعبدالله إبراهيم القحطاني,"LM, RM, ST, LW",56,26,31-01-1999,350,Pro League,113217,Damac FC,Saudi Arabia,1,49,51,35,54,57,49,59,70,69,74,48,50,51,58,60,23,50,48,48,26,27,20,9,10,6,12,12
278346,Mateus Lusuardi,Mateus Henrique Vanzelli Lusuardi,CB,65,21,08-01-2004,31,Serie A,110738,Pisa,Brazil,1,32,20,66,61,47,50,61,51,52,32,61,41,66,52,67,63,22,31,46,65,67,65,12,11,15,12,13
74884,S. Diop,Serigne Saliou Diop,ST,57,20,12-05-2005,16,Ligue 1,378,Stade Brestois 29,Senegal,1,39,59,51,41,62,22,61,59,61,61,39,63,60,34,65,21,56,41,53,22,21,17,15,14,14,11,10
223885,A. Nübel,Alexander Nübel,GK,81,28,30-09-1996,19,Bundesliga,36,VfB Stuttgart,Germany,2,15,18,13,55,26,48,41,49,46,34,81,63,71,39,74,20,10,65,69,23,14,13,81,76,84,78,82
273553,G. Segal,Gabriel North Segal,ST,57,24,17-05-2001,39,Major League Soccer,698,Houston Dynamo,United States,1,27,63,53,48,53,40,53,63,54,57,55,64,61,51,61,21,60,40,44,34,29,19,8,14,7,6,12
271255,A. Al Abdrabalnabi,Ali Abdulraouf Al Abdelnabi,"LM, CAM, LW",52,21,31-01-2004,350,Pro League,112883,Al Khaleej,Saudi Arabia,1,45,33,42,57,47,47,48,62,66,56,49,52,34,60,40,39,52,49,38,39,43,44,7,9,13,6,14
267960,Andrés Castrín,Andrés López Gallo,CB,60,22,01-01-2003,53,La Liga,481,Sevilla FC,Spain,1,30,23,65,48,36,36,45,53,51,41,56,46,61,60,56,60,33,36,43,56,72,65,6,15,14,14,11
75144,F. Al Abdulwahed,Faisal Al Abdulwahed,ST,52,20,29-12-2004,350,Pro League,112390,Al Fateh,Saudi Arabia,1,37,52,51,46,50,33,50,70,70,66,46,51,62,49,61,29,53,42,44,30,28,25,11,7,8,11,10
269199,L. Antonetti,Leandro Antonetti López,"ST, LW",60,22,13-01-2003,308,Primeira Liga,718,Estrela da Amadora,Puerto Rico,1,41,62,66,54,62,37,63,45,48,55,59,66,47,50,40,20,63,51,52,17,23,16,11,10,7,6,8
74335,D. van Reeuwijk,Daan van Reeuwijk,CB,57,18,09-05-2007,10,Eredivisie,1904,NAC Breda,Netherlands,1,30,31,54,49,44,44,50,59,61,55,54,47,60,56,64,60,29,43,49,59,60,57,6,12,5,11,6
80535,A. Al Asbahi,Abdulaziz Al Asbahi,CM,49,20,01-06-2005,350,Pro League,113037,Al Riyadh,Yemen,1,36,38,48,56,46,49,51,59,60,56,48,55,43,56,47,49,53,46,42,38,36,45,13,15,9,8,6
80024,Paulo Vitor,Paulo Vitor Sousa Lima,CB,65,23,19-07-2001,308,Primeira Liga,131463,AVS Futebol SAD,Brazil,1,29,22,64,48,30,32,56,55,58,47,57,44,67,60,68,61,27,32,46,64,73,71,12,7,7,12,7
275128,A. Al Julaydan,Ahmed Yousef Ahmed Al Julaydanأحمد يوسف الجليدان,"RB, RM",57,21,08-03-2004,350,Pro League,607,Al Ittihad,Saudi Arabia,1,52,30,43,52,50,53,55,68,62,66,52,38,63,67,60,55,40,52,45,45,55,52,9,7,7,7,13
80577,O. Israelov,Or Israelov,CB,61,20,02-09-2004,308,Primeira Liga,10020,GD Estoril Praia,Israel,1,38,26,59,52,43,41,55,58,59,42,57,36,64,59,65,63,32,32,42,62,64,60,11,10,7,12,11
266805,L. Bartlett,Lucas Allen Bartlett,CB,67,27,26-07-1997,39,Major League Soccer,688,DC United,United States,1,20,22,69,56,35,46,50,53,52,36,70,39,85,66,85,62,21,31,49,67,67,61,8,15,11,11,8
279619,A. Urzua,Alejandro Urzua,CM,52,19,03-04-2006,39,Major League Soccer,695,FC Dallas,United States,1,31,34,46,61,43,61,50,61,63,55,53,48,48,61,50,50,48,49,43,50,43,48,13,10,10,13,12
70045,J. Murrell,Jacob Murrell,ST,60,21,28-03-2004,39,Major League Soccer,688,DC United,United States,1,32,64,65,50,58,38,63,50,54,47,53,60,66,61,70,20,61,49,48,17,22,21,9,11,7,9,8
74620,Exon Arzú,Exon Saturnino Arzú Suazo,"ST, RW, RM",56,21,19-05-2004,39,Major League Soccer,698,Houston Dynamo,Honduras,1,34,60,43,47,62,41,55,75,70,79,52,53,61,34,70,18,50,51,50,19,17,16,13,10,13,7,10
79141,Ni Rodrigues,Gabriel Miranda Rodrigues,CB,62,22,01-03-2003,308,Primeira Liga,718,Estrela da Amadora,Portugal,1,32,21,58,46,29,44,35,68,64,46,66,48,66,63,63,68,22,31,53,64,66,64,13,10,9,13,6
245574,A. Al Dakheel,Abdurahman Al Dakheel,CB,59,29,26-05-1996,350,Pro League,113222,Al Hazem FC,Saudi Arabia,1,31,25,58,53,45,50,45,52,53,61,54,32,66,67,74,58,31,42,45,58,57,59,5,10,11,14,14
253015,M. Al Shanqeeti,Mohammed Ali Al Shanqitiمحمد الشنقيطي,"LB, LM",57,26,15-05-1999,350,Pro League,112391,Al Qadsiah FC,Saudi Arabia,1,50,29,46,52,47,38,53,68,65,62,51,27,54,58,55,54,45,35,45,53,56,54,15,11,5,13,8
80585,A. Benzzine,Abdelraffie Benzzine,CB,58,19,04-04-2006,10,Eredivisie,100638,Telstar,Netherlands,1,31,28,57,44,35,39,45,64,64,49,52,46,65,61,65,53,29,32,41,56,65,63,12,14,14,9,10
278229,D. Bohdanov,Dmytro BogdanovБогданов Дмитро Володимирович,ST,58,18,06-03-2007,19,Bundesliga,1831,1. FC Union Berlin,Ukraine,1,30,63,45,49,52,34,60,63,70,63,53,60,57,53,63,19,59,54,54,15,23,15,7,15,6,13,13
275499,M. Al Dawsari,Muhammad Dakhil Allah Al Dawsariمحمد دخيل الله الدوسري,CB,54,22,31-03-2003,350,Pro League,131798,NEOM SC,Saudi Arabia,1,31,34,45,50,43,45,40,65,62,60,52,40,67,57,65,54,39,36,48,52,54,53,12,8,6,12,7
231987,T. Washington,Taylor Washington,"LB, LM",62,31,16-08-1993,39,Major League Soccer,114162,Nashville SC,United States,1,60,22,54,55,40,31,52,70,70,48,62,32,64,54,62,61,27,25,52,62,61,60,10,11,12,12,14
75422,A. Moussaoui,Amine Moussaoui,"CAM, CM",57,18,28-12-2006,16,Ligue 1,1530,Angers SCO,France,1,38,59,47,59,64,53,58,61,58,66,53,61,46,52,48,19,47,55,53,15,13,15,12,10,10,15,14
228624,M. Khubrani,Mohammed Abdoh Al Khabraniمحمد الخبراني,CB,66,31,14-10-1993,350,Pro League,112883,Al Khaleej,Saudi Arabia,1,28,24,64,51,34,54,52,44,47,45,60,31,68,75,76,69,25,32,50,67,70,65,9,9,11,12,13
193105,A. Areola,Alphonse Francis Aréola,GK,77,32,27-02-1993,13,Premier League,19,West Ham United,France,3,20,19,14,48,15,55,22,56,54,58,74,56,75,38,79,23,17,59,64,13,18,12,78,75,74,76,78
78714,O. De Rosario,Osaze Tafari De Rosario,ST,58,23,19-07-2001,39,Major League Soccer,111144,Seattle Sounders FC,Guyana,1,35,66,58,43,42,38,59,53,55,52,56,65,62,58,66,23,60,50,49,24,19,18,11,7,12,9,12
234605,N. Al Shwaier,Nawaf Al Shuwaierنواف حمود الشويعر,"LM, LW",54,33,25-07-1991,350,Pro League,131735,Al Kholood,Saudi Arabia,1,58,41,34,56,53,52,56,63,63,55,53,48,46,38,57,40,45,50,55,54,36,33,13,5,8,9,15
75389,A. Al Marwani,Abdulmalik Ghazzai Al Hamidi Al Marwani Al Harbiعبدالملك الحربي,"LM, RM, LW",51,20,06-05-2005,350,Pro League,112393,Al Taawoun FC,Saudi Arabia,1,48,40,32,47,51,44,49,73,66,70,46,44,42,49,46,32,43,47,44,35,34,29,6,8,12,8,12
80503,R. Kelder,Robin Kelder,"CB, CDM",57,20,25-03-2005,10,Eredivisie,1915,FC Groningen,Netherlands,1,31,25,51,52,42,49,48,60,64,55,50,40,59,64,60,60,25,42,50,58,61,59,11,11,7,11,9
273897,M. Harboush,Mohammed Essa Harbush,"RB, LB, RM",57,22,24-04-2003,350,Pro League,111674,Al Shabab,Saudi Arabia,1,52,29,44,49,52,36,53,76,78,70,53,23,52,60,34,50,45,40,39,52,51,49,12,12,9,12,6
80580,J. Erat,Jemuel Erat,"CB, LB, LM",57,17,02-09-2007,10,Eredivisie,1904,NAC Breda,Netherlands,1,28,22,55,53,34,35,58,70,64,51,54,39,68,63,69,51,34,37,51,51,55,59,6,13,7,9,13
79305,A. Chernev,Atanas Chernev,CB,64,23,25-03-2002,308,Primeira Liga,718,Estrela da Amadora,Bulgaria,1,25,26,61,41,29,40,32,63,55,41,56,45,75,58,78,62,22,32,45,65,71,65,11,9,11,14,13
79490,R. Al Mutairi,Rayan Al Mutairi,"RW, LW, RM",55,24,24-12-2000,350,Pro League,113057,Al Fayha,Saudi Arabia,1,46,57,38,44,61,37,55,69,73,62,41,71,41,52,45,19,49,49,41,23,26,25,9,14,8,8,10
79494,A. Al Jaber,Abdulmalik Al Jaber,CM,48,21,07-01-2004,350,Pro League,112139,Al Nassr,Saudi Arabia,1,36,28,44,56,48,49,43,62,62,59,49,53,48,63,58,43,50,48,38,34,42,43,10,8,13,7,15
254800,N. Al Rashidi,Noor Obaid Suroor Al Arari Al Rashidiنور الرشيدي,"CB, RB",58,30,12-03-1995,350,Pro League,113217,Damac FC,Saudi Arabia,1,33,20,54,55,40,45,50,63,57,56,56,37,76,60,72,57,23,41,46,57,59,58,13,12,7,12,11
232675,M. Al Mufarrij,Muteb Abdullah Al Mufarrijمتعب المفرج,"CB, LB",62,28,18-08-1996,350,Pro League,112393,Al Taawoun FC,Saudi Arabia,1,29,25,62,60,44,50,54,65,58,60,53,34,73,33,72,58,27,38,57,61,61,61,12,8,5,14,14
277474,F. Al Sibyani,Faisal Ismail S. Al Subiani,"CDM, CM",54,21,07-07-2003,350,Pro League,111674,Al Shabab,Saudi Arabia,1,40,22,48,55,49,52,55,60,59,56,52,38,49,36,51,54,35,43,44,53,56,53,12,13,15,15,8
80647,E. Legros,Elikya Legros,CB,59,17,06-06-2008,16,Ligue 1,57,AJ Auxerre,France,1,36,24,56,59,42,38,58,64,62,53,52,36,64,58,61,56,27,29,45,58,62,60,12,7,14,8,9
228383,K. Grabara,Kamil Mieczysław Grabara,GK,79,26,08-01-1999,19,Bundesliga,175,VfL Wolfsburg,Poland,1,18,15,24,48,20,49,35,42,42,45,66,55,70,38,71,23,16,57,56,25,19,18,80,76,73,78,84
261673,S. Esajas,Silvinho Esajas,CB,61,22,08-07-2002,10,Eredivisie,645,FC Volendam,Suriname,1,26,26,55,48,37,35,39,55,58,44,64,48,62,66,66,64,25,29,48,65,65,63,10,9,14,13,7
75316,S. Doucouré,Sékou Doucouré,CB,63,20,26-04-2005,16,Ligue 1,71,FC Nantes,France,1,31,21,67,58,41,48,57,50,68,48,57,34,65,59,64,61,21,29,48,59,69,64,9,11,14,13,10
77389,M. Al Oufi,Meshari Hamoud Al Oufiمشاري العوفي,"RW, RM",50,19,13-08-2005,350,Pro League,131735,Al Kholood,Saudi Arabia,1,38,50,44,40,51,39,56,54,60,60,45,62,45,50,59,17,51,55,46,24,28,26,13,7,12,13,10
77464,C. Guske,Colin Guske,"CDM, CM",54,18,29-01-2007,39,Major League Soccer,112606,Orlando City SC,United States,1,35,33,48,55,42,50,55,57,59,50,55,48,48,55,54,53,35,44,35,51,51,50,7,12,6,6,7
230621,G. Donnarumma,Gianluigi Donnarumma,GK,89,26,25-02-1999,13,Premier League,10,Manchester City,Italy,4,12,12,12,36,28,34,30,50,55,57,87,53,73,41,75,26,14,60,54,21,14,16,90,83,70,87,90
80695,S. Koumbassa,Seny Koumbassa,CB,61,18,20-06-2007,16,Ligue 1,1809,Toulouse FC,France,1,26,25,69,54,30,48,41,53,61,46,53,48,70,58,71,58,29,32,58,55,68,57,12,15,9,11,5
235840,M. Di Gregorio,Michele Di Gregorio,GK,81,27,27-07-1997,31,Serie A,45,Juventus,Italy,3,13,9,11,50,30,50,35,55,57,55,69,59,69,36,68,15,9,65,56,21,16,12,82,78,79,83,85
278133,S. Tombakti,Sattam Tombakti,"CDM, CM",50,23,04-09-2001,350,Pro League,112390,Al Fateh,Saudi Arabia,1,40,32,47,57,49,47,48,70,67,56,54,42,50,49,50,49,36,44,43,40,48,47,7,6,10,15,10
80810,J. Mbambi,Jeremy Kandje Mbambi,CB,53,17,04-05-2008,31,Serie A,110738,Pisa,Belgium,1,54,21,50,50,50,40,40,62,61,60,50,51,56,66,56,51,30,33,38,56,57,58,13,8,10,10,14
270000,A. Al Anzi,Abdullah Sufuq F. Al Anazi,"RM, LM, ST, RW",56,22,19-01-2003,350,Pro League,112390,Al Fateh,Saudi Arabia,1,45,53,41,50,55,51,58,68,72,69,49,50,53,63,61,18,51,49,50,20,27,35,7,6,13,15,10
234992,Luís Rocha,Luís Carlos da Rocha Rodrigues,CB,69,38,13-08-1986,308,Primeira Liga,1438,Santa Clara,Portugal,1,29,28,75,47,30,36,45,32,35,34,69,48,74,50,84,67,20,31,51,74,70,62,15,10,11,10,12
215316,G. Rulli,Gerónimo Rulli,GK,82,33,20-05-1992,16,Ligue 1,219,Olympique de Marseille,Argentina,3,12,15,12,36,14,50,15,56,52,58,79,60,73,42,73,21,12,68,61,15,13,17,82,77,80,81,83
77660,I. Smith,Ian Smith,CB,54,22,22-07-2002,39,Major League Soccer,111140,Portland Timbers,United States,1,40,34,51,53,40,44,58,58,55,44,48,49,57,58,60,54,29,37,48,52,60,52,9,7,6,15,15
245356,F. Darisi,Faisal Mohammed Al Darisiفيصل محمد دارسي,CB,53,28,11-02-1997,350,Pro League,112390,Al Fateh,Saudi Arabia,1,58,31,55,40,52,28,44,61,61,60,51,26,68,64,71,52,42,38,39,52,51,52,9,7,12,10,12
225149,J. Butez,Jean Butez,GK,76,30,08-06-1995,31,Serie A,1745,Como,France,1,14,22,20,48,30,66,31,52,44,37,73,59,68,42,62,17,20,70,42,13,14,15,75,75,78,75,77
255369,M. Marran,Mohammed Khalil Maranمحمد مران,"ST, RM",57,24,15-02-2001,350,Pro League,112139,Al Nassr,Saudi Arabia,1,30,62,56,47,51,35,55,61,65,72,56,53,70,59,59,15,59,49,47,18,16,12,6,14,14,6,11
78088,Otávio,Otávio Manoel Galdino Fernandes,"CB, LB",58,19,25-11-2005,308,Primeira Liga,718,Estrela da Amadora,Brazil,1,42,16,62,58,51,49,58,59,57,52,55,32,67,60,65,52,34,33,50,52,60,60,6,9,14,12,12
270929,M. Al Abdullah,Mohammed Hassan Ahmed Al Abdullah,"RM, CAM, RW",53,22,13-07-2002,350,Pro League,112883,Al Khaleej,Saudi Arabia,1,42,40,39,55,51,52,55,60,62,53,54,49,39,39,47,42,52,53,45,40,45,41,6,6,7,7,9
246354,S. Tanasijević,Strahinja TanasijevićСтрахиња Танасијевић,CB,58,28,12-06-1997,39,Major League Soccer,112828,New York City FC,Serbia,1,51,15,55,49,49,40,47,51,36,54,51,55,60,57,64,58,18,27,54,56,63,62,11,5,12,12,11
278436,M. Troilo,Mariano Emir Troilo,CB,66,22,22-06-2003,31,Serie A,50,Parma,Argentina,1,33,25,70,56,42,51,51,34,51,35,59,41,72,58,90,62,32,33,52,65,65,60,9,14,15,12,12
74944,K. Ashraf,Karim Ashraf Ahmed,ST,53,21,18-02-2004,350,Pro League,113060,Al Akhdoud Saudi Club,Egypt,1,30,51,55,47,46,31,51,63,67,64,48,56,70,55,75,31,51,45,44,30,30,23,7,6,11,10,13
80612,P. Soma,Pedro Soma,"CDM, CM",50,19,30-06-2006,39,Major League Soccer,131439,San Diego FC,United States,1,41,38,46,55,45,47,50,57,58,52,52,47,49,53,55,46,38,40,50,48,45,52,11,6,6,11,10
72322,J. Ajayi,Junior Ajayi,ST,56,20,11-10-2004,31,Serie A,206,Hellas Verona FC,Côte d'Ivoire,1,40,59,51,61,58,42,56,68,64,65,56,56,59,44,57,15,51,47,40,15,11,15,7,12,10,5,14
264366,J. Gaines,Julian Gaines,"RB, RM",56,22,05-11-2002,39,Major League Soccer,114162,Nashville SC,United States,1,47,21,43,48,51,41,50,71,69,53,50,24,57,65,61,55,46,42,39,51,55,51,6,7,11,9,8
74949,M. Khalifa,Majed Khalifa,ST,52,21,02-06-2004,350,Pro League,131735,Al Kholood,Saudi Arabia,1,32,51,52,45,48,30,47,76,73,73,47,52,61,51,54,27,53,40,43,28,28,36,8,11,10,9,7
73671,O. Verhoeven,Oscar Anthony Verhoeven,"RB, LB, RM",56,19,31-05-2006,39,Major League Soccer,131439,San Diego FC,United States,1,48,31,41,50,52,45,52,67,68,53,54,31,49,56,55,51,46,32,46,51,58,55,6,7,12,6,9
74695,J. Al Hassan,Jawad Al Hassan,"RM, RW",51,21,01-01-2004,350,Pro League,113217,Damac FC,Saudi Arabia,1,45,44,44,47,53,42,52,66,53,50,45,46,42,53,48,40,48,46,44,45,42,42,7,12,12,9,13
279045,B. Ogbus,Bruno Ifechukwu Ogbus,"CB, RB",59,19,17-12-2005,19,Bundesliga,25,SC Freiburg,Switzerland,1,45,21,51,50,46,36,48,63,66,59,51,40,63,38,69,58,31,29,42,59,63,60,11,10,5,8,10
71344,S. Al Essa,Sultan Al Essa,"RB, RM",50,20,30-06-2005,350,Pro League,113037,Al Riyadh,Saudi Arabia,1,44,39,47,51,47,46,51,65,60,52,52,45,46,52,48,42,51,51,36,37,42,47,11,8,14,9,10
264340,K. Al Absi,Khalil Ibrahim Alabsiخليل إبراهيم العبسي,"LM, LW, RM",55,24,28-05-2001,350,Pro League,113037,Al Riyadh,Saudi Arabia,1,48,48,31,52,55,43,54,70,79,77,49,42,50,57,48,30,52,48,43,29,32,20,9,6,15,13,8
258893,S. Čestić,Sava-Arangel CesticСава Аранђел Честић,CB,64,24,19-02-2001,10,Eredivisie,100634,Heracles Almelo,Serbia,1,26,25,64,56,44,45,48,37,47,40,56,48,72,64,90,61,19,38,52,61,65,61,11,14,13,14,15
75111,M. Sulaiman,Mohammed Sulaiman Mohammed Bakorمحمد سليمان,"RB, LB, CB, RM",57,21,08-04-2004,350,Pro League,112387,Al Ahli SFC,Saudi Arabia,1,44,33,56,53,32,48,46,62,65,54,52,37,66,50,70,58,31,32,42,57,61,59,12,11,7,10,9
279937,M. Burton,Micah Aiden Burton,"CAM, CM",53,19,26-03-2006,39,Major League Soccer,114161,Austin FC,United States,1,44,45,35,48,58,43,58,65,66,70,48,52,34,34,42,27,45,59,57,34,30,28,15,7,12,9,9
74921,S. Rajab,Saif Rashad Mohamed Rajabسيف رشاد محمد,"LM, RM, LW",56,20,31-10-2004,350,Pro League,112391,Al Qadsiah FC,Saudi Arabia,1,46,44,28,50,57,44,53,87,80,91,49,40,42,51,33,20,48,50,47,25,25,18,14,10,8,9,7
275686,T. Sousa,Travian Anthony Sousa,"LB, LM",54,23,19-09-2001,39,Major League Soccer,111144,Seattle Sounders FC,United States,1,50,29,32,36,53,30,52,75,74,67,50,23,57,63,69,51,49,49,43,46,50,48,10,7,5,8,7
79308,Thiago Balieiro,Thiago Balieiro,CB,60,22,23-02-2003,308,Primeira Liga,1887,Vitória SC,Brazil,1,28,24,55,40,32,33,56,55,57,46,60,45,63,56,69,64,29,32,51,58,64,62,5,14,10,10,10
74765,S. Balhareth,Saif Mohammed Saleh Qawan Balhareth,CM,51,19,06-04-2006,350,Pro League,113060,Al Akhdoud Saudi Club,Saudi Arabia,1,36,38,43,59,51,50,55,53,66,55,49,46,37,42,49,49,54,48,44,34,49,45,8,7,13,15,11
76912,F. Awodesu,Obafemi Fela Awodesu,CB,63,24,01-04-2001,39,Major League Soccer,698,Houston Dynamo,United States,1,24,18,61,49,42,44,49,65,71,40,61,30,76,62,78,63,21,31,46,64,63,60,7,7,11,10,6
274574,N. Pierre,Nelson Pierre,ST,54,20,22-03-2005,39,Major League Soccer,101112,Vancouver Whitecaps FC,United States,1,35,50,52,48,50,38,51,71,72,72,54,48,71,66,73,23,59,42,49,22,12,17,6,13,5,5,9
72089,Y. Al Shanqeeti,Younes Abdul Karim Ahmed Al Shanqeetiيونس عبدالكريم الشنقيطي,"CDM, CM",53,21,06-01-2004,350,Pro League,112387,Al Ahli SFC,Saudi Arabia,1,29,25,42,53,50,51,53,65,62,66,45,28,54,55,68,51,33,46,42,51,52,52,14,13,11,9,6
80634,J. Harkass,Jamal Harkass,CB,57,29,24-11-1995,350,Pro League,113217,Damac FC,Morocco,1,26,29,60,54,35,43,38,59,55,46,49,37,66,60,66,62,35,38,49,55,58,62,13,8,7,9,11
79037,L. Blondeau,Luca Blondeau,CB,56,19,11-02-2006,10,Eredivisie,645,FC Volendam,Netherlands,1,36,24,58,51,55,46,48,63,60,47,52,38,66,54,67,53,23,31,45,57,60,58,12,6,7,9,15
80338,M. Mile,Mohammed Mile,"RW, RM",55,25,12-03-2000,350,Pro League,115892,Al-Najma SC,Saudi Arabia,1,48,53,38,41,66,32,56,62,67,60,44,61,35,46,43,24,58,46,57,20,22,26,10,9,11,14,9
81427,K. Potulski,Kacper Potulski,CB,62,17,19-10-2007,19,Bundesliga,169,1. FSV Mainz 05,Poland,1,30,22,67,43,36,39,42,54,65,50,58,44,73,60,76,57,29,32,48,59,66,63,6,8,7,12,9
260373,O. Al Ruwaili,Omar Damen Al Ruwailiعمر ضامن الرويلي,ST,54,26,17-03-1999,350,Pro League,115892,Al-Najma SC,Saudi Arabia,1,35,57,58,48,51,38,52,59,60,58,50,51,60,56,59,16,53,45,45,13,15,14,14,15,15,11,7
77173,A. Sahhari,Abdulrahman Nasser Sahhari,CB,53,20,28-04-2005,350,Pro League,112096,Al Ettifaq,Saudi Arabia,1,36,28,50,53,42,48,48,63,53,62,50,45,57,54,59,55,34,37,49,54,53,53,12,10,13,13,7
80091,A. Dahal,Awad Dahal,"RB, RM",54,20,23-02-2005,350,Pro League,112096,Al Ettifaq,Saudi Arabia,1,52,30,43,49,52,48,52,67,65,55,48,38,42,58,46,51,49,43,48,47,51,49,9,9,11,6,13
75490,E. Qaysi,Emad Qaysi,"LM, RM, LW",52,18,30-12-2006,350,Pro League,111674,Al Shabab,Saudi Arabia,1,47,44,39,51,53,42,49,68,73,71,48,45,45,47,53,38,45,45,39,42,37,41,8,11,11,10,10
274974,M. Carrizo,Máximo Augusto Carrizo Ballesteros,"CAM, CM",55,17,28-02-2008,39,Major League Soccer,112828,New York City FC,United States,1,44,48,24,55,56,46,54,82,75,87,49,48,38,51,30,17,50,58,35,20,31,19,5,15,11,7,7
280142,D. Ruward,Dylan Ruward,CB,57,20,21-01-2005,10,Eredivisie,1914,PEC Zwolle,Netherlands,1,34,28,54,47,34,40,47,59,58,59,53,42,57,54,58,56,24,37,46,62,63,60,12,15,7,8,11
79762,A. Kölle,Adam Kölle,CB,59,19,28-04-2006,19,Bundesliga,111235,1. FC Heidenheim 1846,Germany,1,37,25,54,36,32,30,43,57,59,49,55,49,65,55,74,56,27,37,49,56,65,65,13,15,10,8,6
80586,Y. Olfers,Yamano Olfers,CB,59,18,02-08-2006,10,Eredivisie,100638,Telstar,Suriname,1,34,27,57,41,44,45,51,55,67,44,51,42,64,55,70,57,24,31,51,57,63,62,8,5,11,9,10
186153,W. Szczęsny,Wojciech Tomasz Szczęsny,GK,84,35,18-04-1990,53,La Liga,241,FC Barcelona,Poland,3,12,12,16,51,11,66,22,49,46,55,80,56,69,45,65,15,14,48,65,20,13,12,82,83,75,84,84
228789,Robert Sánchez,Robert Lynch Sánchez,GK,78,27,18-11-1997,13,Premier League,5,Chelsea,Spain,3,13,12,15,52,20,50,45,55,65,45,74,56,75,40,77,15,12,55,55,20,17,15,79,77,75,77,79
224987,I. Provedel,Ivan Provedel,GK,82,31,17-03-1994,31,Serie A,46,Lazio,Italy,3,21,17,23,61,16,56,22,44,40,38,75,60,65,28,56,22,16,63,68,22,23,22,83,79,80,83,84
216065,M. Sportiello,Marco Sportiello,GK,76,33,10-05-1992,31,Serie A,39,Atalanta,Italy,2,13,18,18,55,19,52,22,48,38,55,68,56,67,37,66,29,18,58,65,26,17,13,75,72,74,79,76
81268,A. Al Fawaz,Abdulaziz Al Fawaz,CM,49,17,28-03-2008,350,Pro League,112390,Al Fateh,Saudi Arabia,1,39,27,46,57,45,53,49,57,58,51,47,44,46,64,52,40,49,47,46,39,44,42,7,13,7,13,12
243431,Miguel Rubio,Miguel Ángel Rubio Lestan,CB,69,27,11-03-1998,53,La Liga,452,RCD Espanyol,Spain,1,26,26,68,69,32,58,64,37,44,32,67,45,70,32,83,72,21,27,57,66,66,68,7,13,13,6,7
244769,S. Tunkar,Sultan Mohammed Saleh Tankerسلطان تنكر,CB,56,26,01-09-1998,350,Pro League,113222,Al Hazem FC,Saudi Arabia,1,29,28,56,52,38,49,47,61,57,52,55,40,64,66,65,54,22,46,49,53,57,57,9,13,9,11,9
78996,A. Al Shamrani,Ahmed Al Shamrani,"RM, LM, RW",53,23,13-03-2002,350,Pro League,113222,Al Hazem FC,Saudi Arabia,1,47,46,39,49,53,40,52,73,69,73,47,49,48,53,50,27,47,47,44,29,24,25,11,5,14,6,15
79372,P. Benjamin,Precious Benjamin,ST,56,18,01-10-2006,19,Bundesliga,10029,TSG 1899 Hoffenheim,Nigeria,1,33,61,50,49,55,35,59,61,58,55,50,55,57,59,58,19,55,49,45,18,30,20,7,10,10,10,8
238840,E. Mahmutović,Enes Mahmutovic,CB,64,28,22-05-1997,10,Eredivisie,1904,NAC Breda,Luxembourg,1,28,20,62,51,34,44,43,42,68,44,59,49,68,60,79,63,27,31,47,66,64,61,8,10,11,13,6
241671,D. Livaković,Dominik Livaković,GK,80,30,09-01-1995,53,La Liga,110062,Girona FC,Croatia,3,13,12,13,50,19,60,28,57,54,65,81,53,74,32,75,21,11,60,64,24,20,21,80,76,71,80,83
71781,I. Ba,Ibrahima Ba,CB,63,20,26-05-2005,308,Primeira Liga,112809,Famalicão,Senegal,1,26,15,63,51,37,46,54,53,56,42,51,35,70,63,75,56,23,32,49,63,66,61,8,13,11,8,6
75237,A. Wibowo,Adrian Wibowo,"RW, RM",52,19,17-01-2006,39,Major League Soccer,112996,Los Angeles FC,United States,1,47,48,40,44,58,40,51,66,67,59,37,59,49,53,58,26,50,55,48,27,32,30,9,7,6,6,9
277619,J. Reynolds,Justin Reynolds,"RB, RM",54,21,08-04-2004,39,Major League Soccer,693,Chicago Fire,United States,1,42,31,44,49,51,49,55,62,55,57,50,24,49,50,56,50,53,31,36,45,59,57,7,8,10,10,12
264458,A. Matuq,Abdullah Matuq Ahmed Saeedعبد الله معتوق,"RW, ST, RM",54,22,02-04-2003,350,Pro League,111674,Al Shabab,Saudi Arabia,1,49,52,39,47,57,41,48,78,81,65,36,52,62,56,70,16,52,44,47,20,25,25,12,6,14,10,6
78874,L. Ramirez,Luca Ian Ramirez,ST,55,19,31-03-2006,350,Pro League,113037,Al Riyadh,Argentina,1,29,56,57,45,50,31,52,58,65,64,51,53,64,51,69,21,58,40,44,23,21,20,11,15,9,6,11
224041,M. Schwäbe,Marvin Schwäbe,GK,77,30,25-04-1995,19,Bundesliga,31,1. FC Köln,Germany,2,21,15,15,53,20,49,41,49,43,45,71,56,68,36,70,17,12,63,61,21,16,17,77,74,75,75,82
80813,Y. Moslih,Yassin Moslih,CB,58,17,24-07-2007,10,Eredivisie,1910,NEC Nijmegen,Netherlands,1,28,23,61,53,45,47,43,52,62,46,54,41,63,54,64,57,26,32,53,56,59,60,14,11,6,13,10
70952,T. Al Khaibari,Thamer Fathi Al Khaibriثامر فتحي الخيبري,ST,56,19,03-12-2005,350,Pro League,131798,NEOM SC,Saudi Arabia,1,27,59,55,42,51,34,50,60,61,56,52,58,73,62,81,19,57,45,45,17,22,15,5,8,15,5,8
72900,M. Wentzel,Michael Wentzel,CB,55,23,10-04-2002,39,Major League Soccer,113018,St. Louis CITY SC,United States,1,46,36,47,47,33,45,45,61,53,49,45,38,66,58,80,52,20,26,41,50,54,57,6,12,14,10,14
271253,A. Al Shaefi,Ali Saeed Ali Al Shaafi,"LB, CB, LM",54,23,12-01-2002,350,Pro League,112883,Al Khaleej,Saudi Arabia,1,49,30,43,49,50,47,51,64,66,52,49,37,42,50,49,53,47,40,43,49,53,49,11,5,11,13,6
268561,B. Ghalidi,Brahim Ghalidiبراهيم غاليدي,"LM, RM, LW",59,20,31-01-2005,10,Eredivisie,1904,NAC Breda,Morocco,1,53,56,24,56,67,44,61,76,71,79,44,53,36,48,31,20,52,51,47,18,28,22,7,7,13,12,11
192119,T. Courtois,Thibaut Nicolas Marc Courtois,GK,89,33,11-05-1992,53,La Liga,243,Real Madrid,Belgium,5,14,14,13,33,13,35,23,42,52,63,88,57,68,38,70,15,13,44,66,20,18,16,85,89,76,88,90
80508,R. Braschi,Riccardo Braschi,ST,56,18,24-08-2006,31,Serie A,110374,Fiorentina,Italy,1,30,59,57,50,56,40,54,60,68,55,51,54,65,54,69,12,56,45,47,16,12,19,8,5,13,7,13
278560,M. de Ligt,Max de Ligt,CB,57,20,20-07-2004,10,Eredivisie,100646,Sparta Rotterdam,Netherlands,1,31,29,57,56,38,47,40,51,61,49,49,39,59,65,61,60,24,29,44,61,60,58,6,12,10,12,10
202617,V. Hladký,Václav Hladký,GK,69,34,14-11-1990,13,Premier League,1796,Burnley,Czechia,1,16,16,23,52,21,56,36,56,52,52,64,52,70,27,66,28,11,51,65,20,23,23,69,69,69,68,70
77970,J. Miller,Jansen Miller,CB,59,23,10-02-2002,39,Major League Soccer,696,Sporting Kansas City,United States,1,34,29,56,58,32,51,42,59,56,43,53,41,67,56,71,56,29,38,49,59,62,60,8,14,9,9,7
75443,T. Gabellini,Tommaso Gabellini,ST,56,18,21-10-2006,31,Serie A,54,Torino,Italy,1,34,59,56,61,56,42,59,58,56,51,56,56,58,43,56,15,51,48,51,15,18,15,11,6,9,7,10
80155,Renan Santana,Renan Santana,CB,63,20,13-03-2005,308,Primeira Liga,112809,Famalicão,Brazil,1,33,23,59,48,28,28,39,56,56,41,55,42,68,59,72,61,26,29,45,68,68,65,7,6,6,12,14
278796,S. Baseya,Steven Baseya,CB,63,20,14-01-2005,308,Primeira Liga,717,Alverca,France,1,25,22,67,43,44,36,60,53,59,42,59,34,66,40,65,60,25,37,50,63,68,62,11,10,9,9,10
75529,Alejandro Vergaz,Alejandro Vergaz Lozano,CB,58,19,13-04-2006,350,Pro League,112391,Al Qadsiah FC,Spain,1,32,24,60,55,38,51,52,52,55,55,51,35,65,51,69,57,29,40,50,58,58,57,13,5,13,6,13
81403,M. Djordjević,Mateja Djordjević,CB,57,22,17-01-2003,39,Major League Soccer,114161,Austin FC,Serbia,1,26,25,53,46,29,49,34,59,61,54,55,39,65,62,73,59,31,33,49,52,62,60,14,6,10,10,13
78886,Z. Al Ghamdi,Ziyad Al Ghamdi,CM,47,20,16-02-2005,350,Pro League,112096,Al Ettifaq,Saudi Arabia,1,39,25,49,57,40,53,41,62,63,53,46,52,48,62,52,35,51,48,43,31,36,42,10,10,6,11,13
79968,H. Dramé,Hamed Dramé,CB,60,24,13-06-2001,308,Primeira Liga,718,Estrela da Amadora,France,1,25,21,58,50,30,47,33,64,51,43,58,45,73,62,77,59,27,28,46,62,60,58,12,9,14,10,13
261763,E. Bartlow,Ethan Bartlow,CB,64,25,02-02-2000,39,Major League Soccer,698,Houston Dynamo,United States,1,22,18,58,54,39,42,50,59,66,32,68,35,71,70,76,59,15,25,48,70,64,60,11,6,14,5,14
276169,I. Boatwright,Israel Ramón Boatwright de la Cruz,"RB, RM",57,20,02-06-2005,39,Major League Soccer,112893,Inter Miami,Dominican Republic,1,46,20,39,28,67,29,55,71,70,65,55,20,45,56,46,55,41,36,45,50,63,60,11,14,11,7,13
75238,R. Ramos Jr,Rubén Ramos Jr.,"CAM, CM",53,18,22-01-2007,39,Major League Soccer,697,LA Galaxy,United States,1,38,32,37,58,55,55,54,54,63,54,41,44,39,41,50,27,55,60,59,33,43,47,6,6,12,6,8
199482,A. Lopes,Anthony Lopes,GK,76,34,01-10-1990,16,Ligue 1,71,FC Nantes,Portugal,3,19,18,16,32,15,31,21,65,64,67,75,49,76,36,73,25,9,48,65,13,15,13,78,72,65,75,79
73545,D. Bisschops,Daan Bisschops,CB,58,20,30-03-2005,10,Eredivisie,634,Fortuna Sittard,Netherlands,1,29,23,62,47,37,36,44,52,57,45,56,41,69,54,73,56,30,32,52,55,60,59,12,8,11,7,9
184167,A. Moris,Anthony Christian Moris,GK,75,35,29-04-1990,350,Pro League,112883,Al Khaleej,Luxembourg,1,20,11,19,46,16,62,34,46,48,46,69,61,68,31,69,17,16,65,36,21,14,19,74,71,81,76,75
269682,A. Makki,Ali Abdulqader Suleiman Makki,"RB, CB, LB, RM",57,26,02-04-1999,350,Pro League,111674,Al Shabab,Saudi Arabia,1,43,20,55,55,34,50,44,46,52,49,54,39,63,67,73,58,26,42,42,57,59,58,6,7,6,5,12
272833,M. Al Rajih,Mubarak Abdulrahman Mubarak Al Rajehمبارك الراجح,"CB, RB",58,21,01-08-2003,350,Pro League,111674,Al Shabab,Saudi Arabia,1,30,21,54,49,41,42,46,62,70,57,51,26,75,69,72,58,21,27,44,57,58,60,12,7,9,11,7
192563,B. Leno,Bernd Leno,GK,80,33,04-03-1992,13,Premier League,144,Fulham FC,Germany,3,9,9,13,50,16,48,35,54,51,51,77,57,70,44,70,25,7,53,63,27,15,18,80,79,76,80,81
79545,L. Bimai,Longin Vianey Bimai,CB,59,19,17-02-2006,308,Primeira Liga,10020,GD Estoril Praia,France,1,34,25,62,46,34,33,44,63,57,40,49,41,75,62,76,53,28,30,45,56,63,55,14,13,7,6,6
264015,N. Al Hulayel,Nasser Al Hulayel,"LB, RB, CB, LM",54,25,05-02-2000,350,Pro League,115892,Al-Najma SC,Saudi Arabia,1,49,23,42,50,50,44,49,64,65,56,50,26,42,55,49,50,46,40,38,51,53,51,15,11,6,12,8
213901,A. Madu,Abdullah Mohammed Musa Maduعبدالله مادو,CB,65,31,15-07-1993,350,Pro League,112096,Al Ettifaq,Saudi Arabia,1,42,22,70,55,29,45,52,35,34,33,57,39,67,63,77,65,24,40,49,63,66,64,11,13,6,8,8
240091,G. Vicario,Guglielmo Vicario,GK,82,28,07-10-1996,13,Premier League,18,Tottenham Hotspur,Italy,3,11,6,11,57,22,55,41,54,49,56,81,59,67,38,60,15,13,68,62,23,11,13,83,78,78,80,84
277475,Y. Al Zubaidi,Yaseen Attiah Al Zubaidiياسين عطية الزبيدي,"LM, RM, LW",56,22,26-04-2003,350,Pro League,112387,Al Ahli SFC,Saudi Arabia,1,51,47,34,52,57,48,55,70,70,66,50,45,35,45,38,27,53,54,44,26,29,26,10,15,8,11,11
277460,A. Masoud,Abdullah Masoud Kamel Ahmedعبدالله مسعود كامل,"CB, RB",51,22,31-07-2002,350,Pro League,131735,Al Kholood,Saudi Arabia,1,42,30,48,46,38,44,42,62,65,44,44,39,67,50,65,50,34,40,37,52,51,50,8,12,10,8,9
75236,L. Bombino,Luca Bombino,"LB, LM",54,18,10-07-2006,39,Major League Soccer,131439,San Diego FC,United States,1,53,30,45,35,50,31,43,63,58,60,46,30,50,58,54,51,50,36,38,51,56,56,13,8,7,9,5
81383,Matheus Gonçalves,Matheus Gonçalves Martins,"RW, RM",56,19,18-08-2005,350,Pro League,112387,Al Ahli SFC,Brazil,1,43,55,33,48,65,35,56,65,63,71,42,56,39,39,45,18,58,56,59,16,22,26,15,7,10,14,13
78217,S. Tombakti,Saud Mahmoud Osama Al Tumbktiسعود محمود التمبكتي,CB,53,20,28-01-2005,350,Pro League,113037,Al Riyadh,Saudi Arabia,1,28,30,54,47,31,42,41,66,65,62,45,37,64,51,69,51,38,32,41,50,53,51,8,9,10,7,6
278502,L. Dellavalle,Lorenzo Dellavalle,CB,59,21,04-04-2004,39,Major League Soccer,112996,Los Angeles FC,Italy,1,44,20,63,58,30,58,55,55,53,58,47,44,66,33,65,58,24,26,44,54,65,64,10,7,7,13,11
224836,V. Milinković-Savić,Vanja Milinković-SavićВања Миликовић-Савић,GK,79,28,20-02-1997,31,Serie A,48,Napoli,Serbia,1,18,20,12,31,15,30,18,41,45,38,72,63,67,33,73,21,12,58,65,11,15,19,79,77,84,81,79
255836,M. Al Abdulmunem,Malek Saad Al Abdulmenemمالك العبد المنعم,ST,54,27,08-03-1998,350,Pro League,113057,Al Fayha,Saudi Arabia,1,33,54,55,41,55,30,53,71,74,70,52,50,66,32,59,17,53,43,42,16,12,12,9,12,11,11,9
76172,L. Venturino,Lorenzo Venturino,"RM, LM, RW",56,19,22-06-2006,31,Serie A,110556,Genoa,Italy,1,48,58,29,61,56,42,56,61,65,58,61,51,33,56,44,21,51,48,42,22,22,16,9,11,13,12,9
263063,J. Trafford,James Harrington Trafford,GK,76,22,10-10-2002,13,Premier League,10,Manchester City,England,1,17,8,15,56,23,53,33,54,52,52,75,54,64,40,55,20,14,60,64,21,16,19,77,74,72,74,78
272828,M. Qasheesh,Majed Mohammed Ali Qasheeshماجد قشيش,"LB, LM",56,23,04-12-2001,350,Pro League,112390,Al Fateh,Saudi Arabia,1,45,25,37,49,49,33,45,75,76,69,53,26,50,70,40,54,40,30,42,53,51,50,12,8,8,8,14
277495,A. Al Harbi,Abdulaziz Nayef Muslim Al Harbi,"RB, RM",53,21,13-08-2003,350,Pro League,113222,Al Hazem FC,Saudi Arabia,1,45,27,44,47,48,40,49,70,68,71,45,31,47,58,53,51,44,39,40,47,50,47,15,7,11,7,5
78950,O. Al Bawardi,Osama Al Bawardi,"RB, RM",54,26,09-04-1999,350,Pro League,113037,Al Riyadh,Saudi Arabia,1,45,26,43,47,52,41,50,61,55,51,52,30,35,61,41,54,44,38,42,50,55,51,15,11,5,14,7
77517,Ș. Chirilă,Ștefan Chirilă,ST,54,18,15-01-2007,39,Major League Soccer,113149,FC Cincinnati,Romania,1,39,62,56,40,46,37,56,53,52,56,51,60,42,56,36,24,59,44,42,19,24,23,6,8,8,8,12
228279,J. Drommel,Joël Drommel,GK,72,28,16-11-1996,10,Eredivisie,100646,Sparta Rotterdam,Netherlands,1,12,13,21,44,25,39,40,50,52,62,64,56,69,43,70,10,10,53,65,12,20,19,73,71,75,71,74
81423,Marcos Zambrano,Marcos Alberto Zambrano Delgado,ST,54,20,20-01-2005,39,Major League Soccer,111065,Real Salt Lake,United States,1,35,63,56,39,41,34,50,57,56,58,52,60,58,59,55,20,54,50,48,17,20,18,6,10,10,14,10
78994,Diego Tavares,Diego Enrique Amaral Tavares,CB,57,20,12-03-2005,308,Primeira Liga,112516,CD Tondela,Portugal,1,33,28,54,35,32,32,48,55,55,46,53,41,59,56,64,57,32,32,46,60,63,61,6,11,14,6,13
227127,Álex Remiro,Alejandro Remiro Gargallo,GK,83,30,24-03-1995,53,La Liga,457,Real Sociedad,Spain,3,12,13,13,36,19,29,26,44,46,70,78,60,69,42,73,20,11,44,55,14,17,18,83,78,80,84,84
230869,Unai Simón,Unai Simón Mendibil,GK,85,28,11-06-1997,53,La Liga,448,Athletic Club,Spain,3,16,14,18,38,12,34,16,48,50,37,82,57,74,44,76,26,14,48,40,11,18,12,84,80,76,84,85
267801,R. Sailor,Ryan Sailor,CB,63,27,01-01-1998,39,Major League Soccer,112893,Inter Miami,United States,1,22,18,66,46,35,42,39,62,63,41,55,38,76,62,78,66,20,26,49,61,65,63,12,12,8,11,11
274542,S. Jimenez,Stiven Jimenez,"CDM, CM, RB",49,18,24-06-2007,39,Major League Soccer,113149,FC Cincinnati,United States,1,45,32,45,50,47,46,50,64,52,60,46,39,37,52,37,47,41,40,45,46,52,50,14,9,14,10,11
79895,G. Guerra,Gage Guerra,ST,54,22,21-12-2002,39,Major League Soccer,111140,Portland Timbers,United States,1,30,58,56,40,49,28,51,56,61,55,48,55,61,54,62,19,58,52,51,19,19,18,6,7,8,6,14
71080,C. Antley,William Conner Antley,"LB, CB, RB",56,30,22-03-1995,39,Major League Soccer,688,DC United,United States,1,42,29,40,25,48,28,45,64,63,59,55,29,52,61,62,54,42,38,42,62,63,62,9,12,10,11,8
78850,M. Muhaysh,Mohammed Muhaysh,"RB, RM",52,19,02-03-2006,350,Pro League,605,Al Hilal,Saudi Arabia,1,45,28,40,47,47,40,48,71,68,70,45,27,48,50,51,50,43,39,40,45,49,50,14,6,10,6,7
273552,K. Hughes,Keegan Monroe Hughes,CB,60,22,22-07-2002,39,Major League Soccer,691,New England Revolution,United States,1,29,28,44,40,28,38,61,62,54,47,49,40,62,57,80,56,29,32,46,63,67,64,8,10,7,10,11
227290,M. Dmitrović,Marko DmitrovićМарко Дмитровић,GK,79,33,24-01-1992,53,La Liga,452,RCD Espanyol,Serbia,2,30,20,20,40,8,40,10,39,35,32,70,59,71,45,79,17,9,45,59,19,22,20,76,79,78,80,80
71395,L. Mesanvi,Loïc Mesanvi,"LW, LM",52,22,10-06-2003,39,Major League Soccer,111138,Minnesota United FC,Togo,1,49,54,33,45,53,42,54,76,69,61,35,60,37,32,33,24,48,43,42,23,21,29,11,9,15,15,15
222464,Sivera,Antonio Sivera Salvá,GK,76,28,11-08-1996,53,La Liga,463,Deportivo Alavés,Spain,1,22,15,14,34,14,33,26,58,55,61,69,58,69,42,63,24,16,48,53,13,17,12,76,74,77,75,78
76035,R. Le Guen,Raphaël Le Guen,CB,62,18,01-09-2006,16,Ligue 1,378,Stade Brestois 29,France,1,27,21,66,49,36,28,51,58,67,43,53,36,74,51,76,56,23,29,47,59,67,60,14,8,9,6,11
212442,José Sá,José Pedro Malheiro de Sá,GK,77,32,17-01-1993,13,Premier League,110,Wolverhampton Wanderers,Portugal,2,18,15,14,48,17,42,19,52,53,62,75,53,72,34,75,18,17,50,45,14,19,15,77,75,70,76,77
79881,E. Klein,Eric Klein,"CB, CDM",53,18,20-11-2006,39,Major League Soccer,691,New England Revolution,United States,1,34,28,52,47,31,39,43,58,62,48,46,42,55,55,56,54,28,42,51,56,55,51,7,14,12,15,14
223550,J. Omlin,Jonas Omlin,GK,76,31,10-01-1994,19,Bundesliga,23,Borussia Mönchengladbach,Switzerland,2,24,17,24,35,27,30,31,52,51,32,72,51,71,35,69,25,15,42,45,20,21,24,77,76,68,73,78
233306,D. Henderson,Dean Bradley Henderson,GK,81,28,12-03-1997,13,Premier League,1799,Crystal Palace,England,3,14,9,13,45,13,48,35,55,56,61,81,58,69,32,64,11,8,55,60,15,14,14,82,78,77,80,82
204883,B. Samba,Brice Lauriche Samba,GK,80,31,25-04-1994,16,Ligue 1,74,Stade Rennais FC,France,3,10,9,15,48,14,45,36,49,60,39,78,60,73,37,78,18,11,48,66,12,14,12,78,80,80,80,80
74074,M. Abdullah,Majed Abdullah,ST,54,19,13-02-2006,350,Pro League,111674,Al Shabab,Saudi Arabia,1,26,57,53,42,51,33,53,56,54,59,48,56,67,61,79,13,53,49,44,17,11,10,12,7,11,12,9
278748,F. Al Ghamdi,Fares Al Ghamdi,"CM, CDM",50,21,05-07-2003,350,Pro League,112096,Al Ettifaq,Saudi Arabia,1,37,24,47,57,43,51,57,55,53,51,49,50,42,50,47,40,48,51,40,36,42,43,13,8,7,7,13
220383,Aarón,Aarón Escandell Banacloche,GK,75,29,27-09-1995,53,La Liga,110827,Real Oviedo,Spain,1,20,15,24,40,19,42,22,40,34,44,73,56,60,45,54,24,12,66,46,30,19,18,72,76,75,73,74
185122,P. Gulácsi,Péter Gulácsi,GK,85,35,06-05-1990,19,Bundesliga,112172,RB Leipzig,Hungary,3,16,10,23,35,19,31,25,42,44,41,82,56,72,37,74,23,11,44,45,25,16,20,83,83,74,87,84
77337,Khaly,Domingos José Gabriel Bandeira,CB,59,21,27-11-2003,308,Primeira Liga,114510,Casa Pia,Angola,1,35,23,56,41,29,26,35,56,64,42,55,48,63,60,67,58,30,29,40,60,71,63,13,6,7,9,9
194730,Juan Carlos,Juan Carlos Martín Corral,GK,73,37,20-01-1988,53,La Liga,110062,Girona FC,Spain,1,31,14,19,25,13,27,22,58,61,56,67,54,73,42,71,21,11,42,53,25,20,21,72,73,72,71,73
263237,T. Williams,Thomas Ivory Williams III,"CB, LB",53,20,15-08-2004,39,Major League Soccer,112606,Orlando City SC,United States,1,35,31,58,38,42,38,44,54,54,60,50,36,67,61,74,50,27,39,38,50,52,54,13,10,13,12,8
79867,S. Sarver,Samuel Sarver,"ST, RW",52,22,03-03-2003,39,Major League Soccer,695,FC Dallas,United States,1,48,55,45,49,51,32,52,66,68,54,37,65,49,45,52,23,48,45,45,17,23,29,5,13,10,13,8
199641,M. Sels,Matz Willy Els Sels,GK,83,33,26-02-1992,13,Premier League,14,Nottingham Forest,Belgium,3,16,16,14,48,19,53,33,37,35,36,80,59,65,26,67,17,18,58,62,14,15,14,82,80,79,83,83
70222,W. Frederick,Wayne Alix Frederick II,"CAM, CM",51,21,13-06-2004,39,Major League Soccer,694,Colorado Rapids,Trinidad and Tobago,1,37,53,35,45,57,47,56,61,68,53,46,49,33,42,44,23,44,51,51,37,33,31,9,14,8,13,9
78981,Talisca,João Pedro de Souza Borges,CB,57,22,20-03-2003,308,Primeira Liga,717,Alverca,Brazil,1,31,24,51,37,27,33,55,55,62,46,47,40,51,59,53,57,29,31,47,56,68,67,11,6,15,9,9
206585,Kepa,Kepa Arrizabalaga Revuelta,GK,79,30,03-10-1994,13,Premier League,1,Arsenal,Spain,2,13,11,15,60,20,60,33,38,42,45,77,62,60,35,55,20,10,60,62,20,17,18,77,78,82,77,81
77131,D. Baran,Daniel Baran,"RW, LW, RM",53,18,16-09-2006,39,Major League Soccer,695,FC Dallas,Poland,1,42,54,36,37,57,30,56,73,68,70,34,64,44,43,46,18,51,45,43,17,29,29,10,6,8,10,13
76225,G. Tunguliadi,Georgiy TunguliadiТунгулияди Георгий Христофорович,CB,59,20,03-10-2004,308,Primeira Liga,718,Estrela da Amadora,Russia,1,28,23,62,40,35,35,46,54,61,50,59,33,65,72,66,61,22,35,60,60,60,60,12,8,9,7,7
80587,J. van Schooneveld,Jaylan van Schooneveld,CB,57,20,02-02-2005,10,Eredivisie,100638,Telstar,Netherlands,1,33,20,52,42,34,31,41,67,63,53,54,40,62,55,62,55,28,31,42,53,65,63,6,5,7,11,6
223952,David Soria,David Soria Solís,GK,81,32,04-04-1993,53,La Liga,1860,Getafe CF,Spain,3,15,19,23,30,16,33,20,46,34,48,79,56,74,43,76,21,12,51,61,22,13,13,81,79,74,80,82
167948,H. Lloris,Hugo Hadrien Dominique Lloris,GK,77,38,26-12-1986,39,Major League Soccer,112996,Los Angeles FC,France,4,15,10,10,52,13,54,29,55,53,49,75,52,54,31,39,25,9,58,54,24,13,18,78,76,69,77,77
207935,M. Dituro,Matías Ezequiel Dituro Curto,GK,75,38,08-05-1987,53,La Liga,468,Elche CF,Argentina,1,13,12,12,58,17,53,40,32,48,40,74,58,63,42,72,21,19,67,68,18,12,18,74,72,77,74,77
81238,E. Mokwana,Elias Mokwana,"RW, RM",51,25,08-09-1999,350,Pro League,113222,Al Hazem FC,South Africa,1,47,54,44,38,58,39,53,61,61,60,31,63,35,43,44,16,47,49,47,20,25,21,13,11,12,13,12
77798,E. van der Laan,Elvis van der Laan,CB,57,17,29-02-2008,10,Eredivisie,1915,FC Groningen,Sweden,1,24,16,56,52,46,45,51,58,54,46,55,39,59,62,58,58,22,30,43,54,57,55,11,12,7,15,6
220407,M. Dúbravka,Martin Dúbravka,GK,77,36,15-01-1989,13,Premier League,1796,Burnley,Slovakia,2,12,10,12,48,19,59,33,36,42,47,73,59,60,38,60,25,12,58,59,19,15,14,76,76,78,75,79
80918,K. Al Asbahi,Khaled Al Asbahi,"LM, LW",53,21,01-11-2003,350,Pro League,113037,Al Riyadh,Yemen,1,44,53,36,51,58,42,63,64,60,57,40,51,39,52,46,15,42,46,42,24,27,28,15,14,9,5,6
78215,T. Siwe,Telli Siwe,CB,60,20,14-12-2004,16,Ligue 1,57,AJ Auxerre,France,1,34,18,63,46,33,27,46,63,58,53,52,37,70,54,70,53,23,36,48,58,66,60,9,6,7,6,9
230670,Lucas Perri,Lucas Estella Perri,GK,81,27,10-12-1997,13,Premier League,8,Leeds United,Brazil,3,19,11,13,45,18,48,14,32,39,37,77,59,69,38,83,25,12,65,44,10,18,14,80,79,79,80,82
205377,D. Léon,Donovan René Léon,GK,76,32,03-11-1992,16,Ligue 1,57,AJ Auxerre,France,1,20,19,13,41,14,47,19,48,46,42,69,61,72,34,78,26,15,43,48,10,10,19,76,71,81,75,79
81236,David Kaiki,David Kaiki Flores da Silva,"RW, RM",53,21,26-06-2004,350,Pro League,113217,Damac FC,Brazil,1,49,56,37,36,61,39,56,65,69,64,42,49,34,42,40,25,46,45,48,16,25,23,14,11,8,14,11
77471,D. Borso,Dylan Borso,"CAM, CM",48,19,02-06-2006,39,Major League Soccer,693,Chicago Fire,United States,1,41,32,40,58,48,54,47,54,64,53,43,48,39,45,53,28,42,52,52,31,38,45,14,6,10,7,10
227370,M. Zetterer,Michael Zetterer,GK,76,29,12-07-1995,19,Bundesliga,1824,Eintracht Frankfurt,Germany,1,17,16,19,50,17,64,29,39,44,32,76,61,66,38,70,21,13,52,43,24,16,12,76,71,81,73,77
72009,Jimmy Farkarlun,Bryant Jimmy Farkarlun,"CAM, CM",50,23,14-07-2001,39,Major League Soccer,114161,Austin FC,Liberia,1,33,54,51,42,53,44,44,63,62,52,54,49,48,56,45,10,50,54,46,16,12,14,9,6,15,12,9
274107,CJ Fodrey,Calvin Jay Fodrey,"ST, LW",52,21,10-02-2004,39,Major League Soccer,114161,Austin FC,United States,1,35,55,51,35,45,33,44,73,69,63,46,62,71,51,73,14,46,38,50,12,14,14,13,5,12,10,13
73425,M. Tombakti,Marzouq Hussain Marzouq Tambakti,"CB, RB, RM",58,22,11-02-2003,350,Pro League,113037,Al Riyadh,Saudi Arabia,1,28,25,52,47,29,42,41,58,64,49,49,34,67,68,78,54,23,26,43,54,60,56,10,7,12,13,9
192984,K. Casteels,Koen Casteels,GK,82,33,25-06-1992,350,Pro League,112391,Al Qadsiah FC,Belgium,3,15,15,14,35,14,37,23,44,46,50,79,56,69,44,72,16,15,42,40,11,19,17,82,79,74,83,85
199987,J. Cillessen,Jacobus Antonius Peter Cillessen,GK,79,36,22-04-1989,10,Eredivisie,1910,NEC Nijmegen,Netherlands,2,17,10,12,50,12,33,32,56,50,48,79,53,69,40,67,25,11,55,61,18,12,11,78,78,71,78,80
75472,B. Hazazi,Bassam Hazazi,CM,47,20,29-03-2005,350,Pro League,112139,Al Nassr,Saudi Arabia,1,33,27,42,55,41,48,42,56,61,52,53,52,36,57,48,36,50,48,36,36,43,41,5,5,13,7,11
77556,W. Meyer,Wyatt Meyer,CB,53,24,11-01-2001,39,Major League Soccer,114162,Nashville SC,United States,1,28,28,46,47,36,40,51,53,64,46,50,43,53,62,65,51,29,35,37,54,57,55,7,10,11,9,10
80756,Gabriel Carvalho,Gabriel Carvalho Teixeira,"RW, RM",54,17,17-08-2007,350,Pro League,112391,Al Qadsiah FC,Brazil,1,45,49,38,44,64,35,58,61,71,72,46,49,32,42,36,26,49,52,44,19,28,26,8,5,12,6,8
216750,P. Carlgren,Patrik Ulf Anders Carlgren,GK,71,33,08-01-1992,16,Ligue 1,71,FC Nantes,Sweden,1,18,16,15,47,19,44,35,42,42,52,73,54,62,34,64,20,16,66,58,22,14,14,72,65,72,66,73
274537,P. Quinton,Philip Quinton,"CB, RB",61,25,16-11-1999,39,Major League Soccer,111065,Real Salt Lake,United States,1,22,19,63,53,32,49,40,49,53,34,47,34,73,69,84,58,24,27,46,59,62,55,11,14,12,10,10
234777,Z. Steffen,Zackary Thomas Steffen,GK,73,30,02-04-1995,39,Major League Soccer,694,Colorado Rapids,United States,1,14,9,13,52,15,52,31,54,52,58,66,53,68,39,69,19,9,58,57,13,12,12,75,72,71,69,75
203841,N. Pope,Nicholas David Pope,GK,81,33,19-04-1992,13,Premier League,13,Newcastle United,England,3,11,14,11,42,15,52,25,50,47,36,78,51,71,35,75,23,13,50,63,19,15,14,81,81,68,78,82
77127,M. Schmetgens,Mick Schmetgens,CB,56,17,09-09-2007,19,Bundesliga,38,SV Werder Bremen,Germany,1,37,29,56,37,31,35,40,52,55,36,51,49,62,40,69,57,25,31,42,56,59,57,9,7,9,14,11
278875,Z. Gozo,Zavier Gozo,"RW, ST, RM",55,18,22-03-2007,39,Major League Soccer,111065,Real Salt Lake,United States,1,49,54,47,50,59,44,60,65,69,56,48,45,46,50,45,10,52,51,49,15,14,14,13,9,14,12,10
278174,J. Hall,Julian Zakrzewski Hall,"LM, RW, ST, LW",54,17,24-03-2008,39,Major League Soccer,689,New York Red Bulls,United States,1,49,54,38,50,59,45,58,55,63,59,48,55,28,34,29,20,57,47,41,22,20,29,6,12,10,11,12
248478,D. Ramaj,Diant Ramaj,GK,73,23,19-09-2001,19,Bundesliga,111235,1. FC Heidenheim 1846,Germany,1,17,16,12,53,30,51,44,28,29,31,64,61,58,38,64,15,18,67,65,15,15,15,74,70,81,72,76
269932,M. Al Khaibari,Mohammed Al Khaibariمحمد الخيبري,CB,55,23,18-04-2002,350,Pro League,113037,Al Riyadh,Saudi Arabia,1,20,20,52,49,27,39,40,58,62,46,50,39,65,57,75,53,27,31,41,52,55,52,14,10,12,11,13
72992,J. Tijink,Jop Tijink,"CB, LB",57,20,30-01-2005,10,Eredivisie,100634,Heracles Almelo,Netherlands,1,32,25,55,40,30,35,35,52,53,38,52,48,57,53,59,60,29,28,54,55,65,62,10,11,8,11,14
73593,M. Barnawi,Mohammed Ali Mohammed Barnawi,"CB, RB",55,19,07-08-2005,350,Pro League,607,Al Ittihad,Saudi Arabia,1,29,21,48,48,41,50,45,65,62,61,49,22,59,55,66,53,25,32,46,52,54,60,9,8,12,9,8
77511,R. Roberts,Reid Roberts,"CB, LB",55,21,09-12-2003,39,Major League Soccer,111928,San Jose Earthquakes,United States,1,20,16,56,60,30,57,37,63,55,50,48,39,63,63,60,55,26,33,56,59,53,53,7,9,11,11,12
270060,Samuel Soares,Samuel Jumpe Soares,GK,70,23,15-06-2002,308,Primeira Liga,234,SL Benfica,Portugal,1,12,9,14,55,14,60,20,60,57,57,67,62,73,33,75,22,8,60,24,14,13,14,69,67,83,68,72
276770,B. Al Hamad,Bassam Hamoud Al Hamad,"LW, LM",51,20,04-08-2004,350,Pro League,112393,Al Taawoun FC,Syria,1,44,42,30,53,54,42,51,65,69,71,43,41,36,44,46,32,40,52,46,30,25,26,9,7,11,13,6
193314,Aitor Fernández,Aitor Fernández Abarisketa,GK,77,34,03-05-1991,53,La Liga,479,CA Osasuna,Spain,1,30,12,20,38,22,35,14,58,53,55,76,51,65,39,52,24,15,50,55,14,13,12,77,74,68,76,80
278131,K. Al Rammah,Khaled Emad Abdullah Al Rammah,"LB, LM",53,20,30-04-2005,350,Pro League,113057,Al Fayha,Saudi Arabia,1,44,31,35,32,51,25,42,79,83,65,47,25,43,60,44,53,44,32,33,45,47,53,6,10,7,5,5
77457,A. Harris,Alexander Dean Harris,ST,53,20,16-02-2005,39,Major League Soccer,694,Colorado Rapids,United States,1,30,63,50,44,41,29,48,74,69,57,51,46,63,54,59,17,47,41,49,14,12,10,15,13,6,11,8
279712,Z. Yáñez,Zidane Antonio Yañez,ST,51,17,26-01-2008,39,Major League Soccer,112828,New York City FC,United States,1,34,56,47,42,44,32,53,63,51,59,51,51,39,51,40,18,52,41,50,17,24,22,10,8,5,7,6
278151,S. Hawkins,Stuart Russell Hawkins,CB,55,18,18-09-2006,39,Major League Soccer,111144,Seattle Sounders FC,United States,1,24,20,65,60,38,55,41,53,53,46,48,34,64,59,63,49,22,50,43,54,58,54,11,7,15,7,12
81272,S. Al Anzi,Sultan Al Anzi,"LB, LM",53,21,07-08-2003,350,Pro League,111674,Al Shabab,Saudi Arabia,1,46,23,44,32,49,29,43,63,63,55,50,30,40,56,45,53,45,35,33,49,56,54,11,15,6,8,6
276497,L. Stefanović,Lazar Stefanović,CB,57,18,10-08-2006,39,Major League Soccer,111651,Toronto FC,Canada,1,21,15,54,48,34,43,55,64,70,46,49,37,61,53,60,58,23,27,43,58,60,55,10,8,7,12,6
266610,J. Orozco,Jaziel Alberto Orozco Landeros,CB,53,21,02-06-2004,39,Major League Soccer,113018,St. Louis CITY SC,United States,1,28,30,47,48,23,38,36,63,55,47,49,43,58,61,66,48,26,38,44,56,55,53,7,5,7,11,9
76563,H. Al Sultan,Hussain Al Sultan,ST,53,21,09-03-2004,350,Pro League,112883,Al Khaleej,Saudi Arabia,1,31,54,55,38,51,37,53,63,54,57,54,55,60,58,57,16,51,43,47,15,16,19,9,12,9,5,13
78732,S. Barnawi,Saleh Barnawi,CB,51,18,08-02-2007,350,Pro League,605,Al Hilal,Saudi Arabia,1,32,29,46,46,33,47,41,64,52,63,44,36,57,49,65,52,29,35,40,50,51,50,9,5,9,8,5
72324,M. Palma,Matteo Palma,CB,62,17,13-03-2008,31,Serie A,55,Udinese,Germany,1,22,29,62,54,34,42,50,50,53,34,60,32,60,56,57,65,24,26,45,66,66,63,6,8,14,14,11
246158,M. Hermansen,Mads Hermansen,GK,76,24,11-07-2000,13,Premier League,19,West Ham United,Denmark,1,13,9,11,62,24,60,40,49,51,47,68,57,64,44,61,16,12,46,41,15,10,13,76,75,76,76,77
225116,A. Meret,Alex Meret,GK,82,28,22-03-1997,31,Serie A,48,Napoli,Italy,3,15,17,19,30,16,25,25,41,48,46,78,56,66,29,65,22,20,40,67,10,22,14,81,79,74,84,85
269626,Đ. Petrović,Đorđe PetrovićЂорђе Петровић,GK,80,25,08-10-1999,13,Premier League,1943,AFC Bournemouth,Serbia,1,11,11,13,47,20,50,45,40,43,45,79,55,67,37,73,15,11,50,62,20,15,17,80,78,73,78,82
227186,A. Batalla,Augusto Martín Batalla Barga,GK,79,29,30-04-1996,53,La Liga,480,Rayo Vallecano,Argentina,1,17,14,16,40,17,36,27,43,42,37,77,56,69,31,72,23,17,51,34,18,18,17,78,78,74,77,80
75647,S. Britschgi,Sascha Britschgi,"RB, LB, RM",52,18,27-08-2006,31,Serie A,50,Parma,Switzerland,1,41,27,37,26,50,25,36,69,65,60,55,22,48,60,57,51,37,33,40,50,49,53,11,8,14,13,10
209981,Y. Bounou,Yassine Bounouياسين بونو,GK,82,34,05-04-1991,350,Pro League,605,Al Hilal,Morocco,3,15,14,14,39,20,44,12,38,37,47,76,57,65,43,69,12,10,62,57,20,18,15,81,82,76,82,85
76782,A. Al Mutairi,Adel Al Mutairi,"CB, LB",53,20,18-04-2005,350,Pro League,111674,Al Shabab,Saudi Arabia,1,42,15,53,42,32,37,43,63,62,54,52,35,54,64,53,53,35,26,46,53,59,53,12,8,6,8,15
206003,Y. Mvogo,Yvon Landry Mvogo Nganoma,GK,76,31,06-06-1994,16,Ligue 1,217,FC Lorient,Switzerland,1,13,10,24,24,18,22,27,43,41,58,71,55,71,28,74,13,13,52,30,28,18,12,77,76,73,74,77
193080,De Gea,David de Gea Quintana,GK,85,34,07-11-1990,31,Serie A,110374,Fiorentina,Spain,3,17,13,18,40,18,39,32,47,45,60,85,53,57,30,38,21,9,45,45,15,20,15,85,78,71,84,87
78436,K. Frees,Kelven Olagie Frees,CB,60,20,03-02-2005,19,Bundesliga,10029,TSG 1899 Hoffenheim,Germany,1,21,16,48,56,22,37,53,66,51,43,53,32,70,56,85,58,29,31,43,54,66,60,12,11,10,11,12
162328,R. Pasveer,Remko Pasveer,GK,75,41,08-11-1983,10,Eredivisie,245,Ajax,Netherlands,1,15,12,16,45,18,57,37,36,28,36,67,59,64,35,70,13,15,57,63,14,18,20,72,78,79,80,68
80287,A. Khatir,Ahmed Khatir,CB,53,20,14-03-2005,350,Pro League,113037,Al Riyadh,Morocco,1,26,25,52,38,26,32,38,53,58,52,48,40,62,57,71,57,31,35,49,50,49,56,13,7,6,11,8
200110,M. Bizot,Marco Bizot,GK,78,34,10-03-1991,13,Premier League,2,Aston Villa,Netherlands,2,20,15,16,28,12,33,32,45,47,50,76,54,65,31,63,17,13,56,47,11,12,14,78,75,72,79,78
279785,N. Al Ghulaimish,Nawaf Abdullah Al Gulaymishنواف الغليميش,"RB, RM",54,20,02-05-2005,350,Pro League,111674,Al Shabab,Saudi Arabia,1,43,23,46,48,42,38,44,62,64,40,45,38,53,64,58,53,27,29,44,46,53,54,7,12,10,14,9
81232,A. Al Harfi,Ammar Al Harfi,"RB, RW, RM",54,24,25-03-2001,350,Pro League,113037,Al Riyadh,Saudi Arabia,1,42,28,40,25,48,24,30,67,56,55,48,22,45,64,50,50,38,39,38,55,61,66,11,14,9,6,10
77967,I. Pilcher,Ian Pilcher,"CB, LB",53,22,21-03-2003,39,Major League Soccer,131439,San Diego FC,United States,1,31,25,51,60,29,59,40,58,53,45,49,36,58,56,61,47,20,40,35,53,59,52,12,12,7,9,13
233164,A. Murić,Arijanet Anan Murić,GK,72,26,07-11-1998,31,Serie A,111974,Sassuolo,Kosovo,1,13,12,10,55,20,58,35,44,46,38,66,56,65,29,71,18,11,60,66,15,17,18,73,71,75,71,73
219754,Bruno Varela,Bruno Miguel Semedo Varela,GK,74,30,04-11-1994,350,Pro League,113222,Al Hazem FC,Cabo Verde,1,20,16,16,35,19,36,25,39,43,59,72,52,67,44,73,17,14,55,33,15,12,20,73,72,69,74,76
77102,Miguel Carvalho,Miguel Carvalho Vianna,"CAM, CM",48,20,09-03-2005,350,Pro League,113222,Al Hazem FC,Brazil,1,36,33,42,58,41,54,51,53,63,51,41,39,35,43,49,25,36,57,53,31,42,42,6,12,8,7,9
220048,S. Scuffet,Simone Scuffet,GK,72,29,31-05-1996,31,Serie A,110738,Pisa,Italy,1,20,20,18,34,14,36,22,50,50,60,69,48,67,40,65,20,12,35,61,15,24,18,72,70,64,71,75
76026,N. Trabucchi,Nicolas Trabucchi,CB,56,17,17-08-2007,31,Serie A,50,Parma,Italy,1,26,22,51,50,38,42,45,65,67,48,56,33,57,56,56,56,21,29,48,59,59,56,7,8,9,6,8
190778,J. Zoet,Jeroen Zoet,GK,69,34,06-01-1991,10,Eredivisie,1906,AZ Alkmaar,Netherlands,1,17,12,19,37,15,37,34,55,45,54,64,53,69,40,67,20,11,57,41,23,18,16,68,71,70,69,67
279787,G. Tubbs,Garrison Isaiah Tubbs,CB,61,23,17-02-2002,39,Major League Soccer,688,DC United,United States,1,27,16,63,39,22,34,40,55,53,48,44,38,70,56,73,64,28,25,44,58,67,66,10,10,8,12,8
79886,S. Reid,Seymour Reid,ST,51,17,04-03-2008,39,Major League Soccer,112828,New York City FC,Jamaica,1,33,58,40,44,48,31,54,60,60,59,45,57,42,55,50,22,50,43,44,22,19,24,7,9,12,11,10
242734,W. Omsberg,Wyatt Omsberg,CB,62,29,21-09-1995,39,Major League Soccer,691,New England Revolution,United States,1,28,20,67,53,28,50,37,34,37,33,60,32,64,63,75,58,24,27,44,64,65,57,7,8,10,9,14
198513,Cláudio Ramos,Cláudio Pires Morais Ramos,GK,73,33,16-11-1991,308,Primeira Liga,236,FC Porto,Portugal,1,10,14,21,25,16,23,20,55,54,62,68,48,74,44,75,21,10,55,44,21,17,13,78,72,64,72,72
259532,Joan García,Joan García Pons,GK,83,24,04-05-2001,53,La Liga,241,FC Barcelona,Spain,3,13,6,12,48,17,49,28,48,44,59,77,58,64,35,59,13,6,54,59,7,13,14,81,82,77,83,86
229692,J. Huth,Jannik Huth,GK,69,31,15-04-1994,19,Bundesliga,25,SC Freiburg,Germany,1,17,16,10,37,22,30,24,59,60,50,67,56,66,32,63,25,20,51,41,22,14,11,71,64,74,67,71
234577,Diogo Costa,Diogo Meireles da Costa,GK,84,25,19-09-1999,308,Primeira Liga,236,FC Porto,Portugal,3,13,6,11,50,18,55,30,33,39,42,83,62,61,28,63,18,18,67,44,19,13,11,83,78,82,83,86
267424,N. Asiri,Naif Mohammed Marwai Al Fulaytah Asiri,CB,57,24,18-02-2001,350,Pro League,113060,Al Akhdoud Saudi Club,Saudi Arabia,1,20,20,54,47,23,48,40,57,55,52,50,31,65,48,75,55,25,35,41,55,59,54,9,15,11,12,12
78044,D. Chong-Qui,Dominik Chong Qui,"LB, LM",52,17,29-12-2007,39,Major League Soccer,112885,Atlanta United,United States,1,45,27,40,25,53,26,33,66,64,55,53,25,45,64,54,50,44,38,38,42,54,53,8,6,13,7,14
224003,Sergio Herrera,Sergio Herrera Pirón,GK,79,32,06-06-1993,53,La Liga,479,CA Osasuna,Spain,1,20,16,14,24,15,21,27,45,50,45,77,56,66,42,67,12,13,37,53,15,17,18,79,78,75,77,80
211738,M. Flekken,Mark Flekken,GK,78,32,13-06-1993,19,Bundesliga,32,Bayer 04 Leverkusen,Netherlands,3,14,16,11,54,12,56,34,29,36,34,74,60,63,28,72,12,14,51,62,15,13,20,79,76,80,76,80
167435,O. Ustari,Oscar Alfredo Ustari,GK,69,38,03-07-1986,39,Major League Soccer,112893,Inter Miami,Argentina,1,15,14,14,23,13,22,26,64,61,58,60,51,71,39,69,28,15,59,51,29,12,13,68,71,68,72,66
240913,C. Kelleher,Caoimhín Odhrán Kelleher,GK,79,26,23-11-1998,13,Premier League,1925,Brentford,Republic of Ireland,1,13,6,13,48,25,50,37,45,39,44,77,59,68,19,71,12,4,56,66,18,10,14,77,76,79,78,80
215223,W. Benítez,Walter Daniel Benítez,GK,79,32,19-01-1993,13,Premier League,1799,Crystal Palace,Argentina,2,12,14,13,28,19,27,20,38,35,45,76,54,69,40,80,21,17,46,62,17,20,17,79,78,72,78,80
277302,D. Baiera,Andrew Baiera,"RB, RM",51,18,28-02-2007,39,Major League Soccer,112828,New York City FC,United States,1,41,28,44,30,52,23,37,69,55,59,52,28,36,62,38,50,44,38,32,43,51,52,8,11,13,12,9
74057,A. Al Harbi,Abdulmalik Abdullah Saud Al Harbiعبدالملك الحربي,"LW, LM",50,19,06-10-2005,350,Pro League,131735,Al Kholood,Saudi Arabia,1,44,42,30,46,51,41,49,70,70,70,43,40,42,41,52,26,45,43,41,28,25,25,10,12,12,9,7
242084,C. Coronel,Carlos Miguel Coronel,GK,72,28,29-12-1996,39,Major League Soccer,689,New York Red Bulls,Paraguay,1,16,10,15,47,17,60,29,39,39,39,70,55,66,41,72,21,10,56,50,20,15,16,71,70,73,71,73
164835,Ł. Fabiański,Łukasz Marek Fabiański,GK,75,40,18-04-1985,13,Premier League,19,West Ham United,Poland,2,14,13,11,32,14,51,22,50,47,53,72,51,65,25,65,16,15,57,63,14,12,13,75,75,68,76,74
78204,K. Nielsen,Kenneth Wilson Nielsen,CB,53,23,13-02-2002,39,Major League Soccer,112996,Los Angeles FC,United States,1,29,18,49,53,23,42,45,63,65,50,42,35,53,51,55,52,32,35,42,61,56,52,11,15,11,12,6
76778,M. Al Shammari,Mohammed Al Shammari,"LB, LM",51,18,02-08-2006,350,Pro League,112391,Al Qadsiah FC,Saudi Arabia,1,44,29,44,30,54,20,33,67,60,50,48,28,45,55,51,50,41,38,38,38,54,55,14,11,12,15,9
209960,Pacheco,Fernando Pacheco Flores,GK,73,33,18-05-1992,350,Pro League,112390,Al Fateh,Spain,1,14,16,10,29,11,30,21,46,42,58,72,51,67,43,73,26,14,53,62,18,16,13,73,72,68,72,73
271756,M. Akinmboni,Matai Akinmboni,CB,55,18,17-10-2006,13,Premier League,1943,AFC Bournemouth,United States,1,27,21,50,44,27,44,45,57,51,50,50,35,59,56,67,60,26,30,45,53,60,55,8,14,9,10,12
259934,E. Morales,Efraín Andrés Morales Badillo,CB,59,21,04-03-2004,39,Major League Soccer,111139,CF Montréal,Bolivia,1,23,20,45,55,20,38,46,55,51,48,44,30,56,63,68,64,23,27,39,62,65,62,11,11,5,13,14
235073,G. Kobel,Gregor Kobel,GK,86,27,06-12-1997,19,Bundesliga,22,Borussia Dortmund,Switzerland,4,13,10,13,39,24,33,34,38,52,37,84,48,71,30,81,14,10,59,66,15,15,15,87,83,64,86,87
193698,O. Baumann,Oliver Baumann,GK,83,35,02-06-1990,19,Bundesliga,10029,TSG 1899 Hoffenheim,Germany,3,14,11,16,34,19,30,17,37,41,45,82,59,66,39,69,21,10,44,52,15,18,14,83,81,78,80,83
79840,N. Sessock,Nyk Sessock,"RB, RM",52,25,17-06-2000,39,Major League Soccer,112885,Atlanta United,United States,1,39,23,39,31,52,21,33,68,58,52,45,20,40,61,46,47,43,32,33,44,62,58,14,14,6,11,13
74438,Y. Tsukada,Yutaro Tsukada塚田 悠太郎,"LW, RW, LM",49,23,28-07-2001,39,Major League Soccer,112606,Orlando City SC,Japan,1,48,55,37,36,52,37,48,69,62,56,36,61,33,44,40,16,43,42,43,23,20,28,15,8,15,14,6
79103,A. Al Obaid,Abdulrahman Al Obaid,CB,54,20,02-07-2004,350,Pro League,607,Al Ittihad,Saudi Arabia,1,27,21,54,45,30,45,39,53,64,51,47,39,66,52,77,52,29,31,43,51,51,51,9,12,6,14,8
193331,K. Darlow,Karl Darlow,GK,72,34,08-10-1990,13,Premier League,8,Leeds United,Wales,1,12,14,12,36,14,30,31,60,54,64,66,50,67,44,60,26,18,37,53,17,11,12,73,70,66,72,75
188836,J. Steele,Jason Sean Steele,GK,73,34,18-08-1990,13,Premier League,1808,Brighton & Hove Albion,England,1,11,15,28,60,15,55,40,41,36,36,65,59,63,29,55,11,8,45,70,10,18,14,74,72,78,73,72
210385,Rui Silva,Rui Tiago Dantas da Silva,GK,81,31,07-02-1994,308,Primeira Liga,237,Sporting CP,Portugal,3,13,20,14,29,18,30,24,31,30,34,73,58,67,27,76,27,20,55,49,25,10,19,82,78,77,81,84
79809,A. Sharahili,Anwar Sharahili,"RW, RM",49,19,28-01-2006,350,Pro League,113222,Al Hazem FC,Saudi Arabia,1,42,54,39,42,53,38,51,62,61,56,40,60,37,42,45,19,48,42,46,18,23,26,10,11,13,6,7
75498,K. Schopp,Konstantin Schopp,CB,56,19,30-12-2005,19,Bundesliga,169,1. FSV Mainz 05,Austria,1,26,24,54,52,27,35,45,55,63,38,51,35,64,56,72,56,24,32,43,53,57,55,6,11,6,10,13
77091,O. Graham-Roache,Owen Graham-Roache,ST,52,17,11-02-2008,39,Major League Soccer,111139,CF Montréal,Canada,1,26,58,49,40,55,34,50,68,76,51,34,48,67,33,77,17,48,39,44,16,10,19,12,7,14,14,7
260250,Z. Al Jari,Ziyad Maher Al Jariزياد ماهر الجري,"CB, RB",54,23,15-11-2001,350,Pro League,112390,Al Fateh,Saudi Arabia,1,29,28,53,37,31,28,38,53,51,43,50,39,72,61,73,52,29,32,43,55,53,58,6,8,5,14,14
224241,N. Olij,Nick Olij,GK,77,29,01-08-1995,10,Eredivisie,247,PSV,Netherlands,1,18,17,16,26,12,45,25,50,50,31,72,47,61,26,52,27,20,46,31,9,14,16,82,75,62,74,80
70856,M. Anderson,Markus Adeniyi Anderson Adedeji,"LW, LM",50,21,11-12-2003,39,Major League Soccer,112134,Philadelphia Union,United States,1,41,53,36,35,53,30,57,68,69,51,32,60,32,49,36,24,54,41,49,19,25,22,13,8,11,9,7
259065,Arnau Tenas,Arnau Tenas Ureña,GK,74,24,30-05-2001,53,La Liga,483,Villarreal CF,Spain,1,14,5,12,45,18,49,38,54,48,58,72,61,60,26,38,14,11,65,60,11,13,15,73,70,81,72,77
189117,R. Bürki,Roman Bürki,GK,77,34,14-11-1990,39,Major League Soccer,113018,St. Louis CITY SC,Switzerland,3,15,8,17,37,12,24,23,44,50,49,75,45,71,40,78,18,10,57,64,15,13,16,79,75,60,73,79
81235,A. AL Khaibari,Abdulrahman AL Khaibari,"RB, RM",52,25,18-03-2000,350,Pro League,113217,Damac FC,Saudi Arabia,1,39,21,36,26,46,29,27,65,55,59,49,28,43,60,52,52,35,35,38,49,62,59,11,11,12,7,6
78943,M. Al Dawsari,Mohammed Al Dawsari,CB,54,24,01-04-2001,350,Pro League,112393,Al Taawoun FC,Saudi Arabia,1,32,23,47,48,31,43,40,51,52,55,51,30,55,62,70,58,29,31,39,55,55,54,9,12,6,8,9
223686,T. Wellenreuther,Timon Janis Wellenreuther,GK,76,29,03-12-1995,10,Eredivisie,246,Feyenoord,Germany,1,9,9,18,32,18,37,27,52,53,45,74,52,71,37,71,23,20,45,50,10,11,9,77,74,69,73,76
211515,P. Gollini,Pierluigi Gollini,GK,74,30,18-03-1995,31,Serie A,52,Roma,Italy,1,17,14,19,31,18,25,24,46,48,56,70,53,67,40,68,18,12,40,63,20,12,19,74,72,71,74,76
78028,Álvaro Augusto,Álvaro Ribeiro de Brito Augusto,CB,56,20,17-04-2005,39,Major League Soccer,695,FC Dallas,Brazil,1,29,19,60,49,30,49,31,62,75,37,46,43,73,57,75,52,24,29,39,56,55,54,6,9,10,12,9
242818,F. Dahmen,Finn Gilbert Dahmen,GK,77,27,27-03-1998,19,Bundesliga,100409,FC Augsburg,Germany,1,14,8,12,42,25,37,30,52,53,52,77,61,63,33,55,13,9,54,33,19,12,11,76,70,81,76,80
75930,A. Al Hudaybi,Ammar Al Hudaybi,"RB, RM",48,18,27-12-2006,350,Pro League,112390,Al Fateh,Saudi Arabia,1,38,26,41,31,53,22,38,57,52,55,48,23,36,56,47,51,49,35,36,43,51,45,13,13,12,13,14
78004,N. Pintus,Nicola Pintus,CB,58,20,25-05-2005,31,Serie A,1842,Cagliari,Italy,1,24,26,59,56,38,45,51,38,40,34,56,40,52,35,56,57,24,38,50,61,61,56,8,5,8,12,6
206075,S. Johnstone,Samuel Luke Johnstone,GK,76,32,25-03-1993,13,Premier League,110,Wolverhampton Wanderers,England,2,17,11,17,27,16,35,18,38,45,55,73,52,64,37,68,17,11,48,50,22,17,20,77,76,69,74,77
223150,L. Mpasi,Lionel M'Pasi N'Zau,GK,67,30,01-08-1994,16,Ligue 1,1738,Le Havre AC,Congo DR,1,17,19,40,39,26,37,29,45,46,35,66,50,71,21,68,18,19,35,40,15,12,12,67,66,66,66,65
258498,B. Verbruggen,Bart Verbruggen,GK,78,22,18-08-2002,13,Premier League,1808,Brighton & Hove Albion,Netherlands,1,10,8,15,40,15,35,23,57,55,52,76,57,73,30,72,19,4,43,35,12,17,14,79,76,76,75,81
211348,S. Dimitrievski,Stole DimitrievskiСтоле Димитриевски,GK,79,31,25-12-1993,53,La Liga,461,Valencia CF,North Macedonia,1,11,20,14,23,18,27,19,35,38,44,77,56,66,40,72,21,15,51,53,19,19,17,79,78,74,77,78
239254,B. Özer,Berke Özer,GK,77,25,25-05-2000,16,Ligue 1,65,Lille OSC,Türkiye,1,15,11,10,43,21,34,29,40,49,31,73,53,61,38,61,18,11,48,60,18,19,24,77,73,70,76,79
224251,R. Zentner,Robin Zentner,GK,78,30,28-10-1994,19,Bundesliga,169,1. FSV Mainz 05,Germany,2,17,14,18,29,11,26,16,60,64,30,77,44,80,29,83,18,10,22,46,17,17,13,81,74,59,72,83
194911,Adrián,Adrián San Miguel del Castillo,GK,73,38,03-01-1987,53,La Liga,449,Real Betis Balompié,Spain,1,12,16,15,21,15,32,23,44,42,53,71,54,63,38,63,25,12,32,57,18,19,14,68,76,72,75,68
73873,M. Bell,Matthew Bell,ST,51,22,27-08-2002,39,Major League Soccer,111065,Real Salt Lake,Jamaica,1,30,56,56,40,43,26,48,53,53,53,50,44,57,58,58,12,54,43,47,13,11,15,14,7,13,10,11
258485,F. Jörgensen,Filip Jørgensen,GK,77,23,16-04-2002,13,Premier League,5,Chelsea,Denmark,1,10,11,12,45,18,47,40,45,45,55,74,54,63,35,62,13,10,50,55,17,13,13,77,76,72,77,78
70079,A. Sipić,Adem Sipić,ST,50,19,05-04-2006,39,Major League Soccer,114162,Nashville SC,United States,1,25,52,54,35,42,30,47,54,62,49,47,50,59,51,69,23,46,41,53,18,20,16,12,8,7,14,14
198009,M. Perin,Mattia Perin,GK,78,32,10-11-1992,31,Serie A,45,Juventus,Italy,2,11,11,12,33,19,31,23,57,56,53,74,53,63,30,52,19,12,45,65,20,12,19,78,78,71,79,78
225701,P. Gallese,Pedro David Gallese Quiroz,GK,72,35,23-02-1990,39,Major League Soccer,112606,Orlando City SC,Peru,1,21,20,18,31,19,44,22,45,48,34,76,48,56,30,49,25,18,53,44,23,19,19,71,71,64,70,73
214979,J. Musso,Juan Agustín Musso,GK,79,31,06-05-1994,53,La Liga,240,Atlético Madrid,Argentina,1,20,18,15,31,16,24,20,46,42,32,70,55,68,35,70,18,19,48,67,12,14,16,79,77,73,81,82
216325,A. Gunn,Angus Fraser James Gunn,GK,72,29,22-01-1996,13,Premier League,14,Nottingham Forest,Scotland,1,14,15,14,31,20,46,27,48,49,40,65,53,65,31,66,18,9,49,48,20,16,14,73,71,70,70,74
242879,M. Vandevoordt,Maarten Vandevoordt,GK,76,23,26-02-2002,19,Bundesliga,112172,RB Leipzig,Belgium,1,23,7,15,52,24,66,29,41,39,52,68,56,61,37,59,14,5,64,54,11,10,18,78,75,75,74,77
189908,Ł. Skorupski,Łukasz Skorupski,GK,79,34,05-05-1991,31,Serie A,189,Bologna,Poland,2,19,11,10,35,18,26,23,51,51,48,76,51,63,31,58,17,13,40,58,18,15,14,79,76,68,78,83
213536,M. Crépeau,Maxime Crépeau,GK,69,31,11-05-1994,39,Major League Soccer,111140,Portland Timbers,Canada,1,19,17,14,34,19,46,40,46,44,43,62,48,64,33,68,20,7,53,58,10,17,17,71,69,64,66,72
185427,Ø. Nyland,Ørjan Håskjold Nyland,GK,76,34,10-09-1990,53,La Liga,481,Sevilla FC,Norway,1,12,11,13,29,21,35,23,47,48,45,73,58,67,33,70,21,13,33,39,17,11,12,76,75,77,74,75
275008,J. Neeley,Jack Neeley,"CB, RB",56,20,11-03-2005,39,Major League Soccer,114640,Charlotte FC,United States,1,29,21,51,33,28,26,40,55,55,45,40,37,57,58,60,58,25,32,41,60,65,62,11,14,14,8,9
81425,V. Radojević,Viktor Radojević,"LB, LM",49,20,14-07-2004,39,Major League Soccer,693,Chicago Fire,Serbia,1,38,20,42,32,45,21,37,65,55,50,46,26,43,55,51,50,49,32,37,41,52,49,14,8,11,12,11
70442,T. Reid-Brown,Tahir Yazid Reid-Brown,"LB, LM",48,18,02-07-2006,39,Major League Soccer,112606,Orlando City SC,United States,1,38,24,40,31,44,30,31,77,79,66,42,39,47,52,47,48,42,33,32,39,43,42,6,7,9,14,10
188943,K. Trapp,Kevin Christian Trapp,GK,81,34,08-07-1990,16,Ligue 1,111817,Paris FC,Germany,3,13,13,11,25,10,14,24,43,50,42,82,56,68,45,75,22,12,48,65,15,14,10,82,80,74,76,84
69986,R. Mitchell,Roald Mitchell,ST,50,22,13-01-2003,39,Major League Soccer,689,New York Red Bulls,United States,1,30,55,44,40,50,27,44,58,74,52,52,51,38,52,47,14,46,42,44,16,17,13,5,14,14,10,6
216939,A. Blake,Andre Jason Blake,GK,75,34,21-11-1990,39,Major League Soccer,112134,Philadelphia Union,Jamaica,2,12,13,24,32,11,33,28,43,49,48,71,53,68,41,68,15,12,41,62,14,14,13,74,70,71,78,77
73870,D. Vazquez,David Vazquez,"LW, LM",49,19,22-02-2006,39,Major League Soccer,131439,San Diego FC,United States,1,40,54,33,42,51,31,53,68,67,51,37,64,32,48,41,18,46,43,44,21,20,24,14,10,6,10,9
204092,J. Blaswich,Janis Jonathan Blaswich,GK,73,34,02-05-1991,19,Bundesliga,32,Bayer 04 Leverkusen,Germany,1,20,18,15,38,19,30,31,47,38,31,71,49,69,31,74,19,11,46,54,10,15,13,73,68,65,76,73
78207,G. Caraballo,Gustavo Andres Caraballo Delgado,"RW, LW, RM",50,16,29-08-2008,39,Major League Soccer,112606,Orlando City SC,Venezuela,1,48,49,32,45,57,32,51,59,62,53,33,52,29,45,40,19,45,47,40,20,20,23,7,9,11,11,9
271571,Gabriel Batista,Gabriel Batista de Souza,GK,73,27,03-06-1998,308,Primeira Liga,1438,Santa Clara,Brazil,1,15,10,10,52,19,53,20,41,35,33,66,59,61,30,64,11,4,64,31,5,13,13,72,72,78,73,73
229114,L. Bossin,Liam Cathal Bossin,GK,65,29,15-06-1996,10,Eredivisie,246,Feyenoord,Republic of Ireland,1,14,22,18,30,27,22,33,45,48,37,64,46,65,26,69,20,14,49,49,20,20,14,66,63,61,62,65
77351,L. Burney,Leo Burney,CB,55,23,02-11-2001,39,Major League Soccer,111144,Seattle Sounders FC,United States,1,23,19,59,39,30,34,31,51,51,44,51,45,70,52,80,51,20,28,42,53,55,50,12,13,8,14,12
186998,W. Yarbrough,William Paul Yarbrough Story,GK,66,36,20-03-1989,39,Major League Soccer,112893,Inter Miami,United States,1,12,17,14,32,18,35,21,59,56,40,65,50,72,34,75,12,16,52,48,25,15,14,65,64,66,66,66
78202,C. Cupps,Christopher Cupps,CB,52,17,26-05-2008,39,Major League Soccer,693,Chicago Fire,United States,1,25,28,48,35,34,34,36,55,61,49,50,36,56,56,69,52,22,29,42,51,54,51,9,14,14,13,5
234642,É. Mendy,Édouard Osoque Mendy,GK,80,33,01-03-1992,350,Pro League,112387,Al Ahli SFC,Senegal,3,10,5,10,54,18,54,31,33,36,50,80,56,64,36,72,13,6,50,57,10,11,13,78,77,75,79,81
265526,G. Restes,Guillaume Restes,GK,78,20,11-03-2005,16,Ligue 1,1809,Toulouse FC,France,1,17,9,12,51,8,48,17,38,44,38,72,60,62,39,65,13,9,62,55,11,16,14,78,74,80,77,80
194150,S. Moore,Simon William Moore,GK,66,35,19-05-1990,13,Premier League,106,Sunderland,England,1,14,13,20,45,14,52,34,48,45,54,61,51,61,36,57,23,13,52,49,15,13,18,67,65,68,64,67
246657,Álvaro Valles,Álvaro Vallés Rosa,GK,79,27,25-07-1997,53,La Liga,449,Real Betis Balompié,Spain,3,16,6,10,58,12,56,14,40,42,38,70,59,63,40,65,15,9,67,45,9,10,9,78,78,78,80,80
245276,M. Al Rubaie,Mohammed Faraj Al Rubaie Al Yamiمحمد الربيعي اليامي,GK,62,27,14-08-1997,350,Pro League,605,Al Hilal,Saudi Arabia,1,21,15,23,37,17,39,27,35,40,38,56,45,60,34,63,24,18,54,46,30,22,22,67,55,60,59,64
202873,K. Müller,Kevin Müller,GK,74,34,15-03-1991,19,Bundesliga,111235,1. FC Heidenheim 1846,Germany,1,12,13,13,35,17,34,18,49,46,48,72,52,71,31,76,20,11,39,52,12,10,10,71,71,69,74,77
240225,M. Safonov,Matvey SafonovСафонов Матвей Евгеньевич,GK,78,26,25-02-1999,16,Ligue 1,73,Paris Saint-Germain,Russia,1,13,8,13,39,15,26,26,46,42,55,70,56,65,34,65,15,8,58,59,20,14,12,79,74,75,77,80
197928,J. Bond,Jonathan Henry Bond,GK,68,32,19-05-1993,39,Major League Soccer,698,Houston Dynamo,England,1,11,13,13,33,11,45,24,54,42,57,66,49,65,38,64,23,13,43,67,14,14,17,68,66,65,68,67
250753,A. Trubin,Anatolii TrubinТрубін Анатолій Володимирович,GK,80,23,01-08-2001,308,Primeira Liga,234,SL Benfica,Ukraine,3,11,9,12,37,13,32,29,49,38,36,76,58,68,33,69,9,6,64,50,9,11,11,77,76,77,83,84
224322,K. Haug,Christian Kjetil Haug,GK,70,27,12-06-1998,16,Ligue 1,1809,Toulouse FC,Norway,1,18,13,22,38,17,37,24,43,49,47,64,51,62,27,59,17,12,40,31,23,14,20,70,68,68,69,72
220820,M. Diaw,Mory Diaw,GK,70,32,22-06-1993,16,Ligue 1,1738,Le Havre AC,Senegal,1,17,19,22,31,19,25,24,44,42,33,59,53,69,29,72,18,13,42,33,22,19,18,70,70,71,70,72
237525,A. Bodart,Arnaud Bodart,GK,73,27,11-03-1998,16,Ligue 1,65,Lille OSC,Belgium,1,15,22,15,35,19,42,29,58,50,58,66,51,65,20,55,25,6,54,63,15,12,18,76,70,68,73,73
198350,D. Bentley,Daniel Ian Bentley,GK,71,31,13-07-1993,13,Premier League,110,Wolverhampton Wanderers,England,1,18,11,11,43,17,26,30,48,43,51,69,52,64,31,67,22,12,50,55,30,11,13,71,67,69,70,72
222951,M. Rodák,Marek Rodák,GK,74,28,13-12-1996,350,Pro League,112096,Al Ettifaq,Slovakia,1,15,20,15,33,15,23,21,51,41,45,73,55,68,27,68,21,17,34,51,8,17,16,76,71,73,71,76
215363,L. Montipò,Lorenzo Montipò,GK,76,29,20-02-1996,31,Serie A,206,Hellas Verona FC,Italy,1,15,20,17,21,19,23,20,40,45,46,73,52,60,35,55,18,15,40,38,10,21,13,75,72,69,74,82
258466,Leo Román,Leonardo Román Riquelme,GK,77,24,06-07-2000,53,La Liga,453,RCD Mallorca,Spain,1,14,12,12,28,16,25,18,49,48,50,76,54,67,44,68,14,11,49,46,12,14,15,76,75,72,75,78
242656,I. Meslier,Illan Stéphane Meslier,GK,72,25,02-03-2000,13,Premier League,8,Leeds United,France,1,18,11,15,50,20,50,35,37,40,42,71,53,55,40,53,19,8,61,65,22,17,19,71,72,70,70,73
270821,M. Penders,Mike Louis Penders,GK,73,19,31-07-2005,16,Ligue 1,76,RC Strasbourg Alsace,Belgium,1,12,8,27,55,30,62,42,17,29,31,65,57,63,26,71,9,7,52,41,9,10,14,77,72,76,69,75
146952,Pichu Cuéllar,Iván Cuéllar Sacristán,GK,67,41,27-05-1984,53,La Liga,453,RCD Mallorca,Spain,1,29,15,13,25,14,28,13,51,40,49,66,48,69,38,75,21,12,49,56,20,11,15,65,67,64,66,67
255303,E. Caprile,Elia Caprile,GK,76,23,25-08-2001,31,Serie A,1842,Cagliari,Italy,1,11,7,11,40,18,38,25,50,52,60,73,54,62,28,56,6,6,56,33,13,14,16,75,73,72,74,78
279660,M. Al Dowaish,Mohammed Ali Abdulaziz Al Dowaish,"RB, CB, RM",51,21,28-05-2004,350,Pro League,113057,Al Fayha,Saudi Arabia,1,37,18,56,31,24,28,43,56,61,47,42,35,61,59,62,47,25,30,40,54,55,54,5,7,14,12,9
211101,Rubén Blanco,Rubén Blanco Veiga,GK,73,29,25-07-1995,16,Ligue 1,219,Olympique de Marseille,Spain,1,18,18,15,35,17,29,10,54,52,52,66,55,52,44,35,22,11,37,57,25,11,11,76,72,73,70,74
75489,A. Haraj,Amjad Haraj,"CB, RB",51,18,16-01-2007,350,Pro League,111674,Al Shabab,Saudi Arabia,1,25,21,53,39,30,35,35,56,62,49,51,33,54,58,56,56,18,25,46,52,53,52,12,14,8,11,10
239272,V. Barkas,Vasilis Cornelius BarkasΒασίλειος Μπάρκας,GK,74,31,30-05-1994,10,Eredivisie,1903,FC Utrecht,Greece,1,14,10,14,32,15,36,24,44,40,45,73,55,65,39,70,13,12,58,60,17,12,13,74,72,73,72,76
228413,E. Audero,Emil Audero Mulyadi,GK,78,28,18-01-1997,31,Serie A,111434,Cremonese,Indonesia,1,13,16,19,29,19,19,18,55,49,53,75,54,66,25,55,11,8,40,56,10,12,12,79,74,72,76,81
278749,H. Rabea,Hassan Ali Rabea,CB,49,22,22-06-2003,350,Pro League,113217,Damac FC,Saudi Arabia,1,26,26,45,40,39,28,32,54,60,40,49,38,40,60,47,56,26,33,38,52,51,52,11,14,12,9,11
227819,Samuel Portugal,Samuel Portugal Lima,GK,70,31,29-03-1994,350,Pro League,113060,Al Akhdoud Saudi Club,Brazil,1,19,14,13,30,15,31,26,40,39,34,65,55,62,33,68,12,14,63,52,11,15,14,71,67,73,69,72
253428,V. Jaroš,Vítězslav Jaroš,GK,70,23,23-07-2001,10,Eredivisie,245,Ajax,Czechia,1,12,11,11,45,15,49,29,39,38,50,65,53,57,40,58,12,14,60,58,17,12,13,72,70,70,68,70
239342,H. Koffi,Kouakou Hervé Koffi,GK,73,28,16-10-1996,16,Ligue 1,1530,Angers SCO,Burkina Faso,1,11,8,13,23,13,26,27,58,53,63,73,51,71,30,71,14,8,44,58,13,11,10,75,69,68,67,76
278747,A. Al Nakhli,Ahmed Al Nakhli,"LB, LM",49,23,15-03-2002,350,Pro League,113222,Al Hazem FC,Saudi Arabia,1,35,26,36,26,49,22,36,53,52,55,51,28,27,59,40,48,42,32,37,46,52,54,13,13,12,12,7
163264,T. Heaton,Thomas David Heaton,GK,67,39,15-04-1986,13,Premier League,11,Manchester United,England,1,17,12,16,38,17,45,35,44,40,50,60,49,62,20,63,24,12,48,59,16,15,13,68,66,65,68,67
211990,O. Vlachodimos,Odysseas VlachodimosΟδυσσέας Βλαχοδήμος,GK,72,31,26-04-1994,53,La Liga,481,Sevilla FC,Greece,1,15,12,13,27,13,24,23,41,43,61,70,50,70,37,67,23,14,46,56,17,14,12,73,72,66,72,71
231073,B. Radunović,Boris RadunovićБорис Радуновић,GK,70,29,26-05-1996,31,Serie A,1842,Cagliari,Serbia,1,15,19,15,32,17,34,26,38,42,46,63,51,65,32,72,22,13,40,54,20,15,16,73,65,68,68,75
263673,Andrew,Andrew da Silva Ventura,GK,75,24,01-07-2001,308,Primeira Liga,1888,Gil Vicente FC,Brazil,1,13,10,11,45,12,43,17,48,41,39,72,58,59,39,53,8,4,66,34,10,9,17,75,73,77,73,77
168965,R. Riou,Rémy Riou,GK,67,37,06-08-1987,16,Ligue 1,111817,Paris FC,France,1,14,11,12,48,12,34,23,45,53,39,65,48,67,32,75,28,15,42,48,14,13,12,66,66,64,68,67
222514,F. Woodman,Frederick John Woodman,GK,71,28,04-03-1997,13,Premier League,9,Liverpool,England,1,14,16,20,40,17,38,23,45,50,47,70,47,56,34,46,26,12,45,54,10,21,20,72,69,62,68,71
244020,André Ferreira,André Filipe Magalhães Ribeiro Ferreira,GK,68,29,29-05-1996,308,Primeira Liga,1900,Moreirense FC,Portugal,1,19,17,12,28,18,27,24,38,39,60,64,50,66,33,76,19,11,49,38,12,14,18,68,64,66,69,68
235633,Y. Diouf,Yehvann Diouf,GK,78,25,16-11-1999,16,Ligue 1,72,OGC Nice,Senegal,1,13,8,14,35,13,30,21,52,48,48,75,57,67,44,62,15,6,41,46,13,11,16,78,75,76,76,80
190745,M. Silvestri,Marco Silvestri,GK,72,34,02-03-1991,31,Serie A,111434,Cremonese,Italy,1,12,20,12,22,18,20,20,58,61,65,70,43,66,34,60,11,14,47,44,8,18,16,72,71,57,73,74
214680,G. Gallon,Gauthier Gallon,GK,73,32,23-04-1993,16,Ligue 1,74,Stade Rennais FC,France,1,12,14,13,29,17,27,18,40,40,38,66,54,62,29,64,22,15,52,56,12,16,13,74,71,72,73,75
274942,C. Glover,Caden Edward Glover,ST,50,18,08-03-2007,39,Major League Soccer,113018,St. Louis CITY SC,United States,1,27,55,50,37,50,25,51,54,65,67,49,49,37,32,37,18,48,40,52,12,11,15,13,7,14,15,8
235574,Lucas França,Lucas Oliveira de França,GK,75,29,19-01-1996,308,Primeira Liga,1891,CD Nacional,Brazil,1,15,13,12,22,14,15,21,42,39,37,78,49,62,40,62,28,18,58,52,13,12,15,73,72,65,75,78
190780,S. Johnson,Sean Everet Johnson,GK,68,36,31-05-1989,39,Major League Soccer,111651,Toronto FC,United States,1,13,12,14,43,19,46,20,34,37,40,66,52,63,35,72,18,13,35,50,16,15,15,67,65,69,67,71
251752,L. Chevalier,Lucas Chevalier,GK,83,23,06-11-2001,16,Ligue 1,73,Paris Saint-Germain,France,3,12,9,12,38,14,34,17,52,46,38,80,55,63,41,53,10,7,47,45,10,10,11,84,79,73,80,86
212197,D. Heuer Fernandes,Daniel Heuer Fernandes,GK,74,32,13-11-1992,19,Bundesliga,28,Hamburger SV,Portugal,1,8,11,10,45,20,54,26,42,40,38,70,56,63,40,69,15,7,48,28,12,15,11,74,70,75,73,75
258534,Diego Conde,Diego José Conde Alcolado,GK,77,26,28-10-1998,53,La Liga,483,Villarreal CF,Spain,1,15,11,14,22,15,25,20,44,41,58,75,51,64,39,62,14,11,47,43,14,9,13,75,75,68,76,79
205812,P. Terracciano,Pietro Terracciano,GK,78,35,08-03-1990,31,Serie A,47,AC Milan,Italy,1,13,11,15,27,15,21,22,40,42,48,70,54,62,33,60,16,12,45,65,20,11,19,79,75,72,78,82
246417,A. Patterson,Anthony Patterson,GK,73,25,10-05-2000,13,Premier League,106,Sunderland,England,1,16,12,11,48,20,57,24,29,32,40,68,54,55,30,58,12,10,62,36,20,14,13,73,71,72,70,75
235590,P. Sisniega,Pablo Eduardo Sisniega Fink,GK,64,29,07-07-1995,39,Major League Soccer,131439,San Diego FC,Mexico,1,20,11,21,33,24,46,35,41,48,45,55,48,61,39,61,18,7,31,46,10,23,22,63,65,64,65,64
233267,M. Turner,Matthew Charles Turner,GK,74,31,24-06-1994,39,Major League Soccer,691,New England Revolution,United States,1,13,15,14,24,16,29,24,38,42,48,71,50,62,35,64,27,15,55,59,11,11,11,74,72,67,73,74
271949,N. Labrović,Nediljko Labrović,GK,73,25,10-10-1999,19,Bundesliga,100409,FC Augsburg,Croatia,1,12,9,12,39,15,41,21,41,39,46,70,47,68,28,78,15,6,43,41,17,18,19,73,68,63,73,76
218212,A. Noppert,Andries Noppert,GK,68,31,07-04-1994,10,Eredivisie,1913,SC Heerenveen,Netherlands,1,14,19,19,30,19,39,25,35,34,40,68,49,62,42,69,16,15,32,53,10,15,13,69,67,65,67,67
79866,J. Torquato,Joshua Torquato,"LB, LM",48,17,24-07-2007,39,Major League Soccer,695,FC Dallas,United States,1,45,29,43,29,47,29,35,64,55,59,45,22,39,56,46,45,45,30,30,40,50,46,9,14,7,5,8
79420,K. Mboma Dem,Kenji Mboma Dem,"ST, RW, CAM",49,23,22-01-2002,39,Major League Soccer,113149,FC Cincinnati,France,1,25,58,53,40,46,25,40,55,53,50,50,49,39,58,38,18,45,45,46,10,10,10,11,13,6,13,14
237250,S. Cleveland,Stefan Daniel Cleveland,GK,64,31,25-05-1994,39,Major League Soccer,114161,Austin FC,United States,1,22,9,15,44,12,42,27,55,54,33,58,47,65,40,62,11,13,51,40,12,12,25,64,63,62,64,66
213206,B. Stuver,Bradley Stuver,GK,69,34,16-04-1991,39,Major League Soccer,114161,Austin FC,United States,1,13,17,17,25,16,20,18,49,44,48,62,49,69,42,71,17,13,40,25,15,17,16,70,68,65,70,70
232284,M. Travers,Mark Travers,GK,72,26,18-05-1999,13,Premier League,7,Everton,Republic of Ireland,1,16,14,15,50,13,44,19,41,38,39,68,52,61,30,60,13,11,47,47,14,15,14,73,69,69,72,74
77459,A. Saidi,Anisse Saidiأنيس السعيدي,ST,48,17,20-06-2008,39,Major League Soccer,131439,San Diego FC,Tunisia,1,25,58,48,39,37,25,48,57,50,55,49,46,36,53,40,18,50,40,40,18,12,17,8,14,11,9,15
262659,N. Atubolu,Noah Atubolu,GK,77,23,25-05-2002,19,Bundesliga,25,SC Freiburg,Germany,1,12,8,13,27,11,31,14,52,59,32,77,56,73,29,79,13,9,50,46,12,12,12,76,73,75,74,79
251136,H. Moldovan,Horațiu Alexandru Moldovan,GK,71,27,20-01-1998,53,La Liga,110827,Real Oviedo,Romania,1,11,17,12,25,17,28,15,45,40,55,68,50,59,37,55,15,15,55,42,18,14,13,71,69,66,71,73
239364,P. Köhn,Philipp François Köhn,GK,77,27,02-04-1998,16,Ligue 1,69,AS Monaco,Switzerland,1,11,8,12,35,23,30,28,48,43,56,74,52,65,28,63,12,7,54,32,12,13,14,78,74,69,75,78
190941,L. Hrádecký,Lukáš Hrádecký,GK,81,35,24-11-1989,16,Ligue 1,69,AS Monaco,Finland,3,11,11,11,30,10,33,20,38,44,43,80,48,59,34,55,18,9,53,45,10,10,13,83,79,64,81,83
208894,F. Bednarek,Filip Bednarek,GK,65,32,26-09-1992,10,Eredivisie,100646,Sparta Rotterdam,Poland,1,16,15,17,26,14,28,25,47,40,33,63,48,65,45,70,22,12,51,61,9,16,21,65,63,64,65,65
186148,R. Zieler,Ron-Robert Zieler,GK,75,36,12-02-1989,19,Bundesliga,31,1. FC Köln,Germany,1,15,10,13,25,12,22,22,46,50,43,76,53,61,32,55,21,15,42,61,20,12,13,73,71,70,77,75
229501,Victor Braga,Victor Hugo Silva Braga,GK,70,33,17-02-1992,350,Pro League,115892,Al-Najma SC,Brazil,1,13,12,19,29,18,25,19,47,46,30,62,53,62,36,75,20,14,40,35,10,13,18,70,67,71,68,73
164505,B. Guzan,Bradley Edwin Guzan,GK,68,40,09-09-1984,39,Major League Soccer,112885,Atlanta United,United States,1,16,14,12,26,14,34,28,38,37,37,68,49,63,30,71,19,12,51,53,12,15,14,69,67,65,65,69
190569,S. Frei,Stefan Frei,GK,72,39,20-04-1986,39,Major League Soccer,111144,Seattle Sounders FC,United States,1,15,17,12,32,18,32,26,30,30,38,63,50,59,25,67,15,12,59,50,12,20,12,71,68,67,74,74
190120,K. Johnsson,Karl-Johan Anton Johnsson,GK,69,35,28-01-1990,16,Ligue 1,76,RC Strasbourg Alsace,Sweden,1,15,12,19,38,16,41,21,40,41,41,64,50,62,28,64,16,12,45,41,16,18,16,68,67,67,70,69
202215,J. Willis,Joe Willis,GK,69,36,10-08-1988,39,Major League Soccer,114162,Nashville SC,United States,1,13,8,12,34,13,38,15,47,46,52,62,48,67,26,71,24,13,35,46,15,12,10,70,69,64,70,69
167959,Marcelo Grohe,Marcelo Grohe,GK,75,38,13-01-1987,350,Pro League,111674,Al Shabab,Brazil,2,10,12,14,35,11,22,23,43,32,40,73,50,63,28,62,27,13,52,66,14,10,17,72,72,66,72,81
186680,Raúl Fernández,Raúl Fernández Cavada Mateos,GK,72,37,13-03-1988,53,La Liga,463,Deportivo Alavés,Spain,1,23,13,13,29,16,26,14,35,42,40,60,50,65,32,75,21,11,49,54,18,11,11,71,73,67,74,71
157970,Ricardo Batista,Ricardo Jorge Cecília Batista,GK,71,38,19-11-1986,308,Primeira Liga,114510,Casa Pia,Angola,1,17,12,10,36,16,34,21,39,37,46,68,51,62,24,70,22,17,16,41,17,9,19,71,70,68,71,69
243952,A. Lunin,Andriy LuninЛунін Андрій Олексійович,GK,81,26,11-02-1999,53,La Liga,243,Real Madrid,Ukraine,3,15,8,12,25,11,26,15,39,35,36,80,59,62,32,61,19,11,60,56,22,13,11,80,78,79,80,82
228860,H. Jurjus,Hidde Jurjus,GK,66,31,09-02-1994,10,Eredivisie,1915,FC Groningen,Netherlands,1,19,14,19,25,19,45,24,47,39,38,63,47,64,40,63,15,11,40,50,13,17,16,67,62,63,64,68
235413,R. Majecki,Radosław Majecki,GK,77,25,16-11-1999,16,Ligue 1,378,Stade Brestois 29,Poland,1,12,19,12,29,27,15,28,29,34,39,74,53,58,23,61,23,11,41,43,8,24,25,77,75,71,76,78
200696,H. Verhulst,Hobie Verhulst,GK,65,32,02-04-1993,10,Eredivisie,1906,AZ Alkmaar,Netherlands,1,14,11,15,29,17,40,28,43,44,42,63,53,62,41,66,17,13,17,38,14,18,14,64,63,70,65,65
81295,M. Sémbène,Moustapha Sémbène,CB,51,27,22-06-1998,350,Pro League,112393,Al Taawoun FC,Senegal,1,20,17,43,34,25,25,32,58,55,44,41,39,50,63,64,53,22,25,38,51,56,59,12,6,11,7,6
244316,Luís Maximiano,Luís Manuel Arantes Maximiano,GK,72,26,05-01-1999,350,Pro League,131798,NEOM SC,Portugal,1,10,5,8,45,16,40,21,55,55,58,73,52,67,23,68,9,6,59,56,21,15,13,71,70,69,69,73
234102,I. Radu,Ionuț Andrei Radu,GK,74,28,28-05-1997,53,La Liga,450,RC Celta,Romania,1,13,18,16,24,15,24,17,52,48,43,72,52,64,32,58,14,9,37,43,12,21,17,74,71,69,70,77
252154,M. Carnesecchi,Marco Carnesecchi,GK,84,25,01-07-2000,31,Serie A,39,Atalanta,Italy,3,11,8,20,36,14,31,21,24,39,40,71,53,58,28,55,13,9,54,40,16,17,14,86,83,71,85,86
242948,M. Kovář,Matěj Kovář,GK,75,25,17-05-2000,10,Eredivisie,247,PSV,Czechia,1,15,9,11,43,22,50,35,26,37,31,67,59,54,28,55,18,7,57,63,12,14,10,74,75,78,77,75
200726,B. Lecomte,Benjamin Lecomte,GK,74,34,26-04-1991,13,Premier League,144,Fulham FC,France,2,13,11,10,30,11,33,23,41,40,36,71,56,63,34,68,24,10,44,61,17,11,12,73,72,75,73,75
232229,J. Bijlow,Justin Bijlow,GK,75,27,22-01-1998,10,Eredivisie,246,Feyenoord,Netherlands,2,10,8,11,32,11,46,20,41,43,51,74,56,62,25,65,10,10,55,53,16,12,14,77,72,75,73,76
195668,Joel Robles,Joel Robles Blázquez,GK,73,35,17-06-1990,308,Primeira Liga,10020,GD Estoril Praia,Spain,1,12,11,12,15,18,26,25,47,55,50,68,52,68,25,72,22,13,41,54,11,11,14,74,71,69,70,74
213719,A. Kann,Alec Kann,GK,66,34,08-08-1990,39,Major League Soccer,113149,FC Cincinnati,United States,1,13,12,18,27,12,32,20,42,44,30,59,47,67,43,75,24,17,54,46,10,13,17,67,67,62,67,63
210772,P. Drewes,Patrick Drewes,GK,71,32,04-02-1993,19,Bundesliga,22,Borussia Dortmund,Germany,1,15,14,15,25,12,28,18,30,29,31,68,50,65,41,77,21,13,39,47,16,15,16,73,70,67,71,70
210940,S. Perilli,Simone Perilli,GK,67,30,07-01-1995,31,Serie A,206,Hellas Verona FC,Italy,1,18,17,12,25,14,27,20,46,45,36,69,46,62,30,65,23,13,35,54,25,15,18,67,67,61,66,64
201269,F. Rønnow,Frederik Riis Rønnow,GK,80,32,04-08-1992,19,Bundesliga,1831,1. FC Union Berlin,Denmark,2,14,9,12,25,13,30,12,48,45,34,76,52,67,32,67,12,14,48,31,15,11,13,80,80,69,78,82
219584,L. Lezzerini,Luca Lezzerini,GK,69,30,24-03-1995,31,Serie A,110374,Fiorentina,Italy,1,13,13,12,31,14,22,24,46,50,41,63,47,63,32,66,18,15,35,66,19,19,14,70,67,62,70,71
234833,F. Müller,Florian Müller,GK,72,27,13-11-1997,19,Bundesliga,25,SC Freiburg,Germany,1,12,11,11,32,18,27,24,43,43,42,70,53,63,34,67,19,11,42,38,20,11,12,72,67,71,68,79
211946,M. Kolke,Markus Kolke,GK,67,34,18-08-1990,19,Bundesliga,38,SV Werder Bremen,Germany,1,12,15,20,24,13,21,18,48,40,39,65,46,70,45,75,21,19,25,23,11,17,19,66,65,61,69,68
77597,A. Kaabi,Ahmed Kaabi,CB,47,20,04-03-2005,350,Pro League,112391,Al Qadsiah FC,Saudi Arabia,1,29,18,42,27,26,25,32,63,63,48,46,38,39,56,49,51,29,26,38,50,48,54,7,6,13,13,11
176094,P. Tytoń,Przemysław Tytoń,GK,66,38,04-01-1987,10,Eredivisie,1908,FC Twente,Poland,1,10,14,14,32,15,32,20,51,49,48,69,52,68,30,71,22,13,35,51,5,17,14,65,63,69,63,64
243647,A. Bayındır,Altay Bayındır,GK,75,27,14-04-1998,13,Premier League,11,Manchester United,Türkiye,1,11,10,14,40,10,45,16,30,31,51,69,53,61,31,68,14,14,55,60,14,13,10,77,72,70,75,77
192397,Rafael,Rafael Cabral Barbosa,GK,68,35,20-05-1990,39,Major League Soccer,111065,Real Salt Lake,Brazil,1,18,10,13,30,17,28,23,39,49,52,67,42,61,32,66,29,10,41,46,13,11,17,68,64,56,68,72
236515,Álvaro Ferllo,Álvaro Fernández Llorente,GK,74,27,13-04-1998,53,La Liga,481,Sevilla FC,Spain,1,9,8,9,29,14,26,28,44,51,68,74,51,59,37,59,14,5,41,52,10,11,11,75,71,68,73,76
262621,G. Mamardashvili,Giorgi Mamardashviliგიორგი მამარდაშვილი,GK,84,24,29-09-2000,13,Premier League,9,Liverpool,Georgia,3,13,9,14,20,11,20,22,48,48,40,74,54,71,45,74,8,8,34,26,5,12,10,84,81,72,84,84
177475,T. Sippel,Tobias Sippel,GK,66,37,22-03-1988,19,Bundesliga,23,Borussia Mönchengladbach,Germany,1,14,12,13,33,13,26,19,50,42,48,65,56,64,41,65,15,16,31,41,12,15,12,64,62,74,66,64
248158,G. Slonina,Gabriel Paweł Słonina,GK,68,21,15-05-2004,13,Premier League,5,Chelsea,United States,1,10,10,11,25,15,30,25,43,47,50,68,47,63,35,70,13,10,50,50,20,11,12,70,64,63,65,70
225650,T. King,Thomas Lloyd King,GK,64,30,09-03-1995,13,Premier League,7,Everton,Wales,1,9,6,18,35,8,43,28,40,44,39,56,46,66,32,73,13,12,45,42,15,17,20,64,63,61,63,64
255981,Z. Suzuki,Zion Suzuki鈴木 彩艶,GK,74,22,21-08-2002,31,Serie A,50,Parma,Japan,1,12,6,12,21,14,23,11,55,58,59,67,53,73,23,78,7,7,40,39,8,16,13,73,72,71,73,76
203824,R. Matthews,Remi Luke Matthews,GK,63,31,10-02-1994,13,Premier League,1799,Crystal Palace,England,1,11,15,15,35,22,39,27,44,47,49,55,47,62,29,66,15,7,39,34,12,15,17,64,63,62,62,63
230749,A. Bukhari,Amin Mohammed Saleh Ahmed Jan Al Bukhariأمين محمد جان بخاري,GK,59,28,02-05-1997,350,Pro League,112390,Al Fateh,Saudi Arabia,1,14,17,15,25,13,24,24,44,48,55,61,42,60,36,65,22,16,51,29,24,18,12,60,56,56,57,58
204513,M. Dupé,Maxime Dupé,GK,74,32,04-03-1993,16,Ligue 1,72,OGC Nice,France,1,10,10,13,34,11,29,22,48,42,35,66,54,68,21,71,23,11,35,58,9,11,11,76,73,72,71,74
208987,I. Zaid,Ibrahim Zaid Al Malkiإبراهيم زايد,GK,62,35,22-01-1990,350,Pro League,113222,Al Hazem FC,Saudi Arabia,1,14,16,19,23,12,28,19,42,48,35,63,47,69,35,79,19,17,52,52,12,19,12,63,57,62,61,64
238186,M. Bułka,Marcin Bułka,GK,79,25,04-10-1999,350,Pro League,131798,NEOM SC,Poland,1,12,8,10,35,13,33,15,28,25,41,73,53,67,37,82,11,8,49,58,15,10,14,79,76,71,79,81
243830,Mailson,Mailson Tenorio dos Santos,GK,74,28,20-08-1996,350,Pro League,112393,Al Taawoun FC,Brazil,1,15,10,13,39,6,35,12,37,32,41,69,55,61,27,80,10,10,53,30,15,13,14,74,75,73,74,73
263880,Agirrezabala,Julen Agirrezabala Astúlez,GK,76,24,26-12-2000,53,La Liga,461,Valencia CF,Spain,1,16,7,6,43,13,40,35,30,36,33,69,59,56,26,60,12,6,55,36,10,13,12,76,74,78,77,75
203239,Caio Secco,Caio Gobbo Secco,GK,67,34,22-12-1990,308,Primeira Liga,1900,Moreirense FC,Brazil,1,15,15,12,37,14,36,20,41,39,51,66,45,59,25,61,26,15,50,36,13,17,17,62,65,60,71,66
210676,W. Falcone,Wladimiro Falcone,GK,81,30,12-04-1995,31,Serie A,347,Lecce,Italy,1,17,19,13,25,13,26,20,26,28,33,73,56,59,28,62,8,5,45,44,6,13,18,83,81,75,76,84
273998,André Gomes,André Nogueira Gomes,GK,69,20,20-10-2004,308,Primeira Liga,717,Alverca,Portugal,1,23,12,11,32,23,37,21,46,34,51,70,58,57,21,44,12,7,51,34,10,12,13,70,67,77,64,70
193870,Pedro Trigueira,Pedro José da Silva Trigueira,GK,65,37,04-01-1988,308,Primeira Liga,131463,AVS Futebol SAD,Portugal,1,15,15,17,20,22,23,10,45,45,50,73,48,64,36,67,18,14,29,37,10,13,14,63,62,64,65,62
255368,N. Al Aqidi,Nawaf Dhahi Faisal Al Suwaiti Al Aqidiنواف العقيدي,GK,72,25,10-05-2000,350,Pro League,112139,Al Nassr,Saudi Arabia,1,15,7,19,41,12,34,30,46,49,45,69,50,65,29,64,10,8,32,45,8,11,12,75,69,67,66,74
210832,M. Branderhorst,Mattijs Branderhorst,GK,71,31,31-12-1993,10,Eredivisie,634,Fortuna Sittard,Netherlands,1,17,15,12,28,17,29,27,40,39,37,69,50,61,31,65,10,4,40,55,11,15,13,72,69,66,70,72
73373,J. Letáček,Jiří Letáček,GK,69,26,09-01-1999,53,La Liga,1860,Getafe CF,Czechia,1,17,14,16,29,12,28,17,42,30,45,58,49,71,39,81,12,10,36,43,10,14,18,70,68,65,69,71
199833,L. Unnerstall,Lars Unnerstall,GK,78,34,20-07-1990,10,Eredivisie,1908,FC Twente,Germany,1,10,13,10,26,16,29,19,30,34,20,74,49,60,35,82,21,13,41,58,11,17,15,78,77,65,78,81
235018,M. Nicolas,Moritz Nicolas,GK,75,27,21-10-1997,19,Bundesliga,23,Borussia Mönchengladbach,Germany,1,14,9,16,47,16,38,13,18,26,42,59,53,61,28,74,15,7,47,48,10,17,13,77,76,70,75,78
205496,Nicolas,Nicolás David Andrade,GK,67,37,12-04-1988,31,Serie A,110738,Pisa,Brazil,1,13,18,12,31,12,31,22,45,41,37,58,48,69,32,77,15,12,47,63,8,19,13,69,66,64,65,69
186569,S. Ulreich,Sven Ulreich,GK,73,36,03-08-1988,19,Bundesliga,21,FC Bayern München,Germany,1,14,12,8,34,13,30,22,41,40,36,73,47,60,29,63,14,8,42,45,16,18,14,74,69,62,73,76
236033,Dani Cárdenas,Daniel Cárdenas Lindez,GK,75,28,28-03-1997,53,La Liga,480,Rayo Vallecano,Spain,1,10,5,12,40,13,49,16,45,43,55,74,55,58,26,52,6,5,34,42,13,13,12,74,73,73,75,76
209166,M. Malaeka,Mustafa Reda Malayekah,GK,64,39,21-05-1986,350,Pro League,131798,NEOM SC,Saudi Arabia,1,13,17,29,29,12,17,15,46,48,30,59,47,66,30,62,16,14,45,55,15,18,12,61,62,62,66,63
80699,M. Eppink,Mees Eppink,GK,56,19,25-03-2006,10,Eredivisie,1903,FC Utrecht,Netherlands,1,24,18,20,26,19,39,28,43,35,37,54,41,60,33,62,20,16,41,45,15,22,23,58,56,55,48,58
199803,D. Batz,Daniel Batz,GK,68,34,12-01-1991,19,Bundesliga,169,1. FSV Mainz 05,Germany,1,16,11,20,36,19,34,23,36,33,44,65,48,60,29,61,14,12,39,48,30,17,12,67,67,64,69,69
208375,M. Müller,Marius Müller,GK,75,31,12-07-1993,19,Bundesliga,175,VfL Wolfsburg,Germany,1,11,10,12,27,14,26,22,25,38,34,70,47,62,35,75,14,11,51,30,20,13,11,75,73,62,76,78
257288,M. Okoye,Maduka Emilio Okoye,GK,74,25,28-08-1999,31,Serie A,55,Udinese,Nigeria,1,15,6,11,39,14,45,18,23,26,32,70,51,61,34,75,18,8,45,37,16,16,16,73,72,68,74,78
246610,J. Cozzani,Juan Pablo Cozzani,GK,70,26,09-10-1998,350,Pro League,131735,Al Kholood,Argentina,1,9,10,17,25,16,23,22,51,47,49,64,50,59,38,51,12,13,41,41,14,13,19,69,69,67,70,71
246139,Iñaki Peña,Ignacio Peña Sotorres,GK,76,26,02-03-1999,53,La Liga,468,Elche CF,Spain,1,10,6,11,33,12,57,21,33,38,49,75,58,55,27,54,6,5,39,38,9,10,11,75,73,77,75,78
250916,E. Vaessen,Etienne Vaessen Burnet,GK,70,29,26-07-1995,10,Eredivisie,1915,FC Groningen,Suriname,1,13,11,11,27,7,28,26,62,64,47,62,49,64,30,55,11,7,37,30,10,12,8,70,68,65,70,74
241976,Tiago Sá,Tiago Magalhães de Sá,GK,66,30,11-01-1995,308,Primeira Liga,1896,Sporting Clube de Braga,Portugal,1,13,9,10,16,18,29,25,45,43,55,71,47,62,26,67,14,8,59,57,12,14,14,65,65,63,65,64
225432,D. Sommariva,Daniele Sommariva,GK,62,27,18-07-1997,31,Serie A,110556,Genoa,Italy,1,15,18,19,31,13,23,18,40,44,37,58,47,57,31,57,19,15,30,28,20,17,19,64,56,62,59,68
245435,R. Al Najjar,Rakan Bassam Mohammed Siraj Najjarراكان النجار,GK,54,30,30-05-1995,350,Pro League,113060,Al Akhdoud Saudi Club,Saudi Arabia,1,23,17,22,38,19,27,27,27,39,43,48,38,57,30,67,22,16,53,39,15,22,24,57,54,50,50,54
219715,R. Di Gennaro,Raffaele Di Gennaro,GK,68,31,03-10-1993,31,Serie A,44,Inter,Italy,1,12,15,16,25,19,21,26,41,45,35,66,47,55,40,51,23,13,43,67,6,18,17,71,67,62,65,69
220532,N. Contini,Nikita Contini BaranovskiyНікіта Контіні-Барановський,GK,67,29,21-05-1996,31,Serie A,48,Napoli,Italy,1,17,15,19,26,15,21,20,47,49,39,63,46,61,21,58,19,17,30,44,12,14,15,68,66,61,64,69
194781,Renan Ribeiro,Renan Ribeiro,GK,67,35,23-03-1990,308,Primeira Liga,718,Estrela da Amadora,Brazil,1,12,12,16,19,14,11,19,55,48,59,71,47,68,30,70,26,11,50,46,18,18,12,68,63,62,64,68
77488,I. James,Ian James,CB,50,17,06-06-2008,39,Major League Soccer,696,Sporting Kansas City,United States,1,25,18,46,45,23,34,48,51,52,49,43,33,48,50,59,48,24,30,33,53,51,50,8,14,10,9,8
201299,N. Leali,Nicola Leali,GK,71,32,17-02-1993,31,Serie A,110556,Genoa,Italy,1,14,13,11,30,13,22,23,33,32,34,65,46,59,27,65,25,12,45,60,20,15,20,75,71,61,65,72
79027,R. Koeman Jr.,Ronald Koeman Jr.,GK,67,30,23-05-1995,10,Eredivisie,100638,Telstar,Netherlands,1,13,4,13,40,6,59,21,32,25,31,58,57,57,30,61,14,6,65,44,8,12,11,65,69,76,66,66
204246,M. Bettinelli,Marcus Bettinelli,GK,70,33,24-05-1992,13,Premier League,10,Manchester City,England,1,13,12,13,35,18,42,35,30,30,35,62,52,57,25,60,15,12,37,52,18,18,17,70,70,69,71,71
253211,G. Crettaz,Gonzalo Alejandro Crettaz Ortega,GK,70,25,28-02-2000,10,Eredivisie,1910,NEC Nijmegen,Argentina,1,11,7,12,33,8,32,11,43,40,45,57,54,62,38,64,20,8,49,30,10,11,15,70,71,72,70,71
183513,J. Grahl,Jens Grahl,GK,64,36,22-09-1988,19,Bundesliga,1824,Eintracht Frankfurt,Germany,1,19,12,13,22,12,20,23,41,48,44,62,44,67,39,78,23,13,32,55,20,13,12,68,60,58,62,66
262956,N. Vasilj,Nikola Vasilj,GK,77,29,02-12-1995,19,Bundesliga,110329,FC St. Pauli,Bosnia and Herzegovina,1,10,9,12,40,12,38,22,36,30,40,75,49,65,21,72,15,8,44,55,13,10,14,77,72,65,77,79
239559,J. de Lange,Jeffrey de Lange,GK,73,27,01-04-1998,16,Ligue 1,219,Olympique de Marseille,Netherlands,1,13,6,12,35,9,44,15,58,54,40,70,56,54,26,51,7,8,48,52,8,14,13,73,69,74,73,73
254803,S. Lammens,Senne Lammens,GK,78,22,07-07-2002,13,Premier League,11,Manchester United,Belgium,1,14,10,14,40,15,39,19,19,25,40,73,53,64,29,79,15,6,30,36,7,15,12,79,77,71,79,77
222572,Iván Villar,Iván Villar Martínez,GK,73,27,09-07-1997,53,La Liga,450,RC Celta,Spain,1,13,12,16,23,21,22,17,32,33,38,71,53,54,30,52,18,12,46,46,10,15,15,72,71,71,72,76
241727,P. Rajković,Predrag RajkovićПредраг Рајковић,GK,80,29,31-10-1995,350,Pro League,607,Al Ittihad,Serbia,2,13,9,13,31,8,42,18,33,22,32,73,57,62,26,66,10,4,43,32,11,10,10,78,78,76,79,84
73562,Bento,Bento Matheus Krepski,GK,80,26,10-06-1999,350,Pro League,112139,Al Nassr,Brazil,3,11,5,13,17,9,23,16,39,40,34,77,58,61,19,58,9,6,69,30,5,13,10,79,76,77,81,83
70118,J. Fischer,Jonathan Frost Fischer,GK,69,23,09-11-2001,16,Ligue 1,68,FC Metz,Denmark,1,11,8,12,36,22,35,23,42,46,45,63,50,65,31,73,14,6,56,35,5,13,10,68,67,66,69,69
226786,A. Bono,Alexander Nicholas Bono,GK,65,31,25-04-1994,39,Major League Soccer,691,New England Revolution,United States,1,18,12,12,15,18,25,20,33,35,29,63,47,63,39,75,13,13,49,49,12,14,19,64,63,62,61,69
202886,B. Siegrist,Benjamin Kevin Siegrist,GK,70,33,31-01-1992,31,Serie A,110556,Genoa,Switzerland,1,11,11,12,17,12,22,20,34,33,32,69,44,60,34,69,27,13,49,39,20,12,12,69,68,59,72,68
211387,B. Lundt,Benjamin Maximilian Lundt,GK,58,29,24-09-1995,39,Major League Soccer,113018,St. Louis CITY SC,Germany,1,14,6,18,21,11,19,16,45,44,41,45,43,63,40,69,29,19,35,17,28,24,22,58,57,57,60,61
227653,E. Edwards Jr.,Earl William Edwards Jr.,GK,62,33,24-01-1992,39,Major League Soccer,111928,San Jose Earthquakes,United States,1,16,15,19,30,16,23,18,40,44,35,51,47,71,45,83,19,13,18,30,6,12,13,63,62,63,63,61
224442,B. Kamara,Bingourou Kamara,GK,70,28,21-10-1996,16,Ligue 1,217,FC Lorient,Senegal,1,12,12,20,15,19,15,21,37,41,28,65,50,69,32,77,20,11,26,51,8,15,14,71,70,66,70,70
210366,N. Lomb,Niklas Lomb,GK,66,31,28-07-1993,19,Bundesliga,32,Bayer 04 Leverkusen,Germany,1,15,17,15,26,14,32,20,38,39,47,64,48,61,40,68,17,5,27,37,16,12,16,68,58,64,63,70
203215,A. Cairns,Alexander Thomas Cairns,GK,63,32,04-01-1993,13,Premier League,8,Leeds United,England,1,12,11,11,36,12,47,17,49,48,43,57,47,46,23,39,15,11,46,45,21,11,11,63,61,62,62,63
241050,A. Meyer,Alexander Niklas Meyer-Schade,GK,75,34,13-04-1991,19,Bundesliga,22,Borussia Dortmund,Germany,1,13,8,11,31,17,29,19,39,45,22,74,59,68,19,79,8,7,36,37,20,10,9,72,71,79,74,76
189342,C. Pinsoglio,Carlo Pinsoglio,GK,69,35,16-03-1990,31,Serie A,45,Juventus,Italy,1,13,11,13,24,18,28,22,43,41,33,61,47,60,34,60,18,11,35,63,20,12,13,70,70,62,69,70
264116,Iturbe,Alejandro Iturbe Encabo,GK,66,21,02-09-2003,53,La Liga,468,Elche CF,Spain,1,14,11,12,32,13,30,20,52,46,51,61,50,60,32,56,10,6,40,36,8,11,13,66,64,66,65,69
244676,J. Schendelaar,Jasper Schendelaar,GK,72,24,02-09-2000,10,Eredivisie,1914,PEC Zwolle,Netherlands,1,10,10,13,43,12,49,27,21,32,26,68,50,57,17,50,10,7,63,51,8,12,11,73,69,66,69,75
243201,Álex Domínguez,Alejandro Domínguez Romero,GK,66,26,30-07-1998,16,Ligue 1,1809,Toulouse FC,Spain,1,24,7,10,39,15,31,31,39,47,56,60,49,44,36,41,15,7,38,43,11,17,10,67,65,65,63,67
73580,A. Kinský,Antonín Kinský,GK,75,22,13-03-2003,13,Premier League,18,Tottenham Hotspur,Czechia,1,13,6,14,40,18,45,30,25,26,39,68,57,57,20,60,11,6,47,70,9,10,11,76,76,76,74,75
202469,D. Bingham,David Bingham,GK,65,35,19-10-1989,39,Major League Soccer,114640,Charlotte FC,United States,1,13,9,14,36,13,34,17,34,34,30,54,50,59,24,65,15,12,52,47,19,16,12,68,63,66,64,67
199568,K. Lamprou,Konstantinos LamprouΚώστας Λάμπρου,GK,66,33,18-09-1991,10,Eredivisie,1904,NAC Breda,Greece,1,11,18,11,33,15,36,28,39,36,41,68,50,49,18,45,12,8,44,51,11,11,11,65,61,67,63,70
248732,K. Hein,Karl Jakob Hein,GK,73,23,13-04-2002,19,Bundesliga,38,SV Werder Bremen,Estonia,1,10,8,17,37,10,38,12,33,38,36,70,52,60,40,62,12,6,41,26,9,16,15,72,71,69,73,76
276988,A. Bellaarouch,Alaa Bellaarouchعلاء بلعروش,GK,68,23,01-02-2002,308,Primeira Liga,1896,Sporting Clube de Braga,Morocco,1,10,6,11,34,8,27,21,58,52,45,61,53,63,33,58,6,3,27,40,6,10,11,71,63,70,68,69
229255,Charles,Charles Marcelo da Silva,GK,69,31,04-02-1994,308,Primeira Liga,1887,Vitória SC,Brazil,1,12,13,20,22,20,18,24,28,32,48,65,45,53,30,52,20,10,48,37,14,18,13,70,65,60,68,73
270141,F. Israel,Franco Israel Wibmer,GK,75,25,22-04-2000,31,Serie A,54,Torino,Uruguay,1,11,6,10,37,18,30,24,30,32,33,64,53,65,23,80,11,8,45,44,7,12,11,79,71,71,74,80
176994,R. Gurtner,Régis Gurtner,GK,69,38,08-12-1986,16,Ligue 1,64,RC Lens,France,1,10,9,10,29,10,30,28,39,46,32,73,53,61,38,68,13,6,28,59,10,12,13,65,66,70,71,68
201940,Z. MacMath,Zachary Michael MacMath,GK,65,33,07-08-1991,39,Major League Soccer,111065,Real Salt Lake,United States,1,19,18,14,29,13,38,16,39,34,36,62,48,56,31,56,14,13,41,44,18,9,8,63,63,64,65,65
253688,M. Popa,Mihai Maximilian Popa,GK,63,24,12-10-2000,31,Serie A,54,Torino,Romania,1,16,12,14,30,14,33,18,38,45,47,65,45,45,32,44,15,14,49,50,16,18,15,63,62,60,59,65
198511,Mika,Michael Simões Domingues,GK,66,34,08-03-1991,308,Primeira Liga,1900,Moreirense FC,Portugal,1,9,13,10,29,19,25,20,37,32,32,60,48,63,39,74,22,12,34,31,19,10,9,67,62,64,65,67
186611,M. Vigorito,Mauro Vigorito,GK,64,35,22-05-1990,31,Serie A,1745,Como,Italy,1,13,18,9,34,13,26,29,38,40,52,61,45,54,32,55,26,13,35,51,21,13,12,63,63,60,65,65
271918,R. Risser,Robin Risser Birckel,GK,72,20,02-12-2004,16,Ligue 1,64,RC Lens,France,1,12,8,9,34,13,31,15,36,44,31,68,53,63,36,71,15,9,36,38,13,13,10,72,72,70,67,73
270054,P. Sequeira,Patrick Gilmar Sequeira Mejías,GK,71,26,01-03-1999,308,Primeira Liga,114510,Casa Pia,Costa Rica,1,23,6,11,30,5,28,11,38,30,47,65,52,59,25,60,17,5,49,42,12,13,10,76,72,69,67,69
209027,A. Al Kassar,Ahmed Ali Al Kassarاحمد الكسار,GK,63,34,08-05-1991,350,Pro League,112391,Al Qadsiah FC,Saudi Arabia,1,15,15,18,23,19,16,17,40,41,36,59,41,57,35,56,20,18,46,48,12,14,17,62,63,55,62,65
277823,D. Peretz,Daniel Peretz,GK,73,24,10-07-2000,19,Bundesliga,28,Hamburger SV,Israel,1,8,8,11,32,14,30,19,30,42,35,68,55,62,30,71,11,7,41,33,9,9,14,74,75,73,66,77
236663,E. Balcombe,Ellery Ronald Balcombe,GK,63,25,15-10-1999,13,Premier League,1925,Brentford,England,1,10,10,12,19,10,29,15,39,39,45,57,46,59,28,64,18,10,50,24,25,10,13,64,62,61,60,64
261294,C. Raatsie,Calvin Owen Harm Raatsie,GK,67,23,09-02-2002,10,Eredivisie,1971,Excelsior,Netherlands,1,16,10,14,36,12,37,25,39,35,23,63,52,51,31,60,16,11,43,46,12,12,17,65,68,69,65,68
239993,A. Romero,Abraham Isaí Romero González,GK,61,27,18-02-1998,39,Major League Soccer,687,Columbus Crew,Mexico,1,13,17,13,19,12,19,21,51,52,55,44,45,64,45,69,20,15,25,35,12,10,12,64,61,60,63,62
250817,Gabriel Souza,Gabriel Eugénio Souza,GK,65,28,01-01-1997,308,Primeira Liga,112516,CD Tondela,Brazil,1,13,10,14,23,15,25,20,34,40,46,63,53,59,21,68,9,5,60,38,7,14,13,64,62,71,64,66
233189,D. Vásquez,Devis Estiven Vásquez Llach,GK,72,27,12-05-1998,31,Serie A,52,Roma,Colombia,1,14,8,14,27,12,25,15,36,40,38,70,53,62,19,68,9,7,40,40,12,12,13,72,68,71,70,75
240123,L. Plogmann,Luca Bastian Plogmann,GK,67,25,10-03-2000,10,Eredivisie,100632,Go Ahead Eagles,Germany,1,12,10,13,26,11,26,24,38,42,46,61,47,60,24,64,10,10,29,43,18,10,13,68,67,63,64,69
258885,Luiz Júnior,Luiz Lúcio Reis Júnior,GK,77,24,14-01-2001,53,La Liga,483,Villarreal CF,Brazil,1,13,9,13,24,10,26,18,29,31,31,75,53,63,22,72,14,8,52,40,6,10,12,77,77,71,77,77
264133,H. Valdimarsson,Hákon Rafn Valdimarsson,GK,68,23,13-10-2001,13,Premier League,1925,Brentford,Iceland,1,15,11,10,40,13,42,19,20,20,32,65,48,46,35,50,12,14,57,32,12,10,11,68,65,64,68,69
244274,A. Šemper,Adrian Šemper,GK,71,27,12-01-1998,31,Serie A,110738,Pisa,Croatia,1,14,15,12,34,12,31,29,30,32,31,68,50,51,21,51,11,9,65,25,13,14,17,72,68,66,70,72
270463,N. Čavlina,Nikola Čavlina,GK,67,23,02-06-2002,31,Serie A,1745,Como,Croatia,1,12,5,17,31,14,36,21,42,41,44,64,46,62,31,63,14,9,32,37,9,13,16,68,59,61,65,73
254502,S. Turati,Stefano Turati,GK,74,23,05-09-2001,31,Serie A,111974,Sassuolo,Italy,1,11,10,13,24,7,20,20,37,31,46,65,53,56,30,54,12,8,45,34,10,15,15,75,71,71,74,78
266282,K. Kahlina,Kristijan Kahlina,GK,75,32,24-07-1992,39,Major League Soccer,114640,Charlotte FC,Croatia,1,10,7,10,21,12,19,15,30,35,31,59,55,60,40,70,11,8,56,36,11,12,11,75,74,73,76,77
211398,M. Caillard,Marc-Aurèle Caillard,GK,67,31,12-05-1994,16,Ligue 1,65,Lille OSC,France,1,13,9,13,32,11,27,24,48,39,34,61,49,68,33,75,15,7,14,53,8,15,9,67,66,65,68,68
279703,Francisco Silva,Francisco Diogo Pereira da Silva,GK,64,19,20-11-2005,308,Primeira Liga,237,Sporting CP,Portugal,1,14,9,12,46,17,43,14,46,37,34,60,48,60,20,60,27,6,56,56,8,12,14,64,59,64,65,65
269434,S. van Gassel,Stijn van Gassel,GK,68,28,18-10-1996,10,Eredivisie,1971,Excelsior,Netherlands,1,13,10,14,21,14,19,18,45,43,38,65,47,64,35,67,14,6,39,41,9,12,13,69,66,62,65,72
258948,Fortuño,Ángel Fortuño Viñas,GK,65,23,05-11-2001,53,La Liga,452,RCD Espanyol,Spain,1,14,9,13,28,13,25,21,44,40,45,64,48,57,31,55,9,6,48,40,9,14,10,63,64,64,65,65
202570,J. Maurer,James Maurer,GK,63,36,14-10-1988,39,Major League Soccer,698,Houston Dynamo,United States,1,15,11,28,25,14,31,25,26,25,29,50,47,60,25,67,16,12,56,46,14,13,16,63,62,63,66,63
266389,P. Schulte,Patrick Timothy Schulte,GK,71,24,13-03-2001,39,Major League Soccer,687,Columbus Crew,United States,1,14,5,13,51,10,48,40,28,29,29,69,58,49,19,63,6,5,45,39,5,11,10,69,67,77,71,72
197641,B. Leroy,Benjamin Leroy,GK,68,36,07-04-1989,16,Ligue 1,217,FC Lorient,France,1,12,13,12,23,14,14,18,46,46,37,69,50,48,28,40,15,9,53,60,14,12,17,65,66,67,69,69
242703,J. Marcinkowski,James Thomas Marcinkowski,GK,65,28,09-05-1997,39,Major League Soccer,697,LA Galaxy,United States,1,11,7,15,46,15,36,25,21,24,23,59,51,56,40,68,11,6,36,52,12,13,14,66,63,68,65,66
223603,F. Bredlow,Fabian Bredlow,GK,71,30,02-03-1995,19,Bundesliga,36,VfB Stuttgart,Germany,1,8,5,11,17,14,20,23,41,36,50,68,50,60,20,62,14,14,38,45,15,12,10,71,67,66,68,74
240657,F. Ravaglia,Federico Ravaglia,GK,70,25,11-11-1999,31,Serie A,189,Bologna,Italy,1,11,11,13,43,9,32,19,35,39,41,60,50,50,43,48,10,10,30,23,14,13,10,72,67,67,69,75
237704,João Virgínia,João Manuel Neves Virgínia,GK,71,25,10-10-1999,308,Primeira Liga,237,Sporting CP,Portugal,1,14,8,10,32,9,29,15,54,50,30,60,50,62,16,57,10,10,41,46,12,10,11,73,72,66,67,73
71515,Bernardo,Bernardo Caltabiano Parise Fontes,GK,68,22,23-07-2002,308,Primeira Liga,112516,CD Tondela,Brazil,1,10,8,10,29,9,27,21,42,43,39,61,48,62,26,70,11,7,60,37,7,12,14,67,63,64,71,69
199909,P. Pervan,Pavao Pervan,GK,71,37,13-11-1987,19,Bundesliga,175,VfL Wolfsburg,Austria,1,19,9,15,22,14,30,15,32,27,36,70,50,54,22,54,15,5,34,30,16,21,19,71,72,66,67,72
229433,A. Zendejas,Adrián Zendejas Rodríguez,GK,62,29,30-08-1995,39,Major League Soccer,101112,Vancouver Whitecaps FC,United States,1,11,17,17,29,14,22,22,35,39,37,52,44,55,24,57,15,15,56,41,13,16,19,66,61,59,60,64
227909,J. McCarthy,John McCarthy,GK,68,32,04-07-1992,39,Major League Soccer,689,New York Red Bulls,United States,1,17,17,17,24,10,14,12,35,34,36,57,44,59,38,60,19,19,18,44,14,13,15,69,69,58,65,70
206549,E. Bush,Evan William Bush,GK,62,39,06-03-1986,39,Major League Soccer,687,Columbus Crew,United States,1,16,19,20,34,19,36,23,17,17,20,50,47,54,15,65,20,18,50,49,18,11,15,64,61,62,63,60
202457,L. Koopmans,Luuk Koopmans,GK,65,31,18-11-1993,10,Eredivisie,634,Fortuna Sittard,Netherlands,1,12,12,18,22,16,28,26,35,32,38,62,47,56,20,57,15,10,39,29,10,10,10,65,64,63,64,65
79824,I. Mandić,Ivan Mandić,GK,69,22,10-03-2003,308,Primeira Liga,114510,Casa Pia,Croatia,1,13,9,15,30,7,19,20,32,30,35,65,51,61,27,70,15,7,40,34,7,15,15,65,67,68,70,71
163600,J. Ruddy,John Thomas Gordon Ruddy,GK,68,38,24-10-1986,13,Premier League,13,Newcastle United,England,1,14,7,12,25,11,23,23,34,37,22,68,50,60,34,70,22,15,39,53,11,11,11,66,69,66,68,67
234371,R. Descamps,Rémy Descamps,GK,74,29,25-06-1996,16,Ligue 1,66,Olympique Lyonnais,France,1,10,9,14,28,12,24,15,45,39,29,72,49,64,28,63,17,8,23,52,13,11,10,74,70,65,74,76
235740,A. Paleari,Alberto Andrea Paleari,GK,68,32,29-08-1992,31,Serie A,54,Torino,Italy,1,14,8,16,33,12,29,19,31,33,51,64,50,56,30,58,12,8,40,55,17,13,12,67,66,66,71,68
253442,F. de Keijzer,Fabian de Keijzer,GK,68,25,10-05-2000,10,Eredivisie,100634,Heracles Almelo,Netherlands,1,12,9,13,31,11,29,18,33,28,37,68,51,60,31,70,9,8,44,36,11,14,11,68,64,68,67,70
236571,M. Paes,Maarten Vincent Paes,GK,72,27,14-05-1998,39,Major League Soccer,695,FC Dallas,Indonesia,1,13,10,13,22,14,28,22,31,32,35,68,53,57,34,60,12,11,35,33,12,12,14,72,68,70,72,74
243311,Josep Martínez,Josep Martínez Riera,GK,75,27,27-05-1998,31,Serie A,44,Inter,Spain,1,12,6,11,27,8,24,11,24,30,32,75,50,54,42,58,11,11,52,42,15,13,15,75,71,67,76,74
259317,Cañizares,Lucas Cañizares Conchello,GK,66,23,10-05-2002,308,Primeira Liga,112516,CD Tondela,Spain,1,12,9,11,60,8,49,28,27,39,45,58,50,49,30,54,7,6,22,44,6,14,12,66,68,67,65,62
76901,B. Żelazowski,Bartosz Żelazowski,GK,62,20,25-04-2005,16,Ligue 1,72,OGC Nice,Poland,1,12,6,12,21,12,20,16,48,46,50,57,47,62,33,66,8,6,38,30,9,11,14,63,60,62,61,60
244656,Y. Takaoka,Yohei Takaoka高丘 陽平,GK,72,29,16-03-1996,39,Major League Soccer,101112,Vancouver Whitecaps FC,Japan,1,13,9,14,25,11,22,15,42,33,33,69,50,61,18,61,14,6,32,21,17,13,14,73,71,67,70,71
198039,M. Gillespie,Mark Joseph Gillespie,GK,62,33,27-03-1992,13,Premier League,13,Newcastle United,England,1,13,16,11,34,17,35,28,32,33,30,54,45,55,20,61,20,11,42,48,12,11,19,63,61,60,61,64
263887,J. Urbig,Jonas Kurt Urbig,GK,74,21,08-08-2003,19,Bundesliga,21,FC Bayern München,Germany,1,10,5,13,23,8,28,19,31,33,30,65,59,53,24,51,14,8,36,40,8,14,10,74,70,79,74,76
262417,Daniel Figueira,Daniel Alexis Leite Figueira,GK,70,26,20-07-1998,308,Primeira Liga,1888,Gil Vicente FC,Portugal,1,12,8,14,24,14,22,18,26,29,36,70,51,59,24,70,15,9,45,36,13,15,11,68,67,68,70,71
237399,E. Louro,Evan Michael Louro,GK,59,29,19-01-1996,39,Major League Soccer,113149,FC Cincinnati,United States,1,12,15,13,20,11,21,17,34,36,44,46,46,64,36,78,21,13,46,44,20,12,10,60,60,61,60,58
230765,H. Al Watyan,Habib Yasseen Kadhim Al Wotayanحبيب الوطيان,GK,56,28,08-08-1996,350,Pro League,112390,Al Fateh,Saudi Arabia,1,11,11,19,22,16,24,20,29,33,31,50,42,63,29,76,22,10,38,39,19,17,13,56,57,56,56,55
215546,M. Brouwer,Michael Brouwer,GK,68,32,21-01-1993,10,Eredivisie,1903,FC Utrecht,Netherlands,1,13,18,16,24,18,23,26,25,27,32,67,49,44,25,43,9,4,33,40,21,20,19,71,67,65,64,67
258328,Kewin,Kewin Oliveira Silva,GK,73,30,25-01-1995,350,Pro League,113217,Damac FC,Brazil,1,13,8,14,33,9,39,17,29,30,37,62,50,56,25,58,11,7,46,38,8,10,11,77,67,66,75,78
272958,R. Owusu-Oduro,Rome Jayden Owusu-Oduro,GK,71,20,02-07-2004,10,Eredivisie,1906,AZ Alkmaar,Netherlands,1,13,6,12,32,10,36,10,40,39,39,68,50,60,35,60,11,5,33,35,5,13,11,70,67,67,70,73
239371,I. El Maach,Issam El Maachعصام المعاش,GK,63,25,01-02-2000,10,Eredivisie,1908,FC Twente,Morocco,1,13,8,10,28,17,22,30,42,39,35,58,48,61,27,70,9,8,35,28,8,13,13,64,60,64,62,65
236046,I. Zlobin,Ivan ZlobinЗлобин Иван Сергеевич,GK,70,28,07-03-1997,308,Primeira Liga,112809,Famalicão,Russia,1,11,9,14,26,11,18,20,30,28,55,70,48,56,25,59,10,5,42,37,11,13,13,69,68,64,69,70
236568,B. Austin,Brandon Anthony Austin,GK,67,26,08-01-1999,13,Premier League,18,Tottenham Hotspur,England,1,12,9,13,30,14,30,24,36,49,42,62,48,53,18,54,11,8,34,45,17,12,12,69,65,64,65,66
222546,L. Zingerle,Leopold Zingerle,GK,69,31,10-04-1994,19,Bundesliga,112172,RB Leipzig,Germany,1,11,7,10,28,9,13,20,38,47,38,65,50,53,34,54,11,8,40,47,11,9,10,70,66,66,68,71
244256,D. Bielica,Daniel Bielica,GK,68,26,30-04-1999,10,Eredivisie,1904,NAC Breda,Poland,1,11,9,11,30,6,29,13,42,33,32,62,49,58,29,59,11,7,47,46,20,13,14,70,66,65,66,68
279508,T. de Graaff,Tom Gerard de Graaff,GK,61,20,10-12-2004,10,Eredivisie,1914,PEC Zwolle,Netherlands,1,14,10,13,32,12,28,25,34,29,32,59,50,54,26,58,8,12,42,36,10,12,12,62,58,66,59,62
271532,Pablo Campos,Pablo Cuñat Campos,GK,69,23,28-04-2002,53,La Liga,1853,Levante UD,Spain,1,14,7,13,29,11,26,15,24,29,30,66,48,57,29,67,15,5,56,53,8,12,13,70,67,64,65,73
266323,Kim Joon Hong,Jun-hong Kim김준홍,GK,69,22,03-06-2003,39,Major League Soccer,688,DC United,Korea Republic,1,15,9,13,30,10,32,10,22,29,47,64,47,51,26,55,13,11,51,43,16,16,14,70,67,62,67,71
238604,Daniel,Daniel de Sousa Britto,GK,73,31,06-05-1994,39,Major League Soccer,111928,San Jose Earthquakes,Brazil,1,13,7,10,22,13,23,19,24,22,40,58,53,55,20,62,7,4,43,34,11,14,14,73,71,70,74,76
220537,A. Takroni,Abdulaziz Takroni,GK,60,33,25-11-1991,350,Pro League,113222,Al Hazem FC,Saudi Arabia,1,18,12,13,21,11,20,20,38,37,30,53,43,63,36,75,16,16,14,26,11,13,17,62,55,57,60,63
269096,M. Weiß,Max Weiß,GK,68,21,15-06-2004,13,Premier League,1796,Burnley,Germany,1,10,6,11,33,10,29,19,35,34,33,67,50,58,28,62,12,9,40,40,9,13,10,70,64,67,61,72
239816,N. Mantl,Nico Alexander Mantl,GK,72,25,06-02-2000,308,Primeira Liga,112513,FC Arouca,Germany,1,12,8,15,18,13,18,10,36,29,34,60,52,62,33,69,18,4,30,35,7,11,13,72,71,69,70,75
78984,Y. Al Ruwaili,Yazan Al Ruwaili,GK,52,20,19-05-2005,350,Pro League,113222,Al Hazem FC,Saudi Arabia,1,13,17,14,29,13,30,20,34,35,39,46,44,46,21,50,11,15,35,40,11,11,13,53,48,59,50,53
275856,N. Bakker,Nordin Bakker,GK,66,27,31-10-1997,10,Eredivisie,1913,SC Heerenveen,Netherlands,1,12,9,12,32,9,26,19,40,32,38,64,47,50,37,49,13,8,46,40,12,10,13,65,65,62,67,65
266382,R. Celentano,Roman Marcello Celentano,GK,72,24,14-09-2000,39,Major League Soccer,113149,FC Cincinnati,United States,1,14,7,14,40,13,42,15,22,20,25,64,53,60,24,72,12,4,22,35,7,14,14,72,70,71,74,73
235266,C. Früchtl,Christian Martin Früchtl,GK,70,25,28-01-2000,31,Serie A,347,Lecce,Germany,1,10,11,11,29,13,45,17,25,23,26,62,50,56,19,63,11,6,44,22,16,10,13,73,68,67,66,71
271385,E. Corvi,Edoardo Corvi,GK,65,24,23-03-2001,31,Serie A,50,Parma,Italy,1,13,8,11,35,7,41,16,25,26,38,66,49,49,24,54,6,9,39,25,7,17,13,66,63,65,58,68
231474,João Costa,João Paulo Santos da Costa,GK,69,29,02-02-1996,308,Primeira Liga,236,FC Porto,Portugal,1,13,10,10,19,12,26,17,18,35,34,55,51,50,23,58,13,10,29,36,14,13,14,70,67,68,70,73
261755,D. Reiziger,Daan Reiziger,GK,63,24,18-06-2001,10,Eredivisie,100638,Telstar,Netherlands,1,11,9,13,36,10,35,21,33,32,31,64,47,54,28,59,10,7,32,36,8,11,11,59,63,62,61,64
277929,Kauã Santos,Kauã Morais Vieira dos Santos,GK,71,22,11-04-2003,19,Bundesliga,1824,Eintracht Frankfurt,Brazil,1,11,4,10,38,8,34,20,32,28,31,70,47,58,24,64,8,4,33,29,6,14,13,76,65,63,62,77
258864,S. Drljača,Stefan Drljača,GK,66,26,20-04-1999,19,Bundesliga,36,VfB Stuttgart,Germany,1,8,7,11,22,8,23,14,24,42,38,64,41,62,30,78,15,5,46,44,15,9,12,68,62,55,64,71
278032,C. Mandas,Christos MandasΧρήστος Μανδάς,GK,74,23,17-09-2001,31,Serie A,46,Lazio,Greece,1,11,8,10,30,12,20,18,22,25,39,71,54,46,23,45,14,7,40,31,5,12,14,76,71,72,70,78
247866,C. Miszta,Cezary Pawet Miszta,GK,72,23,30-10-2001,308,Primeira Liga,744,Rio Ave FC,Poland,1,14,5,13,24,14,15,11,29,42,34,63,53,52,27,52,12,7,47,29,5,11,13,71,72,70,71,75
261687,S. Breza,Sebastian Jean-Baptiste Breza,GK,64,27,15-03-1998,39,Major League Soccer,111139,CF Montréal,Canada,1,11,10,22,27,12,25,18,33,34,24,55,38,65,34,73,12,8,32,23,14,11,13,63,64,50,62,68
243588,T. McGill,Thomas Peter Wayne McGill,GK,62,25,25-03-2000,13,Premier League,1808,Brighton & Hove Albion,Canada,1,14,5,10,34,15,30,28,32,29,37,55,47,48,31,50,14,7,37,43,13,12,12,62,60,63,61,63
232082,A. Tarbell,Andrew Tarbell,GK,63,31,07-10-1993,39,Major League Soccer,698,Houston Dynamo,United States,1,14,15,12,22,15,25,18,27,31,25,45,50,56,26,67,12,17,29,36,17,12,13,63,62,67,62,68
279565,Diogo Pinto,Diogo de Carvalho Pinto,GK,68,21,18-06-2004,308,Primeira Liga,718,Estrela da Amadora,Portugal,1,14,8,10,44,7,42,16,30,22,39,47,51,54,23,59,14,5,34,28,6,11,14,72,66,68,70,71
255266,O. Nkambadio,Obed Nkambadio,GK,73,22,07-02-2003,16,Ligue 1,111817,Paris FC,France,1,13,8,11,28,8,25,16,31,28,39,69,50,49,20,47,11,5,39,36,6,10,14,73,70,67,71,76
227688,K. Al Muqaytib,Khaled Al Muqaitib,GK,54,33,03-02-1992,350,Pro League,115892,Al-Najma SC,Saudi Arabia,1,12,14,19,24,20,18,18,37,22,22,49,41,53,35,55,23,16,39,23,21,17,13,51,54,54,51,56
263798,R. Roefs,Robin Roefs,GK,74,22,17-01-2003,13,Premier League,106,Sunderland,Netherlands,1,11,5,14,21,10,14,16,29,33,31,72,51,51,23,64,7,6,33,31,8,13,13,76,74,68,70,76
263139,D. Greif,Dominik Greif,GK,78,28,06-04-1997,16,Ligue 1,66,Olympique Lyonnais,Slovakia,1,14,9,10,25,10,17,17,25,22,21,75,59,56,17,60,14,7,34,32,8,11,11,77,76,78,77,77
259067,André Paulo,André Filipe Eusébio Paulo,GK,63,28,18-12-1996,308,Primeira Liga,717,Alverca,Portugal,1,11,7,14,37,13,33,19,30,29,31,59,47,53,21,57,13,6,57,45,7,13,13,63,61,62,63,64
242352,A. Attiah,Abdulquddus Atiah Mohammed Qawodعبدالقدوس عطيه محمد قاعود,GK,65,28,01-03-1997,350,Pro League,112393,Al Taawoun FC,Saudi Arabia,1,12,6,11,25,10,22,11,47,48,47,61,44,61,18,61,7,4,32,53,8,9,12,68,60,58,63,70
73929,P. Sy,Pape Mamadou Sy,GK,63,28,02-05-1997,16,Ligue 1,68,FC Metz,Senegal,1,13,6,12,31,10,27,14,24,33,20,61,47,62,27,78,11,7,46,40,12,14,16,64,59,63,60,63
70904,T. Pereira Cardoso,Tiago Pereira Cardoso,GK,67,19,07-04-2006,19,Bundesliga,23,Borussia Mönchengladbach,Luxembourg,1,12,7,12,47,20,51,25,19,24,22,52,51,46,23,50,11,3,50,44,8,9,9,71,66,68,65,70
162297,D. Padelli,Daniele Padelli,GK,65,39,25-10-1985,31,Serie A,55,Udinese,Italy,1,11,10,10,26,10,29,21,49,39,38,62,42,51,30,45,13,10,40,69,8,12,12,62,65,56,70,62
246958,A. Ivačič,Aljaž Ivačič,GK,67,31,29-12-1993,39,Major League Soccer,691,New England Revolution,Slovenia,1,13,9,12,19,11,18,12,37,41,24,63,47,59,34,64,11,7,50,27,5,10,12,69,65,62,64,70
241179,Cristian Rivero,Cristian Rivero Sabater,GK,65,27,21-03-1998,53,La Liga,461,Valencia CF,Spain,1,14,7,10,28,8,30,17,25,29,38,63,47,50,23,55,15,6,34,47,14,10,11,65,62,63,62,66
266641,F. Feller,Frank Feller,GK,68,21,07-01-2004,19,Bundesliga,111235,1. FC Heidenheim 1846,Germany,1,12,7,13,33,12,33,18,29,32,35,43,52,43,26,41,10,6,40,47,8,14,13,73,69,69,72,68
247494,J. Sirois,Jonathan Sirois,GK,67,24,27-06-2001,39,Major League Soccer,111139,CF Montréal,Canada,1,13,9,10,27,12,28,19,35,32,22,64,41,51,33,50,14,5,50,34,7,10,13,68,65,55,67,68
79582,Mikel Santos,Mikel Santos Linares,GK,63,20,01-11-2004,53,La Liga,448,Athletic Club,Spain,1,12,6,11,22,7,17,17,35,31,38,48,45,54,25,57,18,7,42,41,9,11,13,65,64,60,66,63
232673,M. Al Haidari,Marwan Al Haidariمروان عبدالعزيز الحيدري,GK,60,29,12-04-1996,350,Pro League,112883,Al Khaleej,Saudi Arabia,1,15,16,15,23,15,24,11,30,32,24,58,41,44,25,59,15,16,44,43,30,11,12,59,55,54,63,59
74165,Kaique Pereira,Kaique Pereira Azarias,GK,64,22,16-04-2003,308,Primeira Liga,1891,CD Nacional,Brazil,1,19,8,12,37,13,39,19,22,24,22,57,44,58,30,72,10,6,42,36,9,14,13,67,65,58,59,66
246881,João Valido,João Nuno Figueiredo Valido,GK,67,25,03-03-2000,308,Primeira Liga,112513,FC Arouca,Portugal,1,12,7,10,19,14,24,19,25,26,47,64,54,51,23,55,8,8,41,30,9,10,10,67,67,72,67,64
263116,L. Rieß,Lasse Finn Rieß,GK,66,23,27-07-2001,19,Bundesliga,169,1. FSV Mainz 05,Germany,1,10,9,13,27,9,26,14,32,33,35,64,47,58,22,65,14,8,34,39,8,13,13,64,64,62,65,68
271150,K. van Oevelen,Kayne van Oevelen,GK,66,21,07-08-2003,10,Eredivisie,645,FC Volendam,Netherlands,1,12,9,11,30,6,25,13,29,32,24,64,53,50,21,70,10,5,52,27,11,12,14,66,61,70,67,66
73213,Miguel Narváez,Miguel de Jesús Narváez López,GK,63,23,29-04-2002,53,La Liga,110827,Real Oviedo,Spain,1,14,8,11,26,8,25,18,22,30,55,60,42,55,31,69,11,7,36,37,8,11,13,64,65,56,59,62
261375,L. Bergström,Lucas Carl Edvard Bergström,GK,63,22,05-09-2002,53,La Liga,453,RCD Mallorca,Finland,1,10,10,13,30,15,32,20,26,34,35,54,45,55,25,65,12,10,30,35,13,12,12,65,60,60,62,65
263976,O. Mosquera,Orlando Mosquera,GK,70,30,25-12-1994,350,Pro League,113057,Al Fayha,Panama,1,10,5,14,27,6,16,11,32,32,37,64,52,60,21,68,14,8,37,42,5,11,10,73,68,69,65,71
79922,Á. Pécsi,Ármin Pécsi,GK,64,20,24-02-2005,13,Premier League,9,Liverpool,Hungary,1,11,5,11,18,8,21,16,49,54,39,59,47,61,21,62,11,6,29,32,7,10,14,64,62,63,63,67
243048,W. Dennis,William Jonathan Dennis,GK,67,24,10-07-2000,13,Premier League,1943,AFC Bournemouth,England,1,12,7,11,17,11,25,13,29,40,28,54,47,55,28,61,14,5,38,39,10,12,12,70,65,63,66,69
71265,P. Argney,Paul Antoine Robin Stanislas Argney,GK,60,19,23-05-2006,16,Ligue 1,1738,Le Havre AC,France,1,14,7,11,28,8,31,13,44,43,43,57,45,48,27,47,9,7,33,41,9,13,15,62,59,60,54,64
239203,G. Coudert,Grégoire Coudert,GK,66,26,03-04-1999,16,Ligue 1,378,Stade Brestois 29,France,1,10,7,12,22,13,26,15,36,31,28,63,44,59,25,66,12,9,24,25,22,13,11,68,64,59,63,68
270217,A. Furlanetto,Alessio Furlanetto,GK,61,23,07-02-2002,31,Serie A,46,Lazio,Italy,1,14,9,12,31,14,28,12,37,43,40,51,44,54,29,57,14,8,35,31,12,14,13,63,60,58,55,65
79028,T. Bodak,Tyrick Bodak,GK,60,23,15-02-2002,10,Eredivisie,100638,Telstar,Curacao,1,23,9,12,39,14,20,15,31,13,33,58,48,55,30,64,9,6,50,34,11,11,13,52,61,64,59,64
79686,Diogo Ferreira,Diogo José N. e Jesus Ferreira,GK,64,18,10-02-2007,308,Primeira Liga,234,SL Benfica,Portugal,1,11,7,11,23,11,22,13,41,44,52,64,38,60,33,68,6,4,37,23,5,11,14,64,60,51,63,65
80146,J. Heerkens,Joeri Heerkens,GK,64,19,08-05-2006,10,Eredivisie,245,Ajax,Netherlands,1,16,9,10,39,15,32,24,24,20,32,51,50,51,29,59,12,7,36,33,9,12,13,65,60,66,66,68
273882,B. Klaverboer,Bernt Klaverboer,GK,64,19,26-09-2005,10,Eredivisie,1913,SC Heerenveen,Netherlands,1,13,8,12,34,20,33,23,24,30,24,62,50,46,25,65,10,6,28,28,10,16,18,66,62,66,62,64
272503,Sergio Mestre,Sergio Mestre Sánchez,GK,60,20,13-02-2005,53,La Liga,243,Real Madrid,Spain,1,11,7,10,45,9,42,14,47,40,45,43,44,59,22,61,11,5,29,26,7,9,11,61,59,58,61,64
247506,M. Freese,Matthew Andrew Geary Freese,GK,69,26,02-09-1998,39,Major League Soccer,112828,New York City FC,United States,1,11,6,10,27,7,19,16,27,31,32,61,51,52,18,55,11,4,41,26,7,11,14,70,68,68,69,71
254792,M. Al Mahasna,Mohammed Jasim Habib Al Mahasneh,GK,58,28,28-04-1997,350,Pro League,111674,Al Shabab,Saudi Arabia,1,14,5,13,29,9,22,12,42,45,43,54,41,54,28,55,8,7,46,35,7,10,8,57,54,54,60,61
73319,K. Chamorro,Kevin José Chamorro Rodríguez,GK,69,25,08-04-2000,308,Primeira Liga,744,Rio Ave FC,Costa Rica,1,11,5,14,20,11,23,13,33,30,32,64,46,58,23,60,13,6,28,34,9,12,10,73,67,61,64,72
238919,J. Pantemis,James PantemisΤζέιμς Παντέμης,GK,65,28,21-02-1997,39,Major League Soccer,111140,Portland Timbers,Canada,1,14,6,13,29,11,28,17,38,32,27,60,41,58,30,60,12,4,40,39,8,12,14,66,63,54,66,67
271757,Rubén Gómez,Rubén Gómez Peris,GK,63,23,24-01-2002,53,La Liga,483,Villarreal CF,Spain,1,23,6,10,26,8,25,10,29,29,60,60,46,44,28,46,20,6,41,23,10,11,14,63,62,61,63,61
247228,D. St. Clair,Dayne Tristan St. Clair,GK,73,28,09-05-1997,39,Major League Soccer,111138,Minnesota United FC,Canada,1,14,5,11,16,9,26,19,27,26,39,72,45,54,26,57,9,5,38,39,8,10,12,73,69,60,72,76
240834,L. Carević,Lazar CarevićЛазар Царевић,GK,71,26,16-03-1999,308,Primeira Liga,112809,Famalicão,Montenegro,1,10,5,11,25,10,19,18,22,30,21,65,53,52,26,57,10,7,37,39,15,14,13,70,68,71,70,72
257480,M. Raab,Matheo Raab,GK,70,26,18-12-1998,19,Bundesliga,1831,1. FC Union Berlin,Germany,1,11,5,10,32,12,23,24,30,18,24,60,50,47,30,45,10,8,36,39,8,12,11,70,69,67,70,70
77589,F. Dickes,Fernando Dickes,GK,57,17,13-10-2007,19,Bundesliga,28,Hamburger SV,Germany,1,20,7,12,29,15,28,25,35,33,41,50,41,52,25,56,12,8,40,36,20,10,14,60,56,55,52,59
262530,A. Thomas,Andrew Delmos Thomas,GK,61,26,01-09-1998,39,Major League Soccer,111144,Seattle Sounders FC,Russia,1,12,9,13,21,9,25,14,32,36,36,45,45,58,17,68,15,5,55,40,5,13,13,62,64,60,60,64
234724,John Victor,John Victor Maciel Furtado,GK,71,29,13-02-1996,13,Premier League,14,Nottingham Forest,Brazil,1,12,9,11,18,13,29,14,19,28,25,63,50,56,19,69,9,5,38,23,11,10,11,74,67,66,68,76
257395,M. Zinga,Melvin Zinga,GK,65,23,16-03-2002,16,Ligue 1,1530,Angers SCO,France,1,14,7,12,26,13,34,18,24,24,33,46,52,40,28,42,13,7,44,23,7,14,12,65,67,69,64,69
81546,L. Bakker,Len Bakker,GK,55,19,14-06-2006,10,Eredivisie,1914,PEC Zwolle,Netherlands,1,15,10,15,25,16,32,21,37,38,48,48,39,49,20,52,15,12,27,36,10,15,15,54,58,52,51,57
233101,R. Kortsmit,Roy Kortsmit,GK,65,32,26-08-1992,10,Eredivisie,1904,NAC Breda,Netherlands,1,14,7,10,28,10,20,10,23,33,37,65,45,54,18,64,11,8,31,30,12,10,13,66,61,60,64,65
194894,F. Rossi,Francesco Rossi,GK,62,34,27-04-1991,31,Serie A,39,Atalanta,Italy,1,19,11,14,17,21,12,19,22,21,55,51,47,35,22,30,27,11,30,42,20,17,16,63,62,63,60,62
263867,A. Al Sanbi,Abdulrahman Salem Fadhel Al Sanbi,GK,60,24,03-02-2001,350,Pro League,112387,Al Ahli SFC,Saudi Arabia,1,10,8,15,25,12,28,13,45,41,45,52,41,46,28,44,9,8,42,33,8,10,9,59,57,54,62,63
252456,C. Klaus,Carl Klaus,GK,67,31,16-01-1994,19,Bundesliga,1831,1. FC Union Berlin,Germany,1,10,7,10,23,8,28,11,27,32,29,52,50,49,31,51,9,7,47,43,9,12,10,67,69,66,65,70
72397,G. Toniolo,Giacomo Toniolo,GK,56,21,01-04-2004,31,Serie A,206,Hellas Verona FC,Italy,1,14,6,11,36,12,35,17,43,48,34,52,41,57,17,62,10,7,40,35,7,13,12,58,51,54,52,63
268912,M. Turk,Martin Turk,GK,64,21,21-08-2003,308,Primeira Liga,10020,GD Estoril Praia,Slovenia,1,12,7,8,17,13,30,14,40,34,28,54,43,54,30,55,7,7,38,33,7,14,12,66,56,57,63,71
271034,Álex Padilla,Alejandro Padilla Pérez,GK,68,21,01-09-2003,53,La Liga,448,Athletic Club,Mexico,1,13,6,8,22,10,20,15,37,29,35,51,47,57,22,62,8,7,34,27,6,15,10,70,67,63,67,71
70541,O. Pona,Oumar Kalifa Pona,GK,57,19,21-06-2006,16,Ligue 1,1530,Angers SCO,Mali,1,12,8,11,24,12,28,14,38,41,33,48,40,57,30,67,15,9,36,38,13,15,13,57,58,53,55,57
258936,L. Hornicek,Lukáš Horníček,GK,73,22,13-07-2002,308,Primeira Liga,1896,Sporting Clube de Braga,Czechia,1,12,7,11,15,10,11,14,28,28,38,62,52,57,21,61,9,6,26,37,8,11,13,74,68,69,75,76
279605,Tristán,Pol Tristán Jiménez,GK,64,23,18-03-2002,53,La Liga,452,RCD Espanyol,Spain,1,15,7,13,33,10,31,14,26,31,27,61,47,48,35,50,12,7,49,26,6,13,12,61,64,62,61,65
260982,C. Brady,Christopher Keith Brady,GK,69,21,03-03-2004,39,Major League Soccer,693,Chicago Fire,United States,1,10,7,14,18,9,21,10,31,26,39,58,47,58,21,64,10,5,40,28,8,11,11,74,64,62,67,72
277928,M. Berger,Mannou Berger,GK,59,20,15-10-2004,10,Eredivisie,246,Feyenoord,Netherlands,1,11,16,11,17,18,24,20,20,25,30,52,40,53,23,69,20,4,27,32,8,12,14,60,57,53,57,64
267874,G. Marks,George Marks,GK,61,25,10-11-1999,39,Major League Soccer,112134,Philadelphia Union,United States,1,14,5,13,15,14,28,19,27,28,36,40,48,52,34,59,13,8,30,21,8,14,12,62,64,64,63,61
240531,M. Al Baqawi,Moataz Al Baqaawiمعتز البقعاوي,GK,59,27,04-01-1998,350,Pro League,113217,Damac FC,Saudi Arabia,1,12,6,14,35,9,27,20,33,30,37,51,42,59,27,54,9,5,39,35,15,14,12,61,57,56,55,61
263402,T. De Percin,Théo Franck Mathias De Percin,GK,66,24,02-02-2001,16,Ligue 1,57,AJ Auxerre,France,1,11,9,13,29,11,22,16,25,18,39,52,49,55,27,64,11,4,30,40,5,11,14,69,64,65,64,68
279705,J. Cohen,Joshua Cohen,GK,68,32,18-08-1992,39,Major League Soccer,112885,Atlanta United,United States,1,11,7,10,26,14,26,14,31,23,22,67,49,53,22,55,11,8,36,26,5,11,11,67,66,65,68,66
79312,David Grilo,David Allen Grilo,GK,64,28,13-08-1996,308,Primeira Liga,718,Estrela da Amadora,Portugal,1,15,7,12,19,13,25,17,30,35,41,50,47,41,45,41,11,6,26,27,8,13,16,64,61,62,66,66
270865,Diego Calai,Diego Callai Silva,GK,68,20,18-07-2004,308,Primeira Liga,237,Sporting CP,Brazil,1,11,5,11,33,8,34,14,22,22,35,60,50,61,21,77,12,4,21,38,9,11,11,68,65,66,70,70
252284,Simão Bertelli,Simão Verza Bertelli,GK,68,31,02-07-1993,308,Primeira Liga,131463,AVS Futebol SAD,Brazil,1,11,9,11,21,13,25,12,29,25,32,58,50,56,17,62,9,5,34,38,5,12,13,70,67,66,68,69
244218,J. De Busser,Jari De Busser,GK,72,25,21-10-1999,10,Eredivisie,100632,Go Ahead Eagles,Belgium,1,18,8,15,28,11,25,14,23,25,22,68,49,44,28,42,8,4,35,21,8,14,10,74,69,65,71,75
266803,R. Sava,Răzvan Sergiu Sava,GK,71,23,21-06-2002,31,Serie A,55,Udinese,Romania,1,11,8,12,24,5,17,12,23,29,32,65,49,53,28,58,9,4,30,36,6,15,16,71,70,65,71,74
74039,Neneca,Hélio Miguel Júnior,GK,62,21,27-08-2003,308,Primeira Liga,1438,Santa Clara,Brazil,1,12,8,14,29,8,27,18,25,41,35,45,45,54,28,63,13,4,37,21,7,11,13,62,64,60,60,66
247121,L. Barraza,Luis Eduardo Barraza,GK,64,28,08-11-1996,39,Major League Soccer,688,DC United,United States,1,13,8,14,24,7,19,19,27,15,23,58,53,57,26,69,8,5,35,37,5,13,13,64,63,71,66,61
268428,M. Backhaus,Mio Backhaus,GK,67,21,16-04-2004,19,Bundesliga,38,SV Werder Bremen,Germany,1,12,8,12,24,14,24,20,15,24,39,66,46,49,25,56,13,4,41,32,10,10,11,67,63,61,66,71
251433,B. Voll,Ben Alexander Voll,GK,67,24,09-12-2000,19,Bundesliga,110329,FC St. Pauli,Germany,1,9,9,13,27,11,24,15,24,25,27,60,49,56,22,67,9,8,32,59,9,13,11,68,64,65,66,70
73072,L. Petersson,Lúkas Blöndal Petersson,GK,60,21,09-02-2004,19,Bundesliga,10029,TSG 1899 Hoffenheim,Iceland,1,12,8,18,30,10,29,15,38,30,29,53,43,60,27,66,7,8,39,34,8,10,10,60,59,57,59,60
272427,Alberto Flores,Alberto Flores López,GK,65,21,10-11-2003,53,La Liga,481,Sevilla FC,Spain,1,12,5,13,28,10,21,13,33,25,27,58,47,57,26,61,10,6,35,30,7,11,12,65,66,63,63,64
267684,N. Hagen,Nicholas George Hagen Godoy,GK,64,28,02-08-1996,39,Major League Soccer,687,Columbus Crew,Guatemala,1,14,5,13,23,10,24,20,39,25,40,60,46,56,25,59,6,6,40,39,5,11,12,64,62,61,64,64
256053,J. Pulskamp,John Gregory Pulskampجون بولسكامب,GK,64,24,19-04-2001,39,Major League Soccer,696,Sporting Kansas City,United States,1,13,9,10,27,8,22,15,27,21,30,60,44,54,20,62,11,6,31,34,12,13,12,67,60,59,62,67
260918,T. Romero,Tomás Lían Romero Keubler,GK,60,24,19-12-2000,39,Major League Soccer,112828,New York City FC,El Salvador,1,10,7,13,29,5,34,19,28,28,38,53,45,51,23,55,13,7,39,26,5,12,11,63,59,60,59,60
272755,J. Castro,Jacob Alex Castro,GK,55,25,18-12-1999,39,Major League Soccer,111144,Seattle Sounders FC,United States,1,13,9,14,26,13,28,19,42,45,37,44,40,59,19,67,14,6,26,23,10,13,15,56,60,53,51,56
231861,M. Stajduhar,Mason Stajduhar,GK,58,27,02-12-1997,39,Major League Soccer,111065,Real Salt Lake,United States,1,13,15,14,28,13,20,14,35,31,29,53,44,54,26,59,18,18,25,36,6,10,10,59,56,58,57,60
256488,M. Cox,Matthew Aidan Cox,GK,65,22,02-05-2003,13,Premier League,1925,Brentford,England,1,8,7,9,35,8,36,21,33,26,36,51,49,41,23,38,9,9,42,40,7,10,11,67,63,65,65,66
72179,L. Torriani,Lorenzo Torriani,GK,61,20,31-01-2005,31,Serie A,47,AC Milan,Italy,1,10,5,10,54,12,45,17,22,16,32,61,50,42,26,48,16,5,52,55,10,10,11,59,54,66,61,62
76845,J. Vinarčík,Jakub Vinarčík,GK,60,19,11-07-2005,308,Primeira Liga,112513,FC Arouca,Slovakia,1,12,7,14,20,5,15,17,44,35,30,54,47,53,26,54,7,4,49,46,6,12,14,60,57,63,62,60
80777,Matheus Mendes,Matheus M. W. de Oliveira,GK,68,26,10-03-1999,308,Primeira Liga,717,Alverca,Brazil,1,14,7,13,19,7,18,19,33,22,33,64,47,57,17,61,13,8,27,36,5,14,13,69,67,63,64,69
271661,Y. Lienard,Yann François Lienard,GK,65,22,16-03-2003,16,Ligue 1,69,AS Monaco,France,1,9,7,12,30,6,21,13,23,22,33,64,45,55,27,66,7,3,31,36,5,13,11,65,61,60,63,66
265520,Unai Marrero,Unai Marrero Larrañaga,GK,69,23,09-10-2001,53,La Liga,457,Real Sociedad,Spain,1,10,5,10,21,8,16,16,26,24,31,67,46,53,24,59,9,7,42,40,5,10,10,70,67,61,66,71
259915,J. Gal,Jeffrey Joseph Gal,GK,63,32,06-04-1993,39,Major League Soccer,693,Chicago Fire,United States,1,12,5,10,24,12,26,18,16,20,37,52,49,52,26,67,11,8,26,28,6,14,14,63,59,65,65,64
251995,João Gonçalves,João Pedro Oliveira Gonçalves,GK,69,24,05-11-2000,308,Primeira Liga,131463,AVS Futebol SAD,Portugal,1,10,7,13,22,8,17,10,28,29,22,65,50,51,24,54,12,5,37,36,8,10,10,69,68,67,70,69
75739,A. Mirbach,Alexis Mirbach,GK,58,20,04-03-2005,16,Ligue 1,71,FC Nantes,France,1,9,9,13,19,8,25,17,33,42,35,48,41,49,29,53,11,7,42,28,13,13,11,65,56,55,53,59
76012,V. Krapyvtsov,Vladyslav KrapyvtsovКрапивцов Владислав Андрійович,GK,64,20,25-06-2005,53,La Liga,110062,Girona FC,Ukraine,1,14,6,11,25,14,29,20,35,31,32,58,47,42,25,40,12,5,35,33,7,10,12,64,64,62,64,64
261305,B. Schwake,Brian Schwake,GK,63,23,24-08-2001,39,Major League Soccer,114162,Nashville SC,United States,1,12,9,10,21,5,15,13,15,28,32,63,44,55,25,71,13,8,35,38,6,10,12,66,60,58,60,63
248256,M. Sanyour,Meshary Sanyor,GK,60,23,05-12-2001,350,Pro League,112391,Al Qadsiah FC,Saudi Arabia,1,13,8,12,22,12,16,13,41,36,47,56,41,53,26,44,8,7,36,27,9,11,10,61,56,55,60,62
278095,J. Van Neck,Jelle Van Neck,GK,61,21,07-03-2004,16,Ligue 1,219,Olympique de Marseille,Belgium,1,14,8,20,25,10,27,23,25,32,30,58,42,56,23,63,10,7,39,23,5,11,12,64,59,56,55,64
80648,L. Mezerette,Louis Mezerette,GK,58,18,30-08-2006,16,Ligue 1,57,AJ Auxerre,France,1,13,10,12,25,7,22,19,32,28,35,52,44,45,28,48,7,6,48,33,6,14,11,56,55,59,56,61
254962,D. Callender,Drake Steven Callender,GK,67,27,07-10-1997,39,Major League Soccer,114640,Charlotte FC,United States,1,13,5,13,27,14,24,14,25,25,23,62,47,60,30,74,6,4,25,36,5,13,11,68,66,63,63,69
266517,K. Gadellaa,Kevin Gadellaa,GK,60,22,08-04-2003,10,Eredivisie,1903,FC Utrecht,Netherlands,1,12,7,11,26,17,28,20,26,32,25,58,42,47,24,70,11,5,40,24,7,11,12,61,60,56,57,61
278394,Fran González,Francisco Javier González Pérez,GK,63,20,24-06-2005,53,La Liga,243,Real Madrid,Spain,1,11,9,13,19,6,19,15,16,19,33,60,45,53,25,66,11,8,33,36,8,14,10,62,61,60,63,64
75816,P. Reverson,Paul Peters Reverson,GK,63,20,20-06-2005,10,Eredivisie,245,Ajax,Ghana,1,13,9,13,37,9,29,21,29,31,29,50,47,41,27,42,13,8,34,35,7,11,10,63,61,63,62,67
80045,R. Zelezny,Radoslaw Zelezny,GK,64,18,06-09-2006,31,Serie A,52,Roma,Poland,1,13,5,14,26,14,18,18,25,32,38,51,45,55,19,64,7,6,35,27,7,13,13,63,68,60,64,64
79461,S. Smarkalev,Stefan SmarkalevСтефан Стефанов Смъркалев,GK,59,18,14-05-2007,19,Bundesliga,38,SV Werder Bremen,Bulgaria,1,10,9,10,23,5,22,15,31,37,36,57,45,54,20,61,12,9,33,27,10,14,11,60,57,60,55,62
277825,Jorge Benito,Jorge Benito de Valle Martín,GK,58,19,06-06-2006,53,La Liga,1860,Getafe CF,Spain,1,15,9,13,27,8,26,16,33,29,38,52,44,52,22,55,7,9,26,33,6,13,12,61,58,59,55,58
77093,L. Diarra,Lassine Diarra,GK,64,22,11-11-2002,16,Ligue 1,66,Olympique Lyonnais,Mali,1,14,9,11,19,8,23,17,33,36,25,61,44,56,25,62,7,6,25,28,8,11,14,65,60,58,63,66
247346,T. Muse,John David Muse III,GK,54,25,26-07-1999,39,Major League Soccer,111140,Portland Timbers,United States,1,19,7,8,20,12,18,15,40,44,20,33,40,45,38,49,26,11,24,19,22,9,9,56,55,53,56,57
80811,G. Zacchi,Gioele Zacchi,GK,62,21,10-07-2003,31,Serie A,111974,Sassuolo,Italy,1,12,9,13,21,6,20,17,24,25,30,56,44,51,26,59,9,5,33,35,7,13,11,61,62,59,61,62
277916,L. Gavran,Luka Gavran,GK,64,25,09-05-2000,39,Major League Soccer,111651,Toronto FC,Canada,1,10,8,11,21,11,17,18,25,32,35,55,50,61,18,77,8,7,27,31,6,14,10,64,66,66,62,63
248255,A. Hawsawi,Abdulbasit Hawswi Abdullah,GK,56,28,12-12-1996,350,Pro League,112096,Al Ettifaq,Saudi Arabia,1,13,10,13,25,13,18,14,30,29,37,54,41,55,20,65,12,9,35,40,6,14,12,56,55,55,53,58
268631,H. Tyrer,Harry Alfred Tyrer,GK,64,23,06-12-2001,13,Premier League,7,Everton,England,1,11,9,14,29,7,21,17,15,17,33,60,47,57,28,73,11,8,28,22,6,11,11,65,61,62,62,65
245865,S. Bajic,Stefan Bajić,GK,65,23,23-12-2001,16,Ligue 1,76,RC Strasbourg Alsace,France,1,9,5,12,24,7,24,18,28,20,35,60,49,41,29,41,10,5,43,25,5,12,9,66,65,65,64,65
276776,A. Al Shammari,Abdulrahman Hadl Al Shammari,GK,56,25,07-08-1999,350,Pro League,113037,Al Riyadh,Saudi Arabia,1,13,8,11,30,10,27,16,40,42,38,49,39,50,26,54,8,6,34,24,5,11,9,57,56,52,53,56
258351,I. Boehmer,Isaac Boehmer,GK,60,23,20-11-2001,39,Major League Soccer,101112,Vancouver Whitecaps FC,Canada,1,15,10,13,30,14,27,13,16,19,27,53,42,51,28,62,10,8,27,39,8,14,15,62,56,56,63,61
276900,Hugo Cunha,Hugo Alberto Pires da Cunha,GK,63,23,06-09-2001,308,Primeira Liga,112809,Famalicão,Portugal,1,14,8,13,28,12,20,17,18,20,21,45,49,58,23,74,14,4,39,29,7,10,13,68,60,65,61,68
75924,J. Stawiecki,Jules Stawiecki,GK,60,18,10-04-2007,16,Ligue 1,69,AS Monaco,France,1,14,9,14,19,11,29,10,32,28,33,57,42,50,16,54,9,7,42,34,8,14,12,60,58,56,58,62
275325,T. Martinelli,Tommaso Martinelli,GK,68,19,06-01-2006,31,Serie A,110374,Fiorentina,Italy,1,12,8,10,19,8,18,19,25,19,31,51,48,57,18,70,8,4,40,42,6,10,12,69,67,64,69,70
271748,R. Steur,Roy Johannes Maria Steur,GK,59,20,01-02-2005,10,Eredivisie,645,FC Volendam,Netherlands,1,14,10,13,25,13,28,17,27,30,35,52,40,54,29,62,11,4,42,35,5,13,10,60,56,53,58,62
266906,S. Ostrzinski,Silas Ostrzinski,GK,63,21,19-11-2003,19,Bundesliga,22,Borussia Dortmund,Germany,1,9,6,11,26,10,25,11,26,34,24,54,44,56,29,68,11,7,31,34,9,9,13,65,60,59,62,65
78735,J. Zieliński,Jakub Zieliński,GK,59,17,21-02-2008,19,Bundesliga,175,VfL Wolfsburg,Poland,1,12,10,18,26,14,24,24,20,21,20,59,45,53,20,61,9,6,42,30,8,14,11,60,53,60,59,60
81240,J. Bärtl,Jannis Bärtl,GK,58,19,24-06-2006,19,Bundesliga,21,FC Bayern München,Germany,1,11,4,10,25,9,29,13,33,32,41,36,43,40,31,44,12,6,41,36,9,12,13,61,59,57,62,59
239510,M. Köbbing,Matthias Köbbing,GK,56,28,28-05-1997,19,Bundesliga,31,1. FC Köln,Germany,1,10,8,11,28,12,27,17,28,38,29,49,39,52,25,60,12,5,44,37,11,14,15,61,57,52,51,56
275327,L. Štubljar,Lovro Štubljar,GK,62,20,09-08-2004,10,Eredivisie,1915,FC Groningen,Slovenia,1,13,7,12,19,14,29,17,21,22,24,52,47,49,29,55,7,8,38,36,8,14,15,63,61,62,61,64
80313,Gonçalo Sobral,Gonçalo Júnior da Silva Sobral,GK,64,19,11-06-2006,308,Primeira Liga,234,SL Benfica,Portugal,1,12,8,12,19,12,28,14,24,21,26,64,41,54,24,62,9,7,38,30,9,11,13,65,61,55,61,65
231146,W. Al Enezi,Waleed Salem Aqeel Al Anzi,GK,55,28,06-07-1996,350,Pro League,115892,Al-Najma SC,Saudi Arabia,1,13,8,12,23,7,23,12,30,44,35,47,40,47,25,54,10,4,53,39,17,12,10,55,53,53,55,58
72724,J. Al Ashban,Jassim Mohammed Abdulrahman Al Ashbanجاسم العشبان,GK,57,30,06-08-1994,350,Pro League,131735,Al Kholood,Saudi Arabia,1,10,5,11,24,14,18,11,46,41,49,55,37,52,18,53,7,7,21,25,7,12,11,56,54,49,53,62
247428,D. Ochoa,David Ochoa Ramírez,GK,62,24,16-01-2001,39,Major League Soccer,112996,Los Angeles FC,Mexico,1,8,5,11,21,6,20,10,28,25,33,60,45,56,38,68,9,7,38,31,8,9,10,60,62,60,60,62
257138,B. Nna Noukeu,Blondy Rudolph Nna Noukeu,GK,57,24,31-05-2001,13,Premier League,106,Sunderland,Cameroon,1,13,7,11,30,8,38,15,36,34,32,53,41,45,26,47,9,7,36,30,7,10,14,58,55,55,53,61
276916,Diogo Dias,Diogo Alexandre Aranha Dias,GK,59,22,17-06-2003,308,Primeira Liga,10020,GD Estoril Praia,Portugal,1,16,7,15,26,14,24,12,27,18,38,54,40,48,28,53,6,9,34,26,8,11,12,56,62,53,55,60
241091,B. Scott,Brady Canfield Scott,GK,61,26,30-06-1999,39,Major League Soccer,697,LA Galaxy,United States,1,12,7,12,25,10,22,12,33,30,38,40,45,42,21,44,14,5,33,27,12,11,13,64,64,60,64,59
277471,A. Al Duqail,Abdulraouf Abdulaziz Essa Al Duqaylعبدالرؤوف عبدالعزيز الدقيل,GK,59,29,04-08-1995,350,Pro League,113057,Al Fayha,Saudi Arabia,1,13,8,11,25,5,27,13,16,29,24,56,44,50,27,63,13,8,35,34,7,13,10,54,54,58,63,60
77822,B. Gillingham,Blake Gillingham,GK,59,22,11-10-2002,39,Major League Soccer,698,Houston Dynamo,United States,1,12,5,14,32,8,24,13,28,30,29,54,40,55,31,64,7,8,30,42,6,10,11,59,59,53,61,55
79309,J. Castillo,Juan Castillo,GK,66,22,13-01-2003,308,Primeira Liga,1887,Vitória SC,Colombia,1,12,9,13,25,10,21,10,20,30,22,65,46,53,22,60,13,5,25,35,8,10,14,67,62,61,65,67
278280,F. Rinaldi,Filippo Rinaldi,GK,62,22,04-12-2002,31,Serie A,50,Parma,Italy,1,10,6,12,21,10,29,15,23,20,22,56,47,47,29,53,7,8,39,33,7,15,12,61,62,62,56,65
235806,G. Satalino,Giacomo Satalino,GK,66,26,20-05-1999,31,Serie A,111974,Sassuolo,Italy,1,14,6,11,28,7,22,17,24,16,28,60,42,48,19,51,13,8,30,41,9,10,10,68,64,56,66,69
271199,G. Ciocci,Giuseppe Ciocci,GK,59,23,24-01-2002,31,Serie A,1842,Cagliari,Italy,1,13,7,12,25,9,26,12,21,28,36,55,40,53,34,65,15,8,36,38,7,12,13,61,55,53,57,64
77129,A. De Rosario,Adisa Ajahni-Onifade de Rosario,GK,52,20,27-10-2004,39,Major League Soccer,111651,Toronto FC,Canada,1,12,12,13,24,12,21,12,39,41,32,30,45,53,26,58,13,8,23,36,5,12,13,52,54,60,55,53
257638,L. Philipp,Luca Dante Philipp,GK,68,24,28-11-2000,19,Bundesliga,10029,TSG 1899 Hoffenheim,Germany,1,9,4,12,26,9,22,10,24,29,29,60,48,48,20,50,10,7,37,31,6,13,11,68,64,64,69,70
248216,T. Hasal,Thomas Hasal,GK,63,25,09-07-1999,39,Major League Soccer,112996,Los Angeles FC,Canada,1,14,7,14,21,8,17,12,27,26,23,63,44,55,23,63,13,6,30,23,8,11,13,63,60,58,61,66
267636,C. dos Santos,Carlos Joaquim Antunes dos Santos,GK,61,24,28-08-2000,39,Major League Soccer,131439,San Diego FC,United States,1,11,9,14,23,9,20,10,26,29,22,52,44,56,25,68,12,4,37,23,9,12,11,60,61,59,58,64
276673,A. Al Ouwiradi,Abdulaziz Abdul Rahma Al Awairdhi,GK,54,23,05-04-2002,350,Pro League,111674,Al Shabab,Saudi Arabia,1,10,9,10,27,12,22,15,34,39,33,46,38,47,25,53,10,7,38,37,7,10,14,56,50,50,55,57
271569,O. Al Mermesh,Osama Mubarak Hajaj Al Mermesh,GK,55,21,06-07-2003,350,Pro League,607,Al Ittihad,Saudi Arabia,1,12,9,13,19,9,25,12,40,37,41,55,38,50,20,54,14,8,34,36,8,12,10,56,51,50,50,59
275032,N. Mićović,Novak MićovićНовак Мићовић,GK,63,23,25-10-2001,39,Major League Soccer,697,LA Galaxy,Serbia,1,12,7,13,28,11,27,17,28,20,27,59,46,52,20,57,6,4,34,31,8,11,14,63,63,61,60,62
245854,T. Vermot,Théo Vermot,GK,59,28,27-01-1997,16,Ligue 1,219,Olympique de Marseille,France,1,12,6,11,26,8,28,12,26,22,33,48,46,53,25,63,11,9,27,22,8,13,10,62,54,61,56,64
79233,L. Zeevalkink,Leco Zeevalkink,GK,56,19,14-09-2005,10,Eredivisie,100634,Heracles Almelo,Netherlands,1,10,14,12,28,10,27,20,21,29,32,52,40,44,32,51,13,8,30,32,5,11,14,59,49,53,56,59
262791,S. Jansen,Sven Jansen,GK,56,20,23-10-2004,10,Eredivisie,100632,Go Ahead Eagles,Netherlands,1,20,11,12,27,18,21,15,16,18,22,54,44,51,21,51,8,9,40,33,9,13,11,58,55,58,49,56
259530,Alfonso Pastor,Alfonso Pastor Vacas,GK,64,24,04-10-2000,308,Primeira Liga,744,Rio Ave FC,Spain,1,11,9,13,17,8,23,18,27,17,22,57,47,53,24,59,8,6,27,25,7,12,11,69,63,63,59,66
74578,Gabriel Cabral,Gabriel Cabral da Cruz,GK,62,22,19-04-2003,308,Primeira Liga,112809,Famalicão,Brazil,1,10,5,11,26,10,16,19,18,23,39,42,44,56,18,73,11,8,26,36,7,13,10,66,59,58,65,65
259550,C. Odunze,Chituru Ethan Odunze,GK,59,22,14-10-2002,39,Major League Soccer,114640,Charlotte FC,United States,1,12,6,12,21,11,21,17,23,31,35,59,41,54,21,68,8,5,35,22,7,12,14,59,58,55,57,60
275419,D. Verduin,Duke Verduin,GK,57,21,30-10-2003,10,Eredivisie,1914,PEC Zwolle,Netherlands,1,13,10,13,16,15,16,11,32,29,40,55,38,52,26,57,9,10,30,35,8,15,13,57,56,50,57,57
245502,R. Al Najjar,Raghid Alaa Mohammed Najjarراغد نجار,GK,59,28,20-09-1996,350,Pro League,112139,Al Nassr,Saudi Arabia,1,11,6,10,22,10,27,12,33,30,32,59,42,54,25,60,8,6,28,43,6,10,11,62,55,56,57,59
77128,M. Collodi,Michael Collodi,GK,60,24,25-05-2001,39,Major League Soccer,695,FC Dallas,United States,1,13,7,12,24,6,17,16,28,29,24,54,42,54,28,63,10,5,34,32,7,10,12,60,60,56,62,58
269146,Álex Primo,Alejandro Primo Hernández,GK,60,20,10-07-2004,53,La Liga,1853,Levante UD,Spain,1,10,8,11,26,8,28,15,39,31,35,54,41,41,24,39,9,7,36,31,7,12,10,61,60,55,58,62
278331,L. Nava,Lapo Francesco Maria Nava,GK,60,21,22-01-2004,31,Serie A,111434,Cremonese,Italy,1,13,6,13,24,6,21,13,20,17,27,56,49,45,19,51,10,7,35,34,5,14,14,58,55,65,63,58
71851,H. Al Shanqeeti,Hamed Abdullah M. Yousef Al Shanqitiحامد الشنقيطي,GK,56,20,26-04-2005,350,Pro League,607,Al Ittihad,Saudi Arabia,1,13,6,14,31,6,16,13,34,29,31,48,41,57,16,68,14,4,36,23,9,13,10,62,51,55,53,56
79443,Kevyn Vinícius,Kevyn Vinícius Medeiros de Freitas,GK,62,20,01-07-2005,308,Primeira Liga,1891,CD Nacional,Brazil,1,10,5,13,18,10,29,11,25,29,42,60,41,54,26,63,6,7,34,25,5,11,14,62,58,54,61,65
80149,T. Holla,Tijmen Holla,GK,56,18,25-07-2006,10,Eredivisie,1971,Excelsior,Netherlands,1,13,10,12,30,11,26,20,25,26,29,43,43,49,19,57,11,8,29,30,8,8,10,56,58,57,53,58
277814,G. Swiderski,Grégoire Swiderski,GK,61,19,05-10-2005,53,La Liga,463,Deportivo Alavés,Canada,1,11,9,10,19,6,18,13,22,30,41,44,45,45,19,52,12,8,39,33,7,11,12,63,61,60,61,63
272769,N. Schiks,Niek Schiks,GK,63,21,03-02-2004,10,Eredivisie,247,PSV,Netherlands,1,14,8,13,29,14,24,10,16,22,29,58,47,45,25,51,11,6,24,37,8,10,10,63,62,63,64,60
73119,S. Spari,Simon Emil Spari,GK,61,23,16-06-2002,19,Bundesliga,110329,FC St. Pauli,Austria,1,10,8,11,25,5,19,12,20,29,34,60,46,52,24,63,12,7,35,27,6,10,10,61,58,61,59,64
243905,R. Mantel,Robin Mantel,GK,59,24,15-11-2000,10,Eredivisie,100634,Heracles Almelo,Belgium,1,10,9,10,22,7,25,19,24,24,37,49,42,58,17,74,12,7,22,38,7,13,12,57,59,56,56,63
247448,G. Ranjitsingh,Gregory Nicholas Ranjitsingh,GK,60,31,18-07-1993,39,Major League Soccer,112828,New York City FC,Trinidad and Tobago,1,12,8,10,28,13,28,19,24,17,39,54,38,54,18,69,11,7,24,29,9,13,10,58,51,50,60,70
267787,AJ Marcucci,Anthony Marcucci Jr.,GK,53,25,31-07-1999,39,Major League Soccer,689,New York Red Bulls,United States,1,13,9,13,34,10,25,18,24,19,22,38,38,54,28,70,12,9,33,33,11,13,15,54,57,51,51,54
73253,J. Eyestone,Julian Eyestone,GK,58,19,21-04-2006,13,Premier League,1925,Brentford,United States,1,13,6,12,24,11,20,19,26,23,34,55,44,50,22,59,9,8,32,28,5,12,14,59,57,58,57,58
75602,N. Martens,Niels Martens,GK,57,21,07-05-2004,10,Eredivisie,634,Fortuna Sittard,Netherlands,1,12,6,11,18,9,18,16,24,32,30,54,43,54,20,68,12,7,32,37,8,13,11,56,56,57,55,58
277644,T. Negrel,Tom Negrel,GK,59,22,13-04-2003,16,Ligue 1,57,AJ Auxerre,France,1,11,4,11,34,9,30,11,21,25,34,49,45,45,21,52,9,4,33,34,5,12,13,56,57,60,61,62
273690,Mateus,Mateus Oliveira Mendes,GK,62,23,02-05-2002,308,Primeira Liga,717,Alverca,Brazil,1,13,7,10,20,7,18,10,28,21,28,56,48,53,25,60,8,4,50,26,5,13,11,58,62,64,65,61
267827,R. Azybi,Raed Hussain Mohammed Ozaybi,GK,56,23,22-09-2001,350,Pro League,131798,NEOM SC,Saudi Arabia,1,12,9,10,17,7,25,20,30,32,32,48,40,38,40,43,14,4,40,23,8,13,14,52,56,53,58,57
80203,A. Nunziante,Alessandro Nunziante,GK,56,18,14-03-2007,31,Serie A,55,Udinese,Italy,1,14,7,12,19,14,22,13,32,21,38,52,38,59,19,72,9,6,35,39,9,12,12,52,54,51,56,60
278623,J. Samooja,Jasper Lauri Petteri Samooja,GK,61,21,21-07-2003,31,Serie A,347,Lecce,Finland,1,11,8,9,25,12,26,13,30,21,33,51,46,36,19,32,12,9,35,38,9,9,15,62,65,61,60,59
76910,João Afonso,João de Oliveira Afonso,GK,58,18,30-04-2007,308,Primeira Liga,1438,Santa Clara,Portugal,1,10,6,10,28,12,21,17,24,20,22,37,46,54,20,70,14,5,29,24,7,13,13,65,62,61,51,60
77692,Diogo Fernandes,Diogo Dias Fernandes,GK,63,20,17-02-2005,308,Primeira Liga,236,FC Porto,Portugal,1,12,6,12,27,11,28,13,19,21,22,62,41,46,16,54,8,4,21,33,9,14,13,65,62,55,58,64
74425,N. Jauny,Noah Jauny,GK,58,20,26-08-2004,16,Ligue 1,378,Stade Brestois 29,Republic of Ireland,1,12,9,14,27,10,22,14,22,36,27,43,38,53,29,65,12,6,31,27,8,10,13,64,54,51,56,61
277459,A. Abdo,Abdullah Ahmad Abdulaziz Abdoعبدالله أحمد عبده,GK,51,23,25-06-2002,350,Pro League,112387,Al Ahli SFC,Saudi Arabia,1,11,10,13,26,9,24,13,42,40,34,43,36,56,21,60,14,4,36,27,5,14,11,52,51,48,52,51
74717,Manu González,Manuel González Pallarés,GK,58,18,18-04-2007,53,La Liga,449,Real Betis Balompié,Spain,1,15,9,11,19,14,21,19,20,30,28,52,44,36,23,44,13,7,35,28,11,14,12,58,58,58,57,58
265747,R. Janse,Rijk Janse,GK,59,23,16-04-2002,10,Eredivisie,1910,NEC Nijmegen,Netherlands,1,10,8,13,23,5,24,17,27,24,33,62,42,48,22,54,9,6,32,37,8,14,12,60,55,56,58,58
81299,M. Overmars,Martijn Overmars,GK,56,19,07-06-2006,10,Eredivisie,1910,NEC Nijmegen,Netherlands,1,11,7,12,23,8,28,15,30,23,27,54,39,50,20,57,11,6,43,40,8,10,14,58,50,52,54,57
77188,João Carvalho,João Gonçalo Carapinha Carvalho,GK,61,21,09-04-2004,308,Primeira Liga,1896,Sporting Clube de Braga,Portugal,1,14,5,10,28,10,28,11,16,25,31,40,44,48,22,59,13,5,38,25,8,14,10,64,61,59,62,63
72026,C. McKenna,Callan McKenna,GK,57,18,22-12-2006,13,Premier League,1943,AFC Bournemouth,Scotland,1,10,5,14,27,14,25,18,28,33,25,55,41,50,27,56,10,4,29,33,8,13,12,56,55,55,56,56
266649,N. Verdoni,Nando Verdoni,GK,58,21,09-07-2003,10,Eredivisie,100632,Go Ahead Eagles,Netherlands,1,10,6,11,24,6,29,19,26,29,31,54,46,45,20,50,13,6,33,39,6,10,13,57,56,61,56,58
80557,F. Entius,Freek Entius,GK,58,19,26-05-2006,10,Eredivisie,1910,NEC Nijmegen,Netherlands,1,12,7,12,25,5,19,15,19,21,34,57,43,44,21,52,14,7,37,34,9,14,11,58,54,57,55,59
277317,B. Al Doaa,Bela Mousa Ali Al Dawaa,GK,51,21,12-06-2004,350,Pro League,112096,Al Ettifaq,Saudi Arabia,1,12,5,11,25,14,28,15,37,37,48,38,41,46,28,50,7,4,26,27,8,14,10,56,50,54,41,56
279507,Rafa Romero,Rafael Romero Morilla,GK,62,21,07-08-2003,53,La Liga,481,Sevilla FC,Spain,1,14,10,13,23,8,18,13,33,32,24,58,47,42,25,42,7,7,36,32,6,10,11,60,58,62,60,67
78164,Y. Gerritsen,Yannick Gerritsen,GK,57,19,14-02-2006,10,Eredivisie,1908,FC Twente,Netherlands,1,14,7,9,29,12,25,19,22,23,20,41,44,50,19,61,8,8,39,39,10,13,11,55,56,59,59,60
257637,D. Klein,Daniel Klein,GK,61,24,13-03-2001,19,Bundesliga,100409,FC Augsburg,Germany,1,10,8,12,26,9,24,14,20,27,28,59,42,49,23,57,7,8,35,29,6,15,12,61,59,56,59,63
277908,D. Kochen,Diego Kochen,GK,58,19,19-03-2006,53,La Liga,241,FC Barcelona,United States,1,14,7,13,20,7,29,13,21,21,39,56,44,52,17,62,6,8,22,35,6,13,14,55,59,58,54,58
70284,Daniel Azevedo,Daniel Grilo Azevedo,GK,60,27,12-02-1998,308,Primeira Liga,114510,Casa Pia,Portugal,1,10,8,11,26,12,27,17,20,21,22,49,41,60,20,80,8,7,22,30,7,12,10,61,56,54,63,62
73595,S. Al Shammari,Saad Sattam Saud Al Shammari,GK,52,20,31-08-2004,350,Pro League,113057,Al Fayha,Saudi Arabia,1,13,8,14,19,14,16,12,33,36,39,44,41,53,20,60,15,8,30,30,9,10,12,55,48,55,52,52
80773,N. Saïd Mchindra,Naïme Saïd Mchindra,GK,58,20,28-05-2005,16,Ligue 1,1809,Toulouse FC,Comoros,1,11,8,10,18,7,28,14,27,32,25,49,42,43,30,49,9,5,28,36,8,11,13,60,58,56,53,62
267577,Juanpe Gil,Juan Pedro Gil Bueno,GK,58,24,05-05-2001,53,La Liga,480,Rayo Vallecano,Spain,1,12,8,12,25,11,18,15,26,32,21,48,44,43,19,49,9,6,31,21,5,11,14,60,57,58,54,62
75741,M. Pessina,Massimo Pessina,GK,52,17,25-12-2007,31,Serie A,189,Bologna,Italy,1,11,9,14,27,5,27,15,25,32,22,42,38,48,28,55,13,5,33,26,8,11,10,51,50,51,51,56
80504,Henrique Menke,Henrique Menke Lopes,GK,56,18,12-01-2007,31,Serie A,1745,Como,Brazil,1,11,8,13,22,12,19,12,19,25,35,54,39,47,25,56,12,5,30,25,8,10,10,52,53,52,56,59
279880,Renato Marin,Renato Bellucci Marin,GK,62,18,10-07-2006,16,Ligue 1,73,Paris Saint-Germain,Italy,1,13,5,10,19,14,18,11,26,20,39,53,49,39,30,41,6,4,35,37,8,14,10,63,61,65,60,61
268394,T. Gillier,Thomas Clemente Philippe Gillier Correa,GK,65,21,28-05-2004,39,Major League Soccer,111139,CF Montréal,Chile,1,12,6,12,20,7,22,12,16,28,33,58,45,38,22,41,9,7,27,28,7,11,12,66,61,60,65,68
270921,A. Picornell,André Picornell,GK,57,21,03-04-2004,308,Primeira Liga,1888,Gil Vicente FC,Sweden,1,14,9,12,19,5,15,17,30,31,31,41,43,48,23,54,6,4,26,28,9,10,10,59,58,57,57,58
78210,F. Montali,Francesco Montali,GK,55,24,06-09-2000,39,Major League Soccer,111928,San Jose Earthquakes,United States,1,14,7,13,27,12,20,17,32,21,39,49,38,54,22,60,9,5,22,27,9,12,13,58,54,51,51,54
77491,J. Hibbert,Jayden Hibbert,GK,51,20,05-08-2004,39,Major League Soccer,112885,Atlanta United,Jamaica,1,10,8,14,18,5,23,14,36,35,39,41,41,48,25,53,6,6,21,24,6,11,14,47,59,55,47,51
74437,S. Al Qarni,Saad Abdullah Al Qarniسعد عبدالله القرني,GK,52,23,15-01-2002,350,Pro League,113060,Al Akhdoud Saudi Club,Saudi Arabia,1,14,9,11,21,11,28,13,29,27,24,45,38,53,19,64,13,8,37,39,6,13,10,56,49,51,50,54
78547,I. Jourdren,Ilan Jourdren,GK,60,16,17-07-2008,16,Ligue 1,64,RC Lens,France,1,10,5,12,24,8,21,18,20,32,27,56,42,33,27,30,14,4,35,36,8,11,12,60,57,56,58,63
272961,D. Virginio Deen,Daniël Virginio Deen,GK,60,22,13-02-2003,10,Eredivisie,1906,AZ Alkmaar,Netherlands,1,10,9,13,29,7,21,18,15,28,36,57,42,40,20,47,7,5,23,24,9,13,13,60,61,56,57,60
276087,D. Stamatakis,Dimitrios StamatakisΔημήτριος Σταματάκης,GK,60,22,23-04-2003,53,La Liga,479,CA Osasuna,Greece,1,11,6,14,23,13,17,15,17,17,35,50,47,48,22,57,9,4,38,22,5,11,12,57,62,62,61,61
269232,S. Karssies,Sam Luca Karssies,GK,59,22,26-02-2003,10,Eredivisie,1908,FC Twente,Netherlands,1,10,7,13,19,5,27,18,18,20,36,56,41,45,17,42,12,7,37,28,5,13,10,58,60,55,56,60
72901,A. Rick,Andrew Rick,GK,50,19,30-01-2006,39,Major League Soccer,112134,Philadelphia Union,United States,1,14,8,12,19,6,24,16,30,32,26,40,43,45,25,53,13,7,29,23,7,12,10,49,47,57,43,58
76420,Germán García,Germán García Fernández,GK,57,21,01-02-2004,53,La Liga,449,Real Betis Balompié,Spain,1,13,6,12,21,11,18,10,21,28,30,55,40,44,20,52,11,8,30,29,9,13,12,57,55,53,55,56
81393,Adrián Molina,Adrián Molina Colorado,GK,54,19,22-07-2005,53,La Liga,480,Rayo Vallecano,Spain,1,10,9,12,25,13,17,14,20,20,35,51,44,40,24,49,9,5,34,30,5,12,14,53,50,58,52,58
75540,C. Mercado,Jose Carlos Mercado,GK,56,25,27-09-1999,39,Major League Soccer,112606,Orlando City SC,United States,1,13,9,12,23,7,16,14,23,30,37,48,36,51,20,61,10,8,24,31,9,13,13,59,58,48,53,57
80742,T. Goos,Thomas Goos,GK,55,17,21-05-2008,10,Eredivisie,1904,NAC Breda,Netherlands,1,14,9,13,15,13,15,12,30,28,33,44,43,53,24,61,6,8,25,29,9,12,14,58,53,57,53,58
70850,R. Schewe,Ryan Schewe,GK,52,23,08-03-2002,39,Major League Soccer,696,Sporting Kansas City,United States,1,13,9,10,23,11,24,10,22,33,21,43,43,51,26,66,11,5,32,30,7,13,12,54,50,57,48,55
269435,P. Kuiper,Pascal Kuiper,GK,59,21,17-03-2004,10,Eredivisie,100646,Sparta Rotterdam,Netherlands,1,10,9,13,23,13,15,11,24,27,27,48,44,40,20,56,14,4,29,36,5,10,12,62,59,58,57,60
277189,J. Otero,Javier Alejandro Otero León,GK,55,22,18-11-2002,39,Major League Soccer,112606,Orlando City SC,Venezuela,1,10,9,14,24,9,19,13,24,26,27,50,39,51,23,60,6,8,37,31,9,10,12,56,53,52,54,55
78973,Cristian,Cristian de Lima,GK,60,23,25-02-2002,308,Primeira Liga,1438,Santa Clara,Brazil,1,13,6,14,18,13,20,18,24,27,30,60,44,36,24,35,11,6,34,23,5,11,12,61,55,59,59,61
80279,A. Al Anzi,Adel Al Anzi,GK,50,19,25-11-2005,350,Pro League,115892,Al-Najma SC,Saudi Arabia,1,13,11,12,25,10,24,10,32,27,20,46,43,46,16,54,15,10,32,37,7,15,13,51,46,57,53,45
279706,D. Ferree,Duran Michael Ferree,GK,58,18,28-09-2006,39,Major League Soccer,131439,San Diego FC,United States,1,11,6,12,21,10,16,18,17,30,29,55,44,39,20,46,14,8,32,21,5,10,11,58,57,58,56,57
76337,L. Klanac,Leon Klanac,GK,56,18,01-03-2007,19,Bundesliga,21,FC Bayern München,Germany,1,11,4,12,26,7,24,12,24,31,32,41,41,41,23,46,8,8,25,26,9,11,14,59,58,54,49,60
277063,A. Abo Rasain,Ahmad Saud Ahmad Abu Rasen,GK,52,21,02-11-2003,350,Pro League,605,Al Hilal,Saudi Arabia,1,12,8,10,24,10,18,12,28,31,30,46,38,51,22,62,8,8,31,33,8,11,13,56,48,50,52,52
269732,R. Ríos Novo,Rocco Ríos Novo,GK,62,23,04-06-2002,39,Major League Soccer,112893,Inter Miami,Argentina,1,10,7,10,21,10,17,11,18,32,25,65,45,33,25,31,9,7,22,36,9,11,11,61,57,60,60,66
75761,Y. Abu Dahi,Yahya Abu Dahi,GK,50,19,18-03-2006,350,Pro League,113217,Damac FC,Saudi Arabia,1,12,5,10,27,7,28,11,46,41,28,48,39,37,26,34,9,4,39,25,9,10,14,50,45,52,50,52
263967,N. Hansen,Nicholas Defreitas-Hansen,GK,54,23,10-07-2001,39,Major League Soccer,694,Colorado Rapids,Denmark,1,15,9,13,26,14,29,15,19,20,36,49,40,35,17,44,12,7,35,40,8,13,15,54,56,53,50,56
275317,M. Patouillet,Mathieu Patouillet,GK,64,21,20-02-2004,350,Pro League,605,Al Hilal,France,1,12,6,9,22,8,21,13,23,14,28,63,43,39,19,44,6,4,28,35,6,11,10,65,61,57,62,67
71476,Gui,José Guilherme Ribeiro,GK,59,19,13-05-2006,308,Primeira Liga,1887,Vitória SC,Portugal,1,11,9,11,16,7,16,19,21,23,20,49,43,45,19,52,14,6,30,38,6,10,13,60,58,57,58,62
269243,D. Vlak,Dion Vlak,GK,55,24,28-06-2001,10,Eredivisie,645,FC Volendam,Netherlands,1,10,8,13,27,11,28,17,17,28,36,49,36,50,23,62,8,6,21,35,7,10,12,58,52,48,52,57
268108,D. Baron,Dirk Jan Baron,GK,57,22,16-08-2002,10,Eredivisie,1915,FC Groningen,Netherlands,1,14,9,14,16,11,15,18,20,31,37,40,41,48,18,57,12,4,27,36,5,10,14,57,62,54,56,57
76473,N. Dobben,Nick Dobben,GK,55,17,17-05-2008,10,Eredivisie,1914,PEC Zwolle,Netherlands,1,11,9,10,21,10,17,18,25,30,32,45,42,44,16,50,10,6,25,36,8,12,10,57,58,56,44,59
75806,J. Farr,Jordan Farr,GK,58,30,05-10-1994,39,Major League Soccer,688,DC United,United States,1,10,5,11,15,6,19,15,23,20,22,40,45,42,17,49,11,7,36,39,7,13,13,59,58,60,61,57
259364,M. Al Shammari,Mohammed Mazyad Mofrah Al Shammari,GK,54,33,10-12-1991,350,Pro League,131735,Al Kholood,Saudi Arabia,1,11,5,11,26,9,26,17,25,28,44,54,35,36,17,44,10,6,21,21,5,13,14,56,50,47,52,54
262922,P. Tschernuth,Paul Tschernuth,GK,59,23,20-01-2002,19,Bundesliga,111235,1. FC Heidenheim 1846,Austria,1,11,8,12,24,12,20,20,18,17,22,41,45,36,24,41,7,5,21,30,6,11,12,60,61,60,58,60
279593,M. Al Absi,Mohammed Saleem Hamid Al Absi,GK,55,22,24-09-2002,350,Pro League,607,Al Ittihad,Saudi Arabia,1,10,8,14,27,10,28,15,17,27,25,34,41,46,21,56,6,6,37,29,7,10,14,57,55,55,56,56
76943,A. Al Senaidi,Abdulrahman Al Senaidi,GK,52,18,08-07-2006,350,Pro League,112393,Al Taawoun FC,Saudi Arabia,1,13,9,11,24,8,29,20,25,27,33,45,35,43,23,50,9,6,29,21,8,10,13,55,51,47,50,52
79286,F. Hellstern,Florian Pascal Hellstern,GK,59,17,18-10-2007,19,Bundesliga,36,VfB Stuttgart,Germany,1,10,9,14,28,13,26,11,18,19,28,40,45,41,12,48,8,5,32,25,8,10,10,63,58,60,59,63
272887,X. Valdez,Xavier William Valdez Derrig,GK,54,21,23-11-2003,39,Major League Soccer,114162,Nashville SC,Dominican Republic,1,13,5,11,20,5,20,16,28,25,33,40,41,49,23,58,12,8,30,21,8,13,11,58,53,54,52,55
80500,S. Petiet,Stijn Petiet,GK,55,21,26-08-2003,10,Eredivisie,1915,FC Groningen,Netherlands,1,12,5,10,15,8,16,13,31,21,36,47,38,53,19,63,10,8,27,29,7,12,14,56,55,51,52,58
75810,A. Šiljević,Amil SiljevicАмил Шиљевић,GK,58,18,19-01-2007,19,Bundesliga,1824,Eintracht Frankfurt,Germany,1,13,7,11,21,9,22,17,18,19,21,55,44,50,18,61,6,6,26,20,6,12,8,59,54,59,54,62
69982,A. Rando,Alexander Rando,GK,52,25,05-04-2000,39,Major League Soccer,112828,New York City FC,United States,1,14,5,10,23,7,28,19,31,22,23,42,38,49,16,58,12,7,33,31,6,11,10,53,49,51,55,54
79245,A. Al Ghamdi,Abdulrahman Al Ghamdi,GK,52,19,13-02-2006,350,Pro League,112393,Al Taawoun FC,Saudi Arabia,1,10,9,13,20,8,21,13,31,30,35,47,36,37,17,43,10,7,36,36,7,14,13,54,48,48,49,55
240643,H. Al Johani,Hatem Al Jahaniحاتم الجهني,GK,56,28,31-07-1996,350,Pro League,113060,Al Akhdoud Saudi Club,Saudi Arabia,1,13,9,14,20,11,21,13,32,31,37,38,39,36,17,33,11,4,27,43,6,14,11,59,58,52,52,60
268449,T. Jansink,Timo Jansink,GK,57,22,16-03-2003,10,Eredivisie,100634,Heracles Almelo,Netherlands,1,15,8,12,23,14,16,15,22,31,23,55,39,39,17,58,8,6,26,32,10,14,12,57,60,52,56,54
71632,S. Al Subaie,Sattam Ibrahim Ali Al Subaie,GK,52,24,18-04-2001,350,Pro League,112390,Al Fateh,Saudi Arabia,1,13,5,12,26,14,17,16,43,43,42,47,38,36,17,30,7,7,23,22,9,10,14,55,45,50,49,57
278873,B. Broekmans,Boaz Broekmans,GK,56,18,08-11-2006,10,Eredivisie,634,Fortuna Sittard,Netherlands,1,12,5,12,20,12,14,20,23,21,28,57,38,40,17,46,11,5,38,32,5,13,11,55,52,51,54,57
245269,E. Al Feda,Emad Adnan Al Fedaعماد الفدا,GK,52,28,19-06-1997,350,Pro League,112387,Al Ahli SFC,Saudi Arabia,1,12,7,16,28,7,16,10,24,33,26,47,38,45,30,54,6,5,30,24,7,10,8,53,51,50,50,54
73858,A. Stokes,Aidan Stokes,GK,52,17,14-01-2008,39,Major League Soccer,689,New York Red Bulls,England,1,13,6,13,22,14,16,10,31,15,38,34,35,45,20,50,9,7,28,34,9,12,11,59,47,46,54,55
274269,P. Walters,Paul Walters,GK,51,21,11-04-2004,39,Major League Soccer,113149,FC Cincinnati,United States,1,11,8,10,26,8,17,11,30,33,31,42,38,48,17,57,11,8,30,34,9,12,13,48,50,51,50,56
74658,N. Al Ghamdi,Naser Al Ghamdiنـاصر الغـامدي,GK,51,24,20-01-2001,350,Pro League,113217,Damac FC,Saudi Arabia,1,14,8,11,25,8,22,14,26,16,37,44,38,32,26,36,13,8,37,34,9,13,13,52,50,50,51,51
81467,E. Lysionok,Ernestas Lysionok,GK,56,18,09-03-2007,31,Serie A,110556,Genoa,Lithuania,1,10,7,10,21,9,15,12,26,15,26,51,40,45,19,51,10,5,30,24,7,11,11,52,54,53,56,59
73554,H. Hermann,Hannes Steffen Hermann,GK,56,20,23-03-2005,19,Bundesliga,28,Hamburger SV,Germany,1,10,7,10,27,10,25,21,28,18,22,37,43,37,19,43,9,8,23,19,8,10,13,56,57,57,58,60
81468,G. Astaldi,Gianluca Astaldi,GK,56,19,10-04-2006,31,Serie A,50,Parma,Italy,1,10,8,9,21,12,15,15,25,26,22,52,39,49,26,59,7,4,30,34,6,11,11,54,51,52,56,59
78154,A. Al Khaibari,Abdulmalik Saleh Saifi Al Khaibari,GK,50,17,14-09-2007,350,Pro League,113037,Al Riyadh,Saudi Arabia,1,10,8,11,28,12,20,14,28,29,31,42,36,44,17,52,12,7,23,30,7,12,10,52,48,48,48,51
75713,T. Baljawsh,Turki Hafiz Al Baaljawshتركي بالجوش,GK,52,21,24-11-2003,350,Pro League,112096,Al Ettifaq,Saudi Arabia,1,12,7,11,25,5,25,13,17,30,28,45,35,38,20,49,10,8,28,25,8,13,13,54,51,47,50,52
78889,M. Al Ghanem,Mohammed Al Ghanem,GK,50,17,13-08-2007,350,Pro League,112883,Al Khaleej,Saudi Arabia,1,13,6,11,23,6,18,12,31,15,26,36,42,40,20,46,11,8,26,25,5,11,13,60,47,56,41,53
76781,M. Saad,Mishal Saad,GK,52,19,10-02-2006,350,Pro League,111674,Al Shabab,Saudi Arabia,1,13,6,13,17,11,15,10,19,26,27,40,37,38,18,45,14,6,35,23,6,13,14,58,56,49,48,47
74977,M. Al Hakim,Mohammed Al Hakim,GK,51,20,23-04-2005,350,Pro League,131798,NEOM SC,Saudi Arabia,1,11,6,12,28,10,17,12,22,23,27,44,39,43,16,54,7,7,21,31,9,10,11,51,49,52,51,52
73211,A. Smir,Alec Smir,GK,52,26,13-04-1999,39,Major League Soccer,111138,Minnesota United FC,United States,1,12,7,11,18,9,24,14,22,23,28,35,44,31,18,35,11,4,22,33,7,11,10,58,52,59,51,51
277279,R. Al Dawsari,Rayan Khalid Al Dossary,GK,50,21,01-07-2004,350,Pro League,112883,Al Khaleej,Saudi Arabia,1,14,6,13,29,5,18,17,23,31,36,44,35,32,19,38,14,5,23,26,5,14,11,48,50,47,50,51
76771,M. Al Yahya,Muhannad Al Yahya,GK,50,20,19-09-2004,350,Pro League,112390,Al Fateh,Saudi Arabia,1,10,9,10,21,14,18,10,26,26,28,30,37,50,16,62,7,4,22,23,9,14,13,54,45,49,53,54
78190,O. Al Thumayri,Osama Al Thumayri,GK,53,19,26-09-2005,350,Pro League,113057,Al Fayha,Saudi Arabia,1,14,7,15,17,8,22,15,21,17,26,37,33,31,27,30,9,10,36,32,7,12,13,54,56,44,50,56
